Date,actual_returns,arima_pred,arimax_pred,xgboost_pred,lstm_pred,gru_pred,ensemble_pred,upper_ci,lower_ci,garch_vol
2022-02-14,-0.0001975747703445,0.0001992898374569,-2.7136678300386188e-05,3.907558e-05,2.7727325e-05,-0.025252882,7.040957971883794e-05,0.011397591765098738,-0.011256772605661063,0.0057791745843775
2022-02-15,-0.0011368130919825,0.0001199913281632,0.0002159413857036,7.6589866e-05,1.5090042e-05,-0.025591645,0.0001375075266222667,0.011539198197696663,-0.01126418314445213,0.0058171891178951
2022-02-16,0.0020255923135547,0.0001949016035989,-0.0002136636836258,0.00012160943,-1.8147572e-05,-0.027441915,3.428244999103334e-05,0.011508934722073167,-0.011440369822091099,0.0058544144245317
2022-02-17,-0.0005677400396874,0.0001232778682712,-9.376732091081576e-05,5.3688564e-05,-2.5833544e-05,-0.027130911,2.7733037120128084e-05,0.011573844573762692,-0.011518378499522435,0.0058908732329809
2022-02-18,-7.407681769371944e-05,0.0001908953334243,0.0001486035982229,5.0291314e-05,-2.1460492e-05,-0.024651293,0.0001299300818824,0.011746041186078629,-0.011486181022313828,0.0059265872980593
2022-02-21,0.001307883266622,0.0001262014545397,-4.4877104133369134e-05,-2.2279686e-05,5.1399635e-05,-0.022464054,1.968155480211029e-05,0.011704373375755115,-0.011665010266150893,0.0059615774596699
2022-02-22,-0.0012338064489284,0.0001872339533409,-5.811246443543927e-05,5.3110307e-05,5.409816e-05,-0.023721807,6.074393196848691e-05,0.011812636778384055,-0.01169114891444708,0.0059958636971508
2022-02-23,-0.0003951397858386,0.0001287973154558,2.931544540499617e-05,4.121994e-05,7.379976e-06,-0.02460255,6.64442336202654e-05,0.011884195985334819,-0.011751307518094287,0.0060294651794462
2022-02-24,0.0003951397858388,0.0001838839881383,2.301785510476725e-05,2.0552116e-06,-2.608653e-05,-0.024420628,6.965235161435574e-05,0.011951956962133775,-0.011812652258905064,0.0060624003114895
2022-02-25,-0.0025216953212945,0.0001310972602113,0.0001743889510794,0.00012350081,1.02351105e-05,-0.023233121,0.00014299567376356668,0.012088581756971296,-0.01180259040944416,0.0060946867771468
2022-02-28,-0.0012632362816768,0.0001808152117274,-8.924964703434024e-05,0.00010597245,7.457803e-05,-0.022331381,6.584600489768659e-05,0.012073475499798446,-0.011941783490003074,0.006126341579031
2022-03-01,0.0045500709079876,0.0001331300105816,-5.724349039236399e-05,0.00012401883,5.1158695e-05,-0.02404969,6.663511672974534e-05,0.012135102024636048,-0.01200183179117656,0.0061573810754624
2022-03-02,-0.000765139305016,0.000178000331779,0.0001996006291394,8.870913e-05,-1.6786264e-05,-0.02453198,0.00015543669697279998,0.012283565886033134,-0.011972692492087532,0.0061878210148267
2022-03-03,-0.0049505051598562,0.0001349215005915,-6.192467598711889e-05,9.92141e-05,-5.2770592e-05,-0.024621308,5.740364153479371e-05,0.012244049713937888,-0.012129242430868301,0.0062176765675526
2022-03-04,0.0018097757595395,0.0001754147049714,-0.0002774874915989,0.0001689661,-4.288002e-05,-0.024094312,2.229777112416666e-05,0.01226634398870718,-0.012221748446458845,0.0062469623559097
2022-03-07,0.1195291029812294,0.0001364951470962,9.161860325889802e-06,0.00019098798,2.8262182e-06,-0.022041038,0.00011221499580736328,0.012412572260152415,-0.01218814226853769,0.0062756924818087
2022-03-08,-0.0006375798564871,0.0001730360798764,-0.0002472396075942,-0.0010173601,-5.0686464e-05,-0.02258427,-0.00036385454257259996,0.01199175134084974,-0.012719460425994939,0.0063038805527665
2022-03-09,0.1142040757065248,0.0001378720940989,0.0001566130273096,-4.355465e-05,-0.00039556736,-0.020552488,8.364349046949999e-05,0.012493461314591904,-0.012326174333652904,0.0063315397061849
2022-03-10,0.0005687891808816,0.0001708443648009,-0.0001427713530259,-0.0013871542,-0.00094394584,-0.017518649,-0.0004530270627416667,0.012009990896125922,-0.012916045021609254,0.0063586826320753
2022-03-11,0.0,0.0001390714333546,-0.0001822439195494,2.6185311e-05,-0.0019201126,-0.0012083891,-5.662391731599993e-06,0.012509567933199886,-0.012520892716663087,0.0063853215943528
2022-03-14,0.0663750689448725,0.0001688214181619,0.000461593838603,-0.00025226857,-0.002404064,0.019756729,0.0001260488955883,0.01269252705917198,-0.01244042926799538,0.006411468450808
2022-03-15,-0.0279087881170765,0.0001401104035629,0.0001578761449588,-0.0013079091,-0.0028111795,0.032929555,-0.0003366408504927667,0.012280143106349697,-0.012953424807335231,0.0064371346718584
2022-03-16,-0.0019074784582256,0.0001669508592079,0.0001214746533575,0.0004150618,-0.003047734,0.04091651,0.00023449577085513334,0.012900665232867743,-0.012431673691157477,0.0064623313581697
2022-03-17,0.0479985856584926,0.0001410045702265,0.0001339879097051,0.0005706847,-0.0031540124,0.046245515,0.00028189239331053334,0.01299654813748251,-0.012432763350861442,0.0064870692572306
2022-03-18,0.0089686699827602,0.0001652178971114,0.0003515794035118,-0.0006293149,-0.0028841118,0.04819057,-3.750586645893335e-05,0.012724757340297767,-0.012799769073215632,0.0065113587789575
2022-03-21,0.0176995770994007,0.0001417679880521,-5.296712018037691e-05,-0.00017944457,-0.005334949,0.047231995,-3.0214567376092312e-05,0.01277879705300575,-0.012839226187757936,0.0065352100103989
2022-03-22,-0.0088106296821548,0.0001636091766506,5.05875600883442e-05,-0.00046266904,-0.007663112,0.043541644,-8.282410108701859e-05,0.012772096048933488,-0.012937744251107526,0.0065586327296023
2022-03-23,0.0175443096509095,0.0001424133475894,3.5966770791297245e-05,0.00035710377,-0.01015986,0.03522783,0.0001784946294602324,0.01307850201011772,-0.012721512751197256,0.0065816364187028
2022-03-24,0.0172418064345059,0.000162112638868,-0.0001227324137384,-0.00012422123,-0.012733408,0.02872646,-2.8280334956800002e-05,0.012916011006567092,-0.012972571676480693,0.0066042302762877
2022-03-25,-0.008600985219336,0.0001429521076368,0.0001414843732348,-0.00019557549,-0.015451809,0.022298303,2.9620330290533345e-05,0.013017409859294782,-0.012958169198713714,0.0066264232290838
2022-03-28,0.0120139578155758,0.0001607173952551,4.32443379347916e-05,0.00059675437,-0.018161753,0.017194407,0.0002669053677299639,0.013297424296043088,-0.01276361356058316,0.0066482239430169
2022-03-29,0.008481815055909,0.0001433946147958,-1.103613093772119e-05,0.00039160633,-0.019471632,0.011044545,0.00017465493795269294,0.01324715097196667,-0.012897841096061284,0.0066696408336806
2022-03-30,-0.0067796869853788,0.0001594136141474,-5.137978509220125e-05,0.00030598845,-0.020717423,0.0038134663,0.0001380074263517329,0.013251744295815451,-0.012975729443111986,0.006690682076257
2022-03-31,0.0016992357529597,0.0001437502114215,0.0001956369342439,-0.00017427643,-0.021684289,-0.0008366434,5.5036905221800004e-05,0.013209293910468725,-0.013099220100025125,0.0067113556149219
2022-04-01,0.0097149655314802,0.000158192418147,0.0001090072221422,0.00010422564,-0.022585789,-0.0017517923,0.00012380842676306666,0.013317880003430307,-0.013070263149904173,0.006731669171769
2022-04-04,0.0,0.0001440273330951,-6.466416090803859e-05,-0.00017674605,-0.023845831,-0.0010813416,-3.246095927097953e-05,0.013200734341083502,-0.013265656259625462,0.0067516302552829
2022-04-05,0.0253178079842896,0.0001570457915007,4.01334120098014e-05,-0.00012673905,-0.023578774,-0.0031962853,2.348005117016713e-05,0.013295122541212605,-0.013248162438872273,0.006771246168389
2022-04-06,0.0322608622182213,0.0001442335966359,8.484069045131049e-05,-0.00056024955,-0.023236904,-0.006353497,-0.0001103917543042632,0.013199035317264086,-0.013419818825872612,0.0067905240161063
2022-04-07,0.0,0.0001559664964685,-7.073457765116401e-05,-0.0013058251,-0.023272635,-0.008266701,-0.0004068643937275547,0.012939698203414346,-0.013753426990869453,0.0068094707128275
2022-04-08,0.023530497410194,0.0001443758795709,2.5193562479439417e-05,-0.0005210005,-0.024001695,-0.008881218,-0.0001171436859832202,0.013265918572943448,-0.013500205944909888,0.0068280929892483
2022-04-11,0.0,0.0001549479978092,-4.788114663180994e-05,-0.0012792614,-0.025018688,-0.0070118764,-0.0003907315162742033,0.013028207385702685,-0.013809670418251093,0.0068463973989678
2022-04-12,-0.0006668889877035,0.0001444603918908,-6.964620283747784e-05,-0.00052219315,-0.025057156,-0.009123543,-0.00014912632031555926,0.013305078716248732,-0.013603331356879852,0.0068643903247777
2022-04-13,0.0,0.0001539843945955,-0.0001127600414629,-0.00055834616,-0.025285423,-0.010708781,-0.0001723739356224667,0.01331649891431133,-0.013661246785556263,0.0068820779846601
2022-04-14,0.016051807827183,0.0001444927408412,-2.544593046037309e-05,-0.00015482055,-0.02446719,-0.009058394,-1.1924579873057704e-05,0.013511029637644386,-0.013534878797390501,0.0068994664375089
2022-04-18,0.0226424767497596,0.000153070358647,-9.701853573476484e-05,-0.0002551237,-0.023011614,-0.0003721119,-6.63572923625883e-05,0.013490103421279495,-0.013622818006004673,0.0069165615885929
2022-04-19,0.0,0.0001444779894257,6.521573245204241e-05,-0.0010263111,-0.021292148,2.204115e-05,-0.0002722057927074192,0.01331719782904472,-0.013861609414459559,0.0069333691947715
2022-04-20,0.0,0.0001522010789395,-1.4693511882236456e-05,-0.00031116625,-0.020181213,4.6833833e-05,-5.7886227647578815e-05,0.01356390771653557,-0.01367968017183073,0.0069498948694812
2022-04-21,0.0,0.0001444207092301,-5.419679264426924e-06,-0.00029526424,-0.019008992,-0.0003097929,-5.208773667810898e-05,0.013601554674823851,-0.013705730148180068,0.006966144087501
2022-04-22,0.0,0.000151372211409,0.0002456933970065,-0.00012958213,-0.018236276,0.00087057013,8.916115947183334e-05,0.013774120650916726,-0.013595798331973058,0.0069821221895127
2022-04-25,0.0221411258772134,0.0001443250281198,0.0001137535108083,0.00031012055,-0.01736205,0.0015738728,0.00018939969630936667,0.013905155093778609,-0.013526355701159877,0.0069978343864639
2022-04-26,0.0358179623622971,0.0001505798336289,2.0532785790975036e-05,-0.0013051505,-0.015114819,-0.0035591763,-0.00037801262686004163,0.013368027470083099,-0.014124052723803182,0.0070132857637465
2022-04-27,-0.0141564655811178,0.0001441946733075,0.0001848254694368,-0.00014107495,-0.012718819,-0.00979762,6.264839758143334e-05,0.013838471716572062,-0.013713174921409195,0.0070284812851993
2022-04-28,0.0141846349919563,0.000149820403885,0.0001522623256886,0.0005096306,-0.011199611,-0.011358234,0.00027057110985786667,0.01407568567186791,-0.013534543452152176,0.0070434257969439
2022-04-29,-0.0020020026706728,0.0001440330102404,-4.1001450395535066e-05,0.00019978228,-0.009629818,-0.0074555427,0.00010093794661495499,0.013934861047497651,-0.01373298515426774,0.0070581240310626
2022-05-02,0.0,0.0001490907242241,0.0002848244953479,0.00074859447,-0.008894205,-0.003751398,0.000394169896524,0.014256427890413703,-0.013468088097365702,0.0070725806091274
2022-05-03,-0.0050651645524193,0.000143843077714,-9.082959663045594e-05,0.00060050096,-0.0072355284,-0.0026086697,0.00021783814702784802,0.014107966236375427,-0.013672289942319732,0.0070868000455855
2022-05-04,0.0484523833859467,0.0001483879070876,-6.956164191912278e-05,0.0002960497,-0.005262306,-0.0020405704,0.00012495865505615907,0.014042500687036542,-0.013792583376924225,0.0071007867510104
2022-05-05,-0.0273989741881143,0.0001436276195766,0.0001904079964263,6.226601e-05,-0.003947029,-0.0011562618,0.00013210054200096666,0.014076608811040399,-0.013812407727038466,0.0071145450352242
2022-05-06,0.0137933221323356,0.0001477093451851,-6.75290680543912e-05,0.00028252092,-0.003939186,0.00035210428,0.00012090039904356959,0.014091935455228237,-0.013850134657141099,0.0071280791102983
2022-05-09,-4.109673487013655e-05,0.0001433891133572,6.260729962711078e-05,0.00037060844,-0.003883999,0.004558813,0.00019220161766143691,0.01418933208079835,-0.013804928845475475,0.0071413930934372
2022-05-10,4.109673487018143e-05,0.0001470526842911,7.280675784064376e-05,0.00047922402,-0.0024490473,0.004234918,0.00023302782071058125,0.014255830199825481,-0.013789774558404319,0.0071544910097525
2022-05-11,0.0136056520557785,0.0001431297961145,-0.0001214647878173,0.00029291748,-0.0005594063,0.005592034,0.0001048608294324,0.014152919347495983,-0.013943197688631184,0.0071673767949304
2022-05-12,-0.0273989741881143,0.0001464157986824,0.0002825250309052,0.00044314333,0.0011010409,0.008062798,0.00029069471986253333,0.014363601143550927,-0.01378221170382586,0.0071800542978002
2022-05-13,-0.002002002670673,0.0001428516877772,0.0001209478342357,0.00045609384,0.0017253273,0.010358808,0.0002399644540043,0.014337317928304843,-0.013857389020296243,0.0071925272828064
2022-05-16,0.002002002670673,0.0001457967689596,-0.0001570449667414,0.0002959533,0.0023066904,0.01657158,9.49017007394e-05,0.014216308588222624,-0.014026505186743823,0.0072047994323894
2022-05-17,0.0,0.0001425566122186,0.0002078224065651,0.0005767925,0.0049977084,0.019065881,0.0003090571729279,0.01445413089751611,-0.013836016551660313,0.0072168743492797
2022-05-18,-0.000388964525783,0.0001451938620211,2.06835215590453e-05,0.00027693112,0.007221196,0.021148684,0.0001476028345267151,0.014315963729596355,-0.014020758060542924,0.007228755558709
2022-05-19,-0.0003057211568953,0.0001422462162859,-0.0002134295470804,-0.00013178673,0.007109171,0.023851098,-6.765668693150001e-05,0.01412361847372886,-0.01425893184759186,0.007240446510541
2022-05-20,-0.0006951686063758,0.0001446055129813,1.6130609443112644e-05,0.00015076312,0.006365535,0.025750881,0.00010383308080813755,0.014317656220211214,-0.014109990058594939,0.0072519505813281
2022-05-23,0.0,0.0001419219869827,-9.947820570131702e-05,-0.00036525718,0.005317857,0.027366718,-0.00010760446623953901,0.014128406843296897,-0.014343615775775975,0.0072632710762941
2022-05-24,0.0069300346646696,0.0001440303088429,-0.0002423129645149,-8.227364e-05,0.0052729216,0.023052553,-6.018543189066666e-05,0.014197660581356785,-0.014318031445138117,0.0072744112312487
2022-05-25,0.0006903693750206,0.0001415852669829,6.821894695822692e-06,-0.00032422517,0.0046592727,0.018370904,-5.860600277375911e-05,0.014220727457519036,-0.014337939463066555,0.0072853742144351
2022-05-26,-0.0006903693750207,0.000143466973755,-0.0001034026782652,-5.361388e-05,0.0038167792,0.016208893,-4.516528170066665e-06,0.014295963203326354,-0.014304996259666487,0.0072961631283145
2022-05-27,-2.762469095055644e-05,0.0001412372686401,-0.0001330352699688,8.252903e-05,0.0030213052,0.016504008,3.0243676223766668e-05,0.014351534458352952,-0.014291047105905418,0.0073067810112904
2022-05-30,-0.0055125556846648,0.0001429143557015,1.5603316821757183e-05,7.248185e-05,0.0022079654,0.017524833,7.699984084108574e-05,0.014418772286013145,-0.014264772604330974,0.0073172308393735
2022-05-31,-0.0013898542890542,0.000140879086636,4.08099441151316e-05,0.00027065465,0.0023108707,0.020378785,0.00015078122691704386,0.014512711661390735,-0.014211149207556648,0.0073275155277927
2022-06-01,0.0,0.0001423714144815,-9.53752787004896e-05,8.987016e-07,0.0021995206,0.02456505,1.5964945793670136e-05,0.014397735293593825,-0.014365805402006486,0.0073376379325511
2022-06-02,-0.0027855171214262,0.000140511709402,-0.0001635820639089,-9.365324e-06,0.0021648372,0.028140472,-1.0811892835633334e-05,0.014390485776951087,-0.014412109562622353,0.007347600851932
2022-06-03,0.0137956147874712,0.0001418372108564,0.0001324434927925,9.4455536e-05,0.0017443375,0.030172387,0.00012291207988296667,0.01454342985467555,-0.014297605694909617,0.0073574070279554
2022-06-06,-0.0110100976660448,0.000140136029432,-6.333014329716103e-05,0.00016941184,0.0013584486,0.03291105,8.207257537827966e-05,0.014521508505041978,-0.014357363354285417,0.0073670591477876
2022-06-07,-0.0027855171214262,0.000141310896751,-0.0002212509640178,3.2630447e-05,0.001715256,0.03840611,-1.576987342226667e-05,0.014442287422983924,-0.014473827169828458,0.0073765598451052
2022-06-08,0.0041753714104804,0.0001397528525937,3.50994560429705e-05,8.68298e-05,0.0014520899,0.040749155,8.722736954555682e-05,0.014563614304322289,-0.014389159565231176,0.0073859117014167
2022-06-09,0.0,0.0001407917064042,-4.5457343146732134e-07,0.00021555177,0.0012524112,0.040742457,0.00011862963432424422,0.014613059439113387,-0.014375800170464898,0.0073951172473414
2022-06-10,0.0,0.000139362906537,-0.0002221601935834,8.625606e-07,0.0010803201,0.040955976,-2.7311575482133328e-05,0.014484879193662299,-0.014539502344626564,0.0074041789638492
2022-06-13,-0.002002002670673,0.0001402789483804,0.0001902355509744,0.00026629365,0.00047815184,0.041477658,0.00019893604978493334,0.01472861064536869,-0.014330738545798824,0.0074130992834611
2022-06-14,0.002002002670673,0.0001389668482859,1.1451620872905818e-05,9.2636445e-05,0.00052441226,0.047550973,8.101830471960194e-05,0.014627904263890453,-0.014465867654451249,0.0074218805914137
2022-06-15,0.0055401803756152,0.0001397719983551,-0.0003302764773688,0.00047583884,0.0009275644,0.05113052,9.511145366210001e-05,0.014658940898165404,-0.014468717990841205,0.0074305252267874
2022-06-16,0.0,0.000138565271093,0.0001332008463937,0.000118682015,0.0009886306,0.050589487,0.00013014937749556666,0.014710658925353526,-0.014450360170362391,0.007439035483601
2022-06-17,-0.0083218233374922,0.0001392702926008,7.009669987533991e-05,0.00065435097,0.00066996383,0.05105679,0.0002879059874920466,0.014884836666762538,-0.014309024691778445,0.0074474136118727
2022-06-20,0.0027816429618766,0.0001381587106296,-0.0001777237670722,0.00090110925,0.00029783265,0.053216815,0.00028718139785246664,0.014900278562406662,-0.014325915766701728,0.0074556618186501
2022-06-21,0.0,0.0001387733221059,-0.000179808061878,0.00095080305,0.000532556,0.05993426,0.00030325610340929996,0.014932269350668312,-0.014325757143849711,0.0074637822690097
2022-06-22,-0.0027816429618768,0.0001377476505747,-5.968463100543191e-06,0.00055097585,0.00086018565,0.062030286,0.0002275850124913856,0.01487226810306352,-0.01441709807808075,0.0074717770870266
2022-06-23,0.0,0.0001382806272638,-2.131204468835404e-05,0.0006306064,0.00054954225,0.06252807,0.000249191660858482,0.014909302440022037,-0.014410919118305074,0.0074796483567161
2022-06-24,0.0,0.0001373325276608,-4.630750938761456e-05,0.00039790693,-0.0007658433,0.061883915,0.0001629773160910618,0.014838277637069729,-0.014512323004887607,0.0074873981229483
2022-06-27,-0.0027894020875784,0.0001377917930773,-0.0001039569860982,0.0003738852,-0.0023709226,0.061393388,0.00013590666899303334,0.014826162317972376,-0.01455434897998631,0.0074950283923364
2022-06-28,0.0,0.0001369137362311,2.4144591906783076e-05,0.00037028317,-0.0028639333,0.06387369,0.00017711383271262768,0.014882094455546667,-0.014527866790121411,0.007502541134099
2022-06-29,0.0,0.0001373064448292,-8.540881051159163e-05,0.0003755477,-0.0030689125,0.06231045,0.00014248177810586944,0.014861960808668105,-0.014576997252456366,0.0075099382808991
2022-06-30,0.0,0.0001364916323538,-1.51199918220862e-05,0.00039790693,-0.003522602,0.06001242,0.00017309285684390457,0.014906847446974368,-0.014560661733286559,0.0075172217296584
2022-07-01,0.0166208812360402,0.0001368242441726,-6.661475160015798e-05,0.00039790693,-0.004349928,0.058066808,0.00015603880752414732,0.014903849758529951,-0.014591772143481656,0.0075243933423499
2022-07-04,-0.0110498361865849,0.0001360665375366,-8.602723101401573e-05,0.00039599146,-0.0064567155,0.058561936,0.00014867692217419476,0.014910328617838886,-0.014612974773490496,0.0075314549467677
2022-07-05,0.0110498361865849,0.0001363448856005,0.0001871781948581,0.00054395245,-0.0074140164,0.06229373,0.0002891585101528667,0.01506443885121363,-0.014486121830907896,0.0075384083372759
2022-07-06,-0.0110498361865849,0.0001356387420817,4.349377643600955e-05,0.000582045,-0.008178855,0.064616024,0.00025372583950590316,0.015042426179559207,-0.0145349745005474,0.0075452552755374
2022-07-07,0.0131081559527394,0.0001358680932589,-0.0001019851890502,0.00082771905,-0.00888164,0.066652715,0.00028720065140290003,0.015089115734198804,-0.014514714431393004,0.0075519974912224
2022-07-08,-0.0131081559527392,0.0001352085081144,0.0001579561313791,0.00094786356,-0.010021224,0.0683124,0.0004136760664978333,0.015228603964585913,-0.014401251831590247,0.007558636682698
2022-07-11,-0.0041753714104806,0.0001353936180679,9.411649644821216e-05,0.00090714474,-0.011903372,0.07057716,0.0003788849515053707,0.015206627006196193,-0.014448857103185452,0.0075651745176994
2022-07-12,-0.0026114962507168,0.0001347760723181,-2.8565475435041808e-05,0.00089003803,-0.012461773,0.07479832,0.00033208287562768606,0.015172443638234365,-0.014508277886978994,0.007571612633983
2022-07-13,0.0219491154008749,0.0001349212351239,-0.0001357079068574,0.0008246711,-0.0122908745,0.07495747,0.00027462814275550003,0.015127415317082785,-0.014578159031571784,0.0075779526399629
2022-07-14,-0.0151622477396774,0.0001343416484033,7.281457046066093e-05,0.00026511305,-0.012314632,0.07422479,0.0001574230896213203,0.015022447475667337,-0.014707601296424695,0.0075841961153296
2022-07-15,-2.7778163587346378e-05,0.0001344507413522,-3.6730903518003845e-05,0.00056990166,-0.013252464,0.07563617,0.0002225404992780654,0.015099615938119513,-0.014654534939563382,0.0075903446116538
2022-07-18,2.77781635873015e-05,0.0001339054293378,-0.0001769832051694,0.00041854338,-0.014234029,0.0779256,0.00012515520138946668,0.015014098521217526,-0.014763788118438594,0.0075963996529735
2022-07-19,-2.7778163587346378e-05,0.0001339819533888,4.524473847974624e-05,0.00048983743,-0.014181756,0.07976515,0.0002230213739561821,0.01512365233723511,-0.014677609589322745,0.0076023627363668
2022-07-20,0.0,0.00013346758936,-1.5452465292660453e-05,0.0005278577,-0.014016665,0.079370566,0.00021529094135577985,0.015127432193074204,-0.014696850310362644,0.0076082353325094
2022-07-21,2.77781635873015e-05,0.000133514705667,-0.000222952925916,0.00026035449,-0.0141024515,0.07845318,5.697208991700001e-05,0.014980449106904868,-0.014866504927070869,0.0076140188862183
2022-07-22,0.0,0.0001330282857963,-0.0001568999916047,0.0002605834,-0.014589872,0.07737638,7.890389806386668e-05,0.015013544939347997,-0.014855737143220265,0.0076197148169817
2022-07-25,-0.0013898542890542,0.0001330488486902,-1.4953367611396162e-06,0.00031080723,-0.015864912,0.076518126,0.00014745358064302013,0.015093089638815588,-0.014798182477529547,0.0076253245194758
2022-07-26,0.0,0.0001325876607033,-0.0002464044728601,0.00060890976,-0.01610331,0.07830834,0.00016503098261440001,0.015121495736188267,-0.014791433770959468,0.0076308493640683
2022-07-27,0.0138123742876112,0.0001325842474721,-0.0002291731047444,0.00018043483,-0.015977226,0.07710477,2.7948657575900006e-05,0.014995078424302323,-0.014939181109150523,0.0076362906973094
2022-07-28,-0.0152041629604338,0.0001321458423492,-0.0002229897672937,-1.7232001e-05,-0.01620983,0.074529946,-3.6025308648166664e-05,0.014941608382477982,-0.015013658999774315,0.0076416498424113
2022-07-29,0.0110666715770247,0.0001321207801279,-0.0001399896318664,0.0001644003,-0.017421586,0.07272668,5.21771494205e-05,0.015040156224862489,-0.014935801926021487,0.0076469280997153
2022-08-01,-0.0083266961498942,0.0001317029465525,-0.0002829915691101,-0.00036536562,-0.018926278,0.07088007,-0.00017221808085253332,0.014825950343557742,-0.015170386505262808,0.0076521267471481
2022-08-02,-0.0027399754271305,0.0001316583366033,-0.0002043196466716,0.0002731002,-0.01946426,0.070341714,6.681296331056666e-05,0.015075017163016319,-0.014941391236395186,0.0076572470406662
2022-08-03,0.0,0.0001312590778904,-0.0001960962640031,-5.477039e-05,-0.019661097,0.06761182,-3.986919203756667e-05,0.014978219628756204,-0.015057958012831336,0.0076622902146907
2022-08-04,0.0,0.0001311968175259,-0.0003452360114122,-3.9109316e-05,-0.019808503,0.064087525,-8.438283662876666e-05,0.014943441829131602,-0.015112207502389136,0.0076672574825308
2022-08-05,0.0165749650942126,0.0001308143307897,1.7160786897458928e-05,9.16245e-05,-0.02049041,0.06025249,7.986653922905297e-05,0.01511728061135235,-0.014957547532894242,0.0076721500367976
2022-08-08,-0.0165749650942126,0.0001307361331683,-0.0002478189177605,-0.0003516441,-0.021489393,0.057733804,-0.00015624229486406666,0.01489061704275981,-0.015203101632487942,0.0076769690498081
2022-08-09,0.0110804457765719,0.0001303687905122,-0.0003077472328149,0.00019680668,-0.021775799,0.059112847,6.476079232433338e-06,0.015062638800232842,-0.015049686641767975,0.0076817156739798
2022-08-10,-1.3774199547018351e-05,0.0001302762025122,-2.384426311369481e-05,-0.00032083996,-0.02195707,0.05717675,-7.146934020049827e-05,0.014993857102542273,-0.01513679578294327,0.0076863910422157
2022-08-11,-0.0082850286151479,0.0001299225340439,-0.0002431813573718,-0.00026962828,-0.02235133,0.055431098,-0.00012762903444263332,0.014946723651387344,-0.01520198172027261,0.0076909962682806
2022-08-12,0.0,0.0001298169524029,-0.0002163380309625,-0.00022397022,-0.023234952,0.05642531,-0.00010349709951986666,0.014979746496930981,-0.015186740695970716,0.0076955324471688
2022-08-15,0.0,0.0001294756308987,-3.6411551953467226e-05,-0.00016475932,-0.024247983,0.056500845,-2.389841368492241e-05,0.015068102871022752,-0.015115899698392598,0.0077000006554631
2022-08-16,0.0,0.0001293583167863,-0.0001128156081825,-0.00015845874,-0.02411108,0.05766627,-4.730534379873333e-05,0.015053322481505042,-0.015147933169102509,0.0077044019516856
2022-08-17,0.0,0.0001290281438434,-0.0001502229206124,-0.00019269626,-0.023343569,0.056921236,-7.129701225633334e-05,0.015037828245959832,-0.015180422270472498,0.0077087373766409
2022-08-18,0.0,0.0001289002360193,3.85673519054703e-06,2.2655546e-05,-0.022847619,0.055004057,5.1804172403282345e-05,0.015169299761754457,-0.015065691416947894,0.0077130079537506
2022-08-19,-0.0027816429618768,0.0001285801295526,-7.682612791613168e-05,0.00018371161,-0.022582127,0.054043695,7.84885372121561e-05,0.015204229328400092,-0.015047252253975778,0.0077172146893816
2022-08-22,0.0027816429618766,0.0001284426562479,7.067044711783082e-07,0.0005340016,-0.022664553,0.05388453,0.00022105032023969273,0.015354913123644858,-0.014912812483165472,0.0077213585731659
2022-08-23,-0.0013898542890542,0.0001281316392001,-0.0001872089982241,0.00041725437,-0.021648752,0.05515486,0.00011939233699200002,0.015261255870486459,-0.01502247119650246,0.0077254405783135
2022-08-24,0.0,0.0001279855288453,-8.855846630049171e-05,0.00016564113,-0.020606542,0.05431157,6.835606418160276e-05,0.015218100921542842,-0.015081388793179636,0.007729461661919
2022-08-25,-0.0013917886728223,0.0001276827189926,-0.0001265784371012,0.0005100884,-0.020077776,0.052934576,0.0001703975606304667,0.015327906180541634,-0.014987111059280701,0.0077334227652608
2022-08-26,0.0027816429618766,0.0001275288099043,-0.0001117129550579,0.0006690483,-0.02000617,0.052825816,0.00022828805161546667,0.015393444687239119,-0.014936868584008185,0.0077373248140937
2022-08-29,0.0,0.0001272334106522,-0.0001761867714087,0.00067107216,-0.020218244,0.052941177,0.00020737293308116666,0.015380063622194354,-0.01496531775603202,0.0077411687189353
2022-08-30,-4.166753474627448e-05,0.0001270724597794,-0.0001511760918587,0.00058288826,-0.019545348,0.055299085,0.00018626154264023335,0.015366374078319766,-0.0149938509930393,0.0077449553753467
2022-08-31,2.777854940594347e-05,0.0001267837518512,3.433568353684838e-05,0.0006222217,-0.01894395,0.054900717,0.0002611137117960161,0.015448537613639188,-0.014926310190047155,0.0077486856642057
2022-09-01,1.3888985340488076e-05,0.0001266164426731,-0.0001078251119367,0.00070002105,-0.018521717,0.054673124,0.00023960412691213331,0.015434230612784702,-0.014955022358960436,0.0077523604519758
2022-09-02,0.0,0.0001263337766054,-0.0001290520126188,0.0007752424,-0.018460615,0.054568484,0.0002575080546622,0.015459230012959676,-0.014944213903635276,0.0077559805909681
2022-09-05,0.0,0.0001261607262625,-8.916002977063033e-05,0.00073870394,-0.018848045,0.05510501,0.0002585682121639565,0.015467280174577214,-0.0149501437502493,0.0077595469195986
2022-09-06,0.0,0.0001258835156292,-3.332755767999885e-05,0.00073163235,-0.018747356,0.057620876,0.000274729435983067,0.015490327550755311,-0.014940868678789177,0.0077630602626389
2022-09-07,0.0110498361865849,0.0001257052813619,-0.0003228498879037,0.00066106115,-0.01830162,0.058482837,0.0001546388478194,0.015377020853487076,-0.015067743157848276,0.0077665214314631
2022-09-08,-0.0110498361865849,0.0001254329966557,-0.0001142597760772,0.0005909718,-0.01824601,0.058884677,0.0002007150068595,0.015429780206463782,-0.015028350192744783,0.0077699312242879
2022-09-09,-1.388898534037588e-05,0.0001252500816184,-0.0001750909521409,0.0005810451,-0.018860033,0.06006128,0.0001770680764925,0.01541271731225414,-0.01505858115926914,0.007773290426409
2022-09-12,0.0124364089838976,0.0001249822447263,-0.0003278867178219,0.00046863474,-0.019839922,0.061817754,8.85767556348e-05,0.015330712384081128,-0.015153558872811529,0.0077765998104318
2022-09-13,0.0023976719826972,0.0001247951032369,2.290651594994737e-06,0.0006299679,-0.019920528,0.06304295,0.00025235121827729825,0.01550087708581181,-0.014996174649257213,0.0077798601364972
2022-09-14,-0.0065213891665591,0.0001245312824518,-0.0002173673514007,0.0007570394,-0.019821055,0.062899545,0.00022140111035036665,0.015476222529257814,-0.01503342030855708,0.0077830721525038
2022-09-15,0.0065213891665591,0.0001243403247319,-5.7742736990707696e-05,0.00070920086,-0.020064404,0.06332372,0.00025859948258039745,0.015519623207455044,-0.01500242424229425,0.0077862365943238
2022-09-16,-0.0037703557946692,0.0001240801302483,-9.92485028001779e-05,0.0009694879,-0.020599892,0.062910296,0.00033143984248270735,0.015598574047075047,-0.014935694362109632,0.0077893541860165
2022-09-19,-0.0013745706631664,0.0001238857267033,-0.0001769300414901,0.0006476408,-0.021353709,0.06380269,0.00019819882840439997,0.015471353082873588,-0.015074955426064787,0.0077924256400353
2022-09-20,0.0041180566089175,0.0001236288065506,9.823949629924282e-05,0.0006175354,-0.021558665,0.06576388,0.00027980123428328097,0.015558886482850982,-0.014999284014284419,0.0077954516574325
2022-09-21,-0.0137933221323358,0.0001234312916339,-0.0002898042882354,0.0006391838,-0.021171173,0.06568218,0.00015760360113283335,0.015442532140127297,-0.01512732493786163,0.0077984329280584
2022-09-22,0.0110498361865849,0.0001231773280039,-0.0001656719463639,0.0006159211,-0.021014597,0.065348774,0.00019114216054666664,0.015481827616830974,-0.015099543295737641,0.0078013701307573
2022-09-23,-1.3736358079579312e-05,0.0001229770037069,1.5958201374104917e-05,0.0006472794,-0.021019766,0.06377149,0.0002620715350270016,0.015558428844803032,-0.01503428577474903,0.0078042639335592
2022-09-26,1.3736358079556871e-05,0.0001227257096379,-0.0001470305233043,0.0005400974,-0.021111842,0.06359196,0.00017193086211120004,0.015473876250092089,-0.015130014525869687,0.0078071149938678
2022-09-27,0.0,0.0001225228486406,-0.0002069367900999,0.0005132929,-0.020231003,0.06600256,0.0001429596528469,0.015450410611790316,-0.015164491306096517,0.0078099239586446
2022-09-28,0.0,0.0001222739650235,-0.0001905544778276,0.00064437604,-0.019236753,0.06566732,0.00019203184239863333,0.015504907112993857,-0.01512084342819659,0.0078126914645894
2022-09-29,0.0041124115530924,0.0001220688135393,-6.873895074413128e-05,0.0005413503,-0.019015655,0.06495002,0.0001982267209317229,0.015516446272034218,-0.015119992830170771,0.0078154181383176
2022-09-30,-0.0152039152744237,0.0001218221064146,-0.000226218358583,0.00063999096,-0.019295976,0.0642745,0.0001785315692772,0.015502016578482075,-0.015144953439927677,0.0078181045965331
2022-10-03,0.0165709694859567,0.0001216148867593,-0.0005867947432721,0.0009975935,-0.019795155,0.06512181,0.00017747121449573333,0.015506144049045968,-0.0151512016200545,0.0078207514461991
2022-10-04,0.0,0.0001213701448754,-0.0003548524897944,0.00032350476,-0.020500096,0.06692659,3.0007471693666683e-05,0.015363791669714095,-0.01530377672632676,0.0078233592847043
2022-10-05,0.0,0.0001211610577868,-0.0001948037895525,0.00058511697,-0.020882407,0.06650458,0.0001704914127447667,0.015509311664796707,-0.015168328839307172,0.0078259287000265
2022-10-06,0.0,0.0001209180903965,-0.000435541351937,0.00091501145,-0.021597527,0.06766991,0.00020012939615316668,0.01554391152710384,-0.015143652734797508,0.0078284602708932
2022-10-07,-1.3661295500889556e-05,0.0001207073171286,-0.0002935741610762,0.0009206615,-0.022331044,0.06811946,0.0002492648853508,0.015597935836550456,-0.015099406065848855,0.0078309545669386
2022-10-10,1.3661295500934432e-05,0.0001204659519986,-4.34163416973149e-05,0.00077472435,-0.023447882,0.06885259,0.0002839246534337617,0.01563741246519564,-0.015069563158328116,0.0078334121488581
2022-10-11,0.0013651879253399,0.0001202536562128,-0.0002076563142369,0.0007833982,-0.023653815,0.07289751,0.00023199851399196666,0.015590232308367999,-0.015126235280384067,0.0078358335685592
2022-10-12,-0.0041011677442145,0.0001200137378269,-0.0001377401556092,0.0007712307,-0.02328537,0.073670395,0.0002511680940725667,0.015614078057920363,-0.015111741869775229,0.0078382193693101
2022-10-13,0.0,0.0001198000672997,-4.472075762661465e-06,0.0008125639,-0.02319385,0.07350699,0.00030929729717901283,0.015676814665513614,-0.015058220071155587,0.007840570085885
2022-10-14,0.0054644944720786,0.0001195614552361,-6.941910042168619e-05,0.00091374654,-0.023443595,0.07425561,0.00032129629827147126,0.01569335333789817,-0.015050760741355229,0.0078428862447075
2022-10-17,0.0,0.0001193465434005,-0.0002857409345247,0.0007979148,-0.023755793,0.075892314,0.00021050680295859998,0.015587036796378413,-0.015166023190461213,0.0078451683639897
2022-10-18,0.0,0.000119109110867,-0.0001856029296387,0.00066808454,-0.0230771,0.07896078,0.00020053024040943333,0.015581467469995808,-0.015180406989176942,0.0078474169538706
2022-10-19,0.0,0.000118893078205,4.183456968745363e-05,0.0006816133,-0.022579681,0.08026794,0.00028078031596415117,0.01566606004840274,-0.015104499416474435,0.0078496325165503
2022-10-20,0.0,0.0001186567107157,-0.0002694709428904,0.0007810249,-0.022278277,0.0821791,0.00021007022260843334,0.015599628693596925,-0.01517948824838006,0.0078518155464227
2022-10-21,0.0,0.0001184396660155,-0.0003616844314388,0.00054179603,-0.022090804,0.08427207,9.951708819223332e-05,0.015493291487394034,-0.015294257311009567,0.007853966530205
2022-10-24,-0.0040955688647369,0.0001182042601966,-5.872691428627041e-05,0.0005501446,-0.022605402,0.08410105,0.00020320731530344322,0.015601135771552019,-0.015194721140945132,0.0078560859470656
2022-10-25,-0.0013689256073417,0.000117986301687,-0.0002496977475966,0.00042448254,-0.022253968,0.08630377,9.75903646968e-05,0.015499611931444645,-0.015304431202051045,0.0078581742687489
2022-10-26,0.0,0.0001177517641984,-0.0004529514513746,0.000738475,-0.021508235,0.08571306,0.00013442510427460002,0.01554047974528268,-0.01527162953673348,0.007860231959698
2022-10-27,0.0013689256073417,0.0001175329805742,-0.000192142637732,0.0004194951,-0.02097453,0.08133449,0.00011496181428073334,0.01552499038954432,-0.015295066760982853,0.0078622594771753
2022-10-28,0.0,0.0001172992271353,-0.000192753179751,0.00045227492,-0.020935968,0.07714067,0.0001256069891281,0.01553955124103486,-0.01528833726277866,0.007864257271381
2022-10-31,0.0040955688647369,0.0001170796984826,-0.0002447961942352,0.00033221472,-0.021236118,0.07372817,6.816607474913334e-05,0.015485968614464178,-0.015349636464965911,0.0078662257855689
2022-11-01,0.0,0.0001168466529931,-0.000321302676705,0.00038702847,-0.019912565,0.073851965,6.085748209603333e-05,0.015482461776170416,-0.01536074681197835,0.0078681654561604
2022-11-02,0.001361470598321,0.0001166264516247,-6.165179408815948e-05,0.00040637594,-0.018776763,0.07168803,0.00015378353251218016,0.015579133889711506,-0.015271566824687147,0.0078700767128568
2022-11-03,-0.0081967672041785,0.0001163940453707,-0.0001426849956156,0.00050464313,-0.018352745,0.068911664,0.00015945072658503332,0.015588492284932682,-0.015269590831762615,0.0078719599787488
2022-11-04,0.0,0.0001161732365807,-0.000605184302331,0.0002963147,-0.018401295,0.06716233,-6.423212191676666e-05,0.01536844659211584,-0.015496910835949375,0.0078738156704248
2022-11-07,0.0027397277411201,0.0001159414075177,-0.0001142787276443,0.00025996898,-0.019298939,0.0641222,8.721055329113333e-05,0.015523473181520682,-0.015349052074938413,0.0078756441980763
2022-11-08,0.0054570394630581,0.0001157200502628,-0.0004338182770369,0.0003821856,-0.018910592,0.062851146,2.136245774196665e-05,0.015461156550323062,-0.015418431634839129,0.0078774459656026
2022-11-09,0.0027173929764998,0.0001154887423683,-0.0005453963068735,0.00042416932,-0.018798063,0.06269793,-1.912748168400009e-06,0.015441361138427905,-0.015445186634764706,0.0078792213707124
2022-11-10,-0.0027173929764998,0.0001152668898828,-0.0004603651572954,0.00038747423,-0.019407097,0.06064252,1.4125320862466655e-05,0.015460828098710683,-0.015432577456985749,0.0078809708050246
2022-11-11,-0.0054570394630581,0.0001150360525719,-0.0006022424423397,0.00030010953,-0.02100448,0.0616364,-6.23656199226e-05,0.015387715902244525,-0.015512447142089724,0.0078826946541669
2022-11-14,0.0054570394630581,0.0001148137529231,-0.0002372266033534,0.00034306906,-0.023667898,0.060627896,7.355206985656667e-05,0.015526962933685492,-0.01537985879397236,0.0078843932978719
2022-11-15,0.0,0.0001145833405207,-0.0006344123365381,0.0003073618,-0.024387078,0.06373558,-7.082239867246668e-05,0.0153858691370712,-0.015527513934416133,0.0078860671100733
2022-11-16,0.0,0.0001143606371106,-0.0003086604799578,0.00020550459,-0.025356162,0.06355004,3.7349157175999934e-06,0.01546365917535466,-0.01545618934391946,0.0078877164589985
2022-11-17,0.0,0.0001141306083749,-0.0002615513043214,0.00021656371,-0.026500167,0.064051,2.304767135116666e-05,0.015486157417581553,-0.015440062074879218,0.0078893417072604
2022-11-18,0.0,0.0001139075403927,-0.0002651978367822,0.00020550459,-0.028019158,0.06338793,1.807143120349999e-05,0.015484320126621777,-0.015448177264214777,0.0078909432119481
2022-11-21,0.0,0.0001136778580848,-0.0001863642489529,0.00025437918,-0.02961819,0.061453983,6.056426304396666e-05,0.015529906059485562,-0.01540877753339763,0.0078925213247151
2022-11-22,-0.0054570394630581,0.000113454460916,-0.000204968524731,0.00025402982,-0.029305402,0.06355548,5.417191872833333e-05,0.01552656164678589,-0.015418217809329223,0.0078940763918661
2022-11-23,0.0081744324395581,0.0001132250914114,-0.0002446705278468,0.0002646914,-0.02898664,0.06402059,4.4415321188199986e-05,0.015519808479896285,-0.015430977837519885,0.0078956087544429
2022-11-24,-0.0027173929764998,0.0001130013970072,-0.0002238671010397,9.625054e-05,-0.028867785,0.062623166,-4.871721344166669e-06,0.015473481025340297,-0.01548322446802863,0.0078971187483084
2022-11-25,0.0027173929764998,0.0001127723099451,-0.0002748253242347,0.0002663539,-0.029240398,0.060761187,3.4766961903466674e-05,0.015516036102192111,-0.015446502178385177,0.0078986067042289
2022-11-28,-0.0027173929764998,0.0001125483471552,-0.0002607738984403,0.0003606456,-0.029983914,0.059383612,7.080668290496665e-05,0.015554949660897158,-0.015413336295087225,0.0079000729479552
2022-11-29,0.0027173929764998,0.0001123195151215,-0.0003578124207728,0.00023111647,-0.028957872,0.06269133,-4.792145217099991e-06,0.015482182743375997,-0.015491767033810198,0.0079015178003026
2022-11-30,0.0,0.0001120953099956,-0.0003784268663821,0.00035109234,-0.028010966,0.063491635,2.8253594537833318e-05,0.015518019085906673,-0.015461511896831008,0.007902941577229
2022-12-01,0.0,0.0001118667082372,-0.0003772177351078,0.00026396857,-0.027667254,0.06252166,-4.608189568666558e-07,0.01549205457727085,-0.015492976215184584,0.0079043445899121
2022-12-02,-0.0027173929764998,0.0001116422842965,-0.0003073639813404,0.00025323473,-0.02818212,0.059590437,1.9171010985366652e-05,0.015514396214841974,-0.01547605419287124,0.0079057271448248
2022-12-05,0.0,0.0001114138904628,-0.00024767476106,0.00022147888,-0.02922093,0.055839464,2.8406003134266672e-05,0.015526301509001476,-0.015469489502732942,0.0079070895438098
2022-12-06,0.0,0.0001111892689456,-0.0005137107826999,0.00031096383,-0.028218308,0.0570936,-3.051922791810002e-05,0.015470007657020994,-0.015531046112857196,0.0079084320841526
2022-12-07,0.0,0.0001109610628552,-0.0003486212452225,0.00026277592,-0.02713037,0.056359436,8.371912544233339e-06,0.015511491827504898,-0.015494748002416433,0.0079097550586534
2022-12-08,0.0,0.0001107362629384,-0.0001620208359116,0.00031801133,-0.026671836,0.051813122,8.890891900893335e-05,0.015594584080176032,-0.015416766242158165,0.0079110587556975
2022-12-09,0.0,0.0001105082263689,-0.0003323509250177,0.00024328392,-0.026769899,0.04815689,7.147073783733337e-06,0.015515340254061321,-0.015501046106493855,0.0079123434593253
2022-12-12,0.0,0.000110283265368,-0.0002934979305431,0.00027846108,-0.02729923,0.045621194,3.174880494163332e-05,0.015542423325569437,-0.01547892571568617,0.0079136094492999
2022-12-13,-0.0054570394630581,0.0001100553818657,-0.0004598553454454,0.00024159734,-0.02613295,0.04767576,-3.6067541193233334e-05,0.015477052181108982,-0.015549187263495448,0.0079148570011746
2022-12-14,0.0054570394630581,0.0001098302754156,-0.0003324872107704,0.00022975515,-0.025364885,0.048881974,2.366071548399992e-06,0.01551789538881145,-0.015513163245714652,0.0079160863863587
2022-12-15,0.0,0.0001096025301236,-7.042535906926766e-05,0.00022944194,-0.025128413,0.046871092,8.953970368477745e-05,0.015607443533162279,-0.015428364125792725,0.0079172978721824
2022-12-16,-0.0068259650703998,0.0001093772923418,-0.0005580539965866,0.00032227597,-0.02519885,0.046503898,-4.213357808160001e-05,0.015478110196961568,-0.015562377353124768,0.0079184917219608
2022-12-19,0.0013689256073417,0.0001091496718453,-0.0002511420450145,0.00024145278,-0.02574122,0.046727348,3.31534689436e-05,0.015555703131253554,-0.015489396193366353,0.0079196681950561
2022-12-20,0.0,0.0001089243154788,-0.0002945040178255,0.00028930337,-0.024759764,0.048778392,3.4574555884433344e-05,0.015559396547886245,-0.015490247436117379,0.0079208275469397
2022-12-21,0.0,0.0001086968076653,-0.0003803731212082,0.00010921309,-0.024171846,0.049470033,-5.415440784763332e-05,0.015472906849487267,-0.015581215665182533,0.0079219700292525
2022-12-22,0.0,0.000108471344224,-0.0001490054801275,0.00016065368,-0.024045017,0.047220428,4.003984803216666e-05,0.015569307792167565,-0.01548922809610323,0.007923095889865
2022-12-23,0.0,0.0001082439381562,-0.0005298977733357,0.00021273278,-0.024214733,0.046510357,-6.964035172650001e-05,0.015461802179226493,-0.015601082882679492,0.0079242053729352
2022-12-27,0.0,0.0001080183780329,-0.0003662217368973,0.00015138957,-0.024865162,0.045568764,-3.5604596288133324e-05,0.015497980892886992,-0.015569190085463258,0.0079252987189669
2022-12-28,0.0,0.0001077910638354,-0.0001645275544718,7.878242e-05,-0.024597682,0.047127113,7.348643121200001e-06,0.015543045926258168,-0.015528348640015769,0.0079263761648658
2022-12-29,0.0054570394630581,0.0001075654164141,-0.000396852647895,-1.4593714e-05,-0.024674157,0.047480956,-0.00010129364849363334,0.015436484721738527,-0.015639072018725792,0.007927437943996
2022-12-30,-0.0054570394630581,0.0001073381851699,-0.0004353701626605,4.026823e-05,-0.025009593,0.04676527,-9.592124916353334e-05,0.015443907951855303,-0.01563575045018237,0.0079284842862341
2023-01-03,0.0,0.0001071124589237,-0.00034651421473,0.00014341447,-0.026006434,0.045888226,-3.1995761935433334e-05,0.015509854457390431,-0.015573845981261297,0.0079295154180234
2023-01-04,0.0,0.0001068853025814,-0.0004711434958,0.00013535503,-0.023446642,0.056303516,-7.630105440619999e-05,0.015467540807951112,-0.01562014291676351,0.0079305315624272
2023-01-05,0.0,0.0001066595051611,-0.0002620805427636,0.000116995434,-0.022614919,0.06200359,-1.2808534534166662e-05,0.015532996026259615,-0.015558613095327948,0.0079315329391805
2023-01-06,0.0054570394630581,0.0001064324164506,-0.0005910868811608,0.00010402084,-0.022316178,0.06371392,-0.0001268778749034,0.01542086086399033,-0.01567461661379713,0.0079325197647417
2023-01-09,0.0,0.0001062065547645,-0.0004450551069207,-4.7590387e-05,-0.022582296,0.06208876,-0.00012881297971873335,0.015420831834873545,-0.015678457794311013,0.007933492252343
2023-01-10,-0.0027247973261851,0.0001059795271214,-0.0002401439044887,9.099806e-05,-0.021754969,0.06371826,-1.4388772455766662e-05,0.01553713442714185,-0.015565911972053384,0.0079344506120396
2023-01-11,0.0027247973261851,0.0001057536074071,-0.000535613578944,-5.6071465e-05,-0.021216555,0.065235846,-0.00016197714551230002,0.015391397153976123,-0.015715351445000723,0.0079353950507594
2023-01-12,-0.0040899852515251,0.0001055266349043,-0.0004407478119966,7.937272e-05,-0.021123853,0.06457762,-8.528281903076667e-05,0.015469915694775429,-0.01564048133283696,0.0079363257723501
2023-01-13,0.0,0.000105300662794,-0.0005028335757669,-1.7545224e-05,-0.021566976,0.06362275,-0.00013835937899096668,0.015418636857158738,-0.015695355615140672,0.0079372429776274
2023-01-16,0.0040899852515249,0.0001050737400794,-0.0003095903498111,9.3805e-05,-0.02281767,0.061470173,-3.6903869910566665e-05,0.015521863984353807,-0.01559567172417494,0.0079381468644206
2023-01-17,-0.0095694510161505,0.0001048477206588,-0.0004308155430125,0.0001584491,-0.02234738,0.06200412,-5.5839574117900016e-05,0.015504674176015339,-0.015616353324251138,0.007939037627619
2023-01-18,0.0082079804178295,0.0001046208429,-0.000453294946736,0.00021293758,-0.021921905,0.061536964,-4.5245507945333335e-05,0.015516988792119008,-0.015607479808009674,0.0079399154592165
2023-01-19,-0.0027285146532039,0.000104394780761,-0.0004586199698926,3.034152e-05,-0.021564206,0.0585703,-0.00010796122304386665,0.01545596865173448,-0.015671891097822212,0.0079407805483563
2023-01-20,-0.0054794657646254,0.0001041679435945,-0.0003005056509148,0.00016636396,-0.021795724,0.055922564,-9.991249106766656e-06,0.015555609590386078,-0.015575592088599613,0.0079416330813739
2023-01-23,0.0,0.0001039418428834,-0.0003336087427739,0.00019360217,-0.022583187,0.053004764,-1.2021576630166674e-05,0.015555225977377211,-0.015579269130637544,0.0079424732418405
2023-01-24,0.0,0.0001037150423693,-0.0005259304612894,0.00016550862,-0.021491658,0.05569697,-8.556893297336666e-05,0.015483301439811846,-0.01565443930575858,0.0079433012106047
2023-01-25,0.0,0.0001034889068299,-0.0003583717320446,0.00013552369,-0.020687643,0.054734204,-3.9786378404899986e-05,0.015530683266630917,-0.015610256023440716,0.0079441171658346
2023-01-26,0.0,0.0001032621394108,-0.0003162348681616,8.416742e-05,-0.020232737,0.05230664,-4.293510291693333e-05,0.015529110611876356,-0.015614980817710221,0.0079449212830578
2023-01-27,0.0054794657646254,0.0001030359724235,-0.0003712168491353,0.00010076816,-0.020270938,0.04944953,-5.580423890393332e-05,0.015517794682092773,-0.015629403159900638,0.0079457137352024
2023-01-30,0.0040899852515249,0.0001028092348872,-0.0003914535211674,1.410219e-05,-0.020511251,0.04681141,-9.151403209339999e-05,0.015483615565473355,-0.015666643629660155,0.0079464946926361
2023-01-31,-0.0040899852515251,0.0001025830395044,-0.0002889029549818,0.0001280666,-0.019386353,0.05004094,-1.9417771825800013e-05,0.015557220301655999,-0.0155960558453076,0.007947264323205
2023-02-01,0.0,0.0001023563289503,-0.0004494979551892,0.00016552067,-0.018787209,0.05274209,-6.0540318746300004e-05,0.015517584354107212,-0.015638664991599813,0.0079480227922722
2023-02-02,-0.0027359798188747,0.0001021301079281,-0.000155733651751,0.00022987563,-0.018841697,0.05290629,5.875736205903333e-05,0.015638347077059616,-0.01552083235294155,0.0079487702627554
2023-02-03,0.0006846970483172,0.0001019034217374,-0.0001644724915089,0.00031078313,-0.019283688,0.052785337,8.273802007616666e-05,0.01566377153459702,-0.015498295494444685,0.0079495068951637
2023-02-06,0.0006842285590243,0.0001016771775644,-0.0004952255776354,0.00023521244,-0.019671408,0.05397881,-5.277865335699998e-05,0.015529677728006423,-0.015635235034720422,0.0079502328476344
2023-02-07,0.0,0.0001014505133724,-0.0001877302492147,0.0002693897,-0.018225312,0.0573197,6.103665471923334e-05,0.015644895275618277,-0.015522821966179809,0.0079509482759689
2023-02-08,0.0,0.0001012242482955,-0.0001200149271927,0.00016937571,-0.017244328,0.056920778,5.019501036759999e-05,0.015635435544356292,-0.015535045523621093,0.0079516533336677
2023-02-09,-0.0013689256073417,0.0001009976039669,-0.0002891032240504,0.00020219167,-0.01666623,0.057722744,4.69534997216667e-06,0.015591297767024741,-0.015581907067080408,0.0079523481719656
2023-02-10,0.0,0.0001007713200152,-0.0003771668708347,0.00023368247,-0.016423784,0.058928095,-1.4237693606500005e-05,0.015573706868530468,-0.015602182255743469,0.0079530329398658
2023-02-13,0.0,0.0001005446936221,-0.0003337554229339,0.0002367665,-0.016597502,0.06093035,1.185256896066667e-06,0.015590452513875733,-0.015588082000083601,0.0079537077841733
2023-02-14,0.0,0.0001003183926275,-0.0003035437474634,0.00026155918,-0.015358397,0.0636248,1.9444608388033327e-05,0.015610015393463895,-0.015571126176687829,0.0079543728495285
2023-02-15,0.0,0.0001000917824291,-0.0003028191215898,0.00025343953,-0.014389386,0.064933196,1.69040636131e-05,0.01560875948935452,-0.015574951362128319,0.0079550282784395
2023-02-16,0.0013689256073417,9.98654660458908e-05,-0.000306139465231,0.00026208925,-0.013846947,0.065248854,1.8605083604963588e-05,0.015611726537781579,-0.015574516370571653,0.0079556742113146
2023-02-17,-0.0098430862620775,9.963887047026046e-05,-0.000412885106874,0.000314337,-0.013730272,0.06617257,3.635878654201577e-07,0.015594732729392484,-0.015594005553661642,0.0079563107864934
2023-02-20,0.0084741606547356,9.94125401919565e-05,-0.0002603788213215,0.00034284015,-0.014315899,0.06790774,6.062462295681884e-05,0.015656223377902484,-0.015534974131988845,0.0079569381402784
2023-02-21,0.0,9.918595781983476e-05,-0.0003567057399327,0.00014723335,-0.0132041685,0.069242015,-3.676214403762175e-05,0.015560048413614365,-0.015633572701689608,0.0079575564069653
2023-02-22,0.0,9.895961499514396e-05,-0.0003535378577728,0.00026400472,-0.0124095855,0.06965494,3.142159074114662e-06,0.015601146968066176,-0.015594862649917947,0.0079581657188735
2023-02-23,0.0,9.873304454499144e-05,-0.0003689057483394,0.00030048296,-0.012048164,0.070080824,1.0103418735197146e-05,0.015609285183231177,-0.015589078345760784,0.0079587662063755
2023-02-24,-0.0054945193176407,9.850669039167258e-05,-0.0003004132536621,0.00033445546,-0.012307741,0.07135217,4.4182965576524205e-05,0.01564452464151168,-0.015556158710358632,0.0079593579979261
2023-02-27,-0.0027586224390797,9.82801307063368e-05,-0.0003624368403629,0.00028549653,-0.013099106,0.07194543,7.113273447812261e-06,0.015608598064826956,-0.01559437151793133,0.0079599412200914
2023-02-28,-0.0111112254250706,9.805376632395234e-05,-0.0004148958764375,0.00027842497,-0.01222623,0.07442622,-1.2805713371182557e-05,0.015589805641880127,-0.015615417068622493,0.0079605159975772
2023-03-01,-0.034094211342976,9.782721635859464e-05,-0.0003649911292383,0.00038295658,-0.0116331335,0.07270415,3.859755570676488e-05,0.015642319164089112,-0.015565124052675582,0.0079610824532563
2023-03-02,-0.0189648280589733,9.760084273998298e-05,-0.000425541242689,0.00071517617,-0.011248329,0.06740377,0.0001290785900169943,0.015733894378082525,-0.015475737198048537,0.0079616407081967
2023-03-03,0.0,9.737430155117726e-05,-0.0005361233998384,-0.00034022355,-0.010432183,0.057233516,-0.00025965754942907423,0.015346236578679406,-0.015865551677537552,0.007962190881688
2023-03-06,-0.0513708107629235,9.71479195928114e-05,-0.0004219126809847,-0.00025803907,-0.009597941,0.043434933,-0.00019426794379729618,0.015412688915088768,-0.01580122480268336,0.0079627330912684
2023-03-07,0.0,9.6921386328701e-05,-0.0002415224488161,0.00036865682,-0.0074757454,0.028996965,7.468525250420034e-05,0.015682689459895767,-0.015533318954887368,0.0079632674527508
2023-03-08,0.0,9.669499684004177e-05,-0.0005271891962911,9.716611e-05,-0.003954197,0.011776026,-0.00011110936315035275,0.01549792703413651,-0.015720145760437215,0.0079637940802484
2023-03-09,-0.0077821404420549,9.646847073145163e-05,-0.0004360926555468,-0.00016722894,-0.00073811115,-0.00907091,-0.00016895104160511614,0.015441102607347471,-0.015779004690557704,0.0079643130862003
2023-03-10,0.0231670592815342,9.62420744433932e-05,-0.0004105325641431,-0.00016144638,0.001083633,-0.02855813,-0.00015857895656656894,0.015452477222970178,-0.015769635136103317,0.0079648245813963
2023-03-13,0.0226424767497596,9.60155547958049e-05,-0.0005919392893754,-0.001496083,0.0017674917,-0.042768817,-0.000664002244859865,0.014948041958144052,-0.016276046447863783,0.007965328675002
2023-03-14,0.0074349784875179,9.578915236830045e-05,-0.0004537953263013,-0.0012953562,0.00081765983,-0.039888434,-0.0005511207913109998,0.015061897138870111,-0.01616413872149211,0.0079658254745822
2023-03-15,0.0059084366861662,9.55626385546058e-05,-0.0007129052305146,0.00014090868,-0.0014665679,-0.02997724,-0.00015881130398666475,0.015455166264819119,-0.01577278887279245,0.0079663150861254
2023-03-16,-0.0059084366861662,9.533623058355312e-05,-0.0006559908547171,0.0003416475,-0.005118212,-0.021418871,-7.300237471118229e-05,0.015541920948860333,-0.015687925698282697,0.0079667976140671
2023-03-17,0.0073801072976224,9.510972203751136e-05,-0.0007258260284662,-1.3545627e-05,-0.0099956,-0.012774128,-0.00021475397780956287,0.015401101418364115,-0.01583060937398324,0.0079672731613131
2023-03-20,-0.055948073932533,9.488330906097011e-05,-0.0004915576335823,-0.00029375835,-0.015562256,-0.0062758424,-0.0002301442248404433,0.015386629760512489,-0.015846918210193375,0.0079677418292617
2023-03-21,-0.0015564205476581,9.465680527130016e-05,-0.0002444059602734,0.0001229346,-0.021889666,0.0005465425,-8.938185000699964e-06,0.015608741101940217,-0.015626617471941617,0.007968203717827
2023-03-22,-0.0062500203451712,9.443038777510567e-05,-0.0009256717916665,0.00037053615,-0.024169184,0.00022114157,-0.00015356841796379812,0.015465003075937995,-0.01577213991186559,0.0079686589254601
2023-03-23,0.0078064408928293,9.420388828015164e-05,-0.0004790485308756,-1.8521028e-05,-0.02620733,-0.005039461,-0.00013445522353181612,0.015484995572844322,-0.015753906019907955,0.0079691075491715
2023-03-24,0.0031055925581529,9.397746670298377e-05,-0.0002111529106342,-1.9219753e-05,-0.028403565,-0.012102906,-4.546506564373875e-05,0.015574852316078575,-0.015665782447366054,0.0079695496845522
2023-03-27,0.0061823999083175,9.375097108589826e-05,-0.000456855571743,0.0004221334,-0.030631136,-0.017975122,1.967626644763276e-05,0.015640847701005243,-0.015601495168109979,0.0079699854257947
2023-03-28,0.0046118452225629,9.35245458238584e-05,-0.0006178658413453,0.00035129715,-0.03242774,-0.019435758,-5.768138184048051e-05,0.015564331754959155,-0.015679694518640114,0.0079704148657141
2023-03-29,0.0015325673497782,9.329805370825352e-05,-0.0003300678574317,1.900531e-05,-0.033688035,-0.020440042,-7.258816457448215e-05,0.015550254503131189,-0.015695430832280154,0.0079708380957682
2023-03-30,-0.001532567349778,9.307162511899725e-05,-0.0004054585931456,3.301595e-05,-0.035225302,-0.01948838,-9.312367267553426e-05,0.015530536531236955,-0.015716783876588022,0.0079712552060778
2023-03-31,-0.00307219903697,9.284513616501748e-05,-0.0004731065163311,-0.00024125763,-0.036843028,-0.017238315,-0.0002071730033886942,0.015417292916086447,-0.015831638922863836,0.0079716662854465
2023-04-03,-0.0077220460939101,9.261870457148612e-05,-0.0004285100591843,3.9586344e-06,-0.03867112,-0.015440268,-0.00011064424007093796,0.01551461574583445,-0.015735904225976326,0.0079720714213803
2023-04-04,0.0,9.239221847226252e-05,-0.0006946281816271,-6.6480054e-05,-0.040615734,-0.010034102,-0.00022290533905161246,0.015403137233157126,-0.01584894791126035,0.0079724707001065
2023-04-05,-0.0070011954589834,9.216578416605258e-05,-0.0003794871002624,0.00013489724,-0.041637342,-0.009495145,-5.080802536544915e-05,0.015576005819557225,-0.015677621870288122,0.0079728642065932
2023-04-06,-0.0007809449830712,9.1939300644501e-05,-0.0004685938842074,5.5729297e-06,-0.042872097,-0.009836929,-0.00012369388462096632,0.015503880083530942,-0.015751267852772876,0.0079732520245673
2023-04-10,0.0015612805669524,9.171286388890646e-05,-0.0005571497195754,0.00033381698,-0.04372871,-0.010320434,-4.3873291895497836e-05,0.015584449811709967,-0.01567219639550096,0.0079736342365334
2023-04-11,0.001558846769291,9.148638269483676e-05,-0.0005090460446585,-0.00013216019,-0.043907307,-0.010044366,-0.0001832399506545544,0.015445821459976786,-0.015812301361285894,0.0079740109237915
2023-04-12,0.0,9.125994372759617e-05,-0.000451103849809,-0.00016092836,-0.043531947,-0.010742464,-0.00017359075536046794,0.015456198290891529,-0.015803379801612463,0.0079743821664551
2023-04-13,0.0,9.103346463510172e-05,-0.0004695513326157,-0.00022229568,-0.043572567,-0.011560719,-0.0002002711826601994,0.015430234982537863,-0.01583077734785826,0.0079747480434684
2023-04-14,-0.0031201273362435,9.080702367087854e-05,-0.000353340322345,-0.00024536563,-0.04363014,-0.010859657,-0.00016929964289137382,0.015461913277051865,-0.01580051256283461,0.0079751086326241
2023-04-17,0.0,9.05805464759794e-05,-0.0004531879231186,-0.0003041549,-0.04336536,-0.008908468,-0.00022225409221420683,0.015409655368522204,-0.015854163552950617,0.0079754640105798
2023-04-18,0.0,9.035410370860184e-05,-0.0006401758496786,0.0001697371,-0.04195632,-0.00455804,-0.00012669488198999938,0.015505901053645393,-0.01575929081762539,0.0079758142528752
2023-04-19,0.0,9.01276282271164e-05,-0.0002316849666429,5.183333e-05,-0.040485144,-0.0014744827,-2.990800280526119e-05,0.015603364487733602,-0.015663180493344125,0.0079761594339484
2023-04-20,0.0,8.990118383159953e-05,-0.0004637842089296,1.3174573e-05,-0.03934249,0.0017236287,-0.0001202361506993335,0.015513703118518976,-0.015754175419917645,0.0079764996271522
2023-04-21,0.0,8.967470989722298e-05,-0.0003879464262022,3.971407e-05,-0.038712047,0.0050925906,-8.618588210165903e-05,0.015548410531247734,-0.01572078229545105,0.0079768349047701
2023-04-24,0.0054538506824637,8.944826403159485e-05,-0.0004227715384097,7.908359e-05,-0.03867646,0.008143874,-8.474656145936838e-05,0.015550497501083352,-0.01571999062400209,0.007977165338032
2023-04-25,0.0007766990681721,8.922179149416401e-05,-0.0005584237408684,-3.9193645e-05,-0.037888058,0.012892564,-0.00016946519812474536,0.015466417156250056,-0.015805347552499547,0.00797749099713
2023-04-26,0.0,8.899534430111438e-05,-0.0003016991784287,8.857661e-05,-0.03734023,0.016048366,-4.137574137586187e-05,0.015595135683041604,-0.01567788716579333,0.0079778119512334
2023-04-27,-0.0031104224143923,8.876887302504097e-05,-0.0004995748541402,2.0583466e-05,-0.03689001,0.019484827,-0.00013007417170505302,0.015507057234562003,-0.01576720557797211,0.0079781282685036
2023-04-28,0.0,8.854242463341005e-05,-0.0004988850413584,-2.0930425e-05,-0.03658867,0.02331684,-0.00014375768057499664,0.015493984751000014,-0.01578150011215001,0.0079784400161097
2023-05-01,0.0,8.831595449626608e-05,-0.0004015790474972,3.157031e-05,-0.036349874,0.026797209,-9.389759433364465e-05,0.015544447035740871,-0.01573224222440816,0.0079787472602421
2023-05-02,-0.0045273670337251,8.808950502238878e-05,-0.0006182062918407,-1.0750728e-05,-0.035125576,0.029874949,-0.00018028917160610374,0.01545864895800458,-0.01581922730121679,0.0079790500661279
2023-05-03,-0.0001564822787013,8.786303591362916e-05,-0.0005687323483891,0.00022103314,-0.033653423,0.03206179,-8.66120574918236e-05,0.015552910998674611,-0.01572613511365826,0.0079793484980441
2023-05-04,0.0,8.763658546254888e-05,-0.0004851901393976,0.00020964876,-0.032311123,0.033773158,-6.26349313116837e-05,0.015577464602579624,-0.01570273446520299,0.0079796426193323
2023-05-05,-0.0015661710327449,8.741011728235809e-05,-0.0005214571066604,0.00018749436,-0.031286854,0.03556999,-8.218420979268065e-05,0.015558483475335427,-0.01572285189492079,0.0079799324924123
2023-05-08,-0.0015686277726263,8.718366594892267e-05,-0.0006035690484573,0.00019891489,-0.030659266,0.03677637,-0.00010582349750279244,0.015535404132935996,-0.015747051127941582,0.0079802181787953
2023-05-09,-0.0075638557906458,8.695719860717335e-05,-0.0006231368900867,0.00016574956,-0.029492998,0.03764696,-0.00012347671049317555,0.015518302778138513,-0.015765256199124864,0.0079804997390978
2023-05-10,-0.0090570254453944,8.673074647702462e-05,-0.0003080803239648,0.00027249785,-0.028230065,0.036456622,1.7049424170741536e-05,0.015659372800956976,-0.015625273952615492,0.0079807772330542
2023-05-11,-0.0023971245997215,8.650427989233721e-05,-0.0004442910831165,0.00019737288,-0.027070267,0.034606855,-5.3471307741387586e-05,0.015589388102537412,-0.015696330718020186,0.00798105071953
2023-05-12,0.0023971245997213,8.627782704280458e-05,-0.0005112899214017,0.00021956342,-0.026380759,0.031778757,-6.848289145296514e-05,0.015574904811355438,-0.01571187059426137,0.0079813202565349
2023-05-15,-0.0124474604532229,8.605136114169825e-05,-0.0004891451364966,0.00030560294,-0.026265902,0.028662732,-3.249694511830059e-05,0.015611411421301317,-0.015676405311537918,0.0079815859012345
2023-05-16,-0.0126043547113047,8.582490764260548e-05,-0.0002965285885047,0.00036815085,-0.025908493,0.026012229,5.248238971263515e-05,0.015696903901241486,-0.015591939121816214,0.0079818477099637
2023-05-17,0.0048979689755471,8.55984423587315e-05,-0.0004319293505797,0.0002974592,-0.025405869,0.022381572,-1.62905694069895e-05,0.01562863667753969,-0.015661217816353667,0.0079821057382381
2023-05-18,0.0,8.537198827312525e-05,-0.0004012125120095,0.00047551355,-0.02494254,0.017824199,5.322434208787509e-05,0.01569865002198982,-0.01559220133781407,0.0079823600407663
2023-05-19,-0.0048979689755471,8.514552354657473e-05,-0.0004260509600967,0.0001847115,-0.02442411,0.009761711,-5.2064645516708407e-05,0.015593852270548809,-0.015697981561582225,0.007982610671462
2023-05-22,-0.0016380020042382,8.49190689313823e-05,-0.0004391332213032,0.00021408204,-0.023681017,0.0031629053,-4.671070412393925e-05,0.015599690355448252,-0.01569311176369613,0.0079828576834552
2023-05-23,-0.0049301661078586,8.469260470806114e-05,-0.000358172741576,0.00023354996,-0.02175674,0.00045586494,-1.3310058955979612e-05,0.01563356815408747,-0.015660188271999425,0.0079831011291038
2023-05-24,-0.0033003330286568,8.446614961468443e-05,-0.0005166057936349,6.8277455e-05,-0.020147288,-0.002464853,-0.00012128739634007189,0.015526061081270122,-0.015768635873950266,0.0079833410600052
2023-05-25,-0.0175077419000048,8.423968584574892e-05,-0.0003821688505914,0.00036722323,-0.019085275,-0.0064302,2.3098021751449642e-05,0.015670909974685367,-0.015624713931182466,0.0079835775270071
2023-05-26,-0.0008413967681915,8.401323032060074e-05,-0.000564977946058,0.00033069678,-0.01850996,-0.009267312,-5.008931191246643e-05,0.015598179425316187,-0.01569835804914112,0.0079838105802187
2023-05-29,-0.0084531357110582,8.378676696194799e-05,-0.0003844838395312,0.00037440323,-0.018361298,-0.013159365,2.456871914358265e-05,0.01567328764642553,-0.015624150208138362,0.0079840402690214
2023-05-30,-0.0145363825136403,8.35603110469363e-05,-0.0004894028329052,0.00016596641,-0.017048504,-0.01452024,-7.995870395275456e-05,0.01556920391452287,-0.01572912132242838,0.0079842666420794
2023-05-31,0.0128371467606805,8.333384805874405e-05,-0.0005464730509246,0.00019326486,-0.016174965,-0.01849237,-8.995811428861867e-05,0.01555964179051797,-0.015739558019095205,0.0079844897473503
2023-06-01,-0.0102565001671891,8.310739179170923e-05,-0.0005382516617293,5.6748493e-05,-0.015608878,-0.025987966,-0.00013279859231253027,0.015517232286594651,-0.01578282947121971,0.0079847096320955
2023-06-02,-0.0025806465934916,8.288092913802038e-05,-0.0004756824612323,0.00017912171,-0.016115947,-0.03219216,-7.122660736475987e-05,0.015579229024700228,-0.015721682239429748,0.0079849263428903
2023-06-05,0.0060111816902809,8.265447255312995e-05,-0.0005878432635098,0.0002550177,-0.017241098,-0.036928453,-8.339036365222338e-05,0.015567483890590024,-0.01573426461789447,0.0079851399256338
2023-06-06,-0.0017137964777346,8.242801020147744e-05,-0.0006140896763373,0.0001888677,-0.017471727,-0.036097683,-0.00011426465537860753,0.015537022178717032,-0.01576555148947425,0.007985350425559
2023-06-07,0.0119353505492728,8.220155332958264e-05,-0.0002556073397993,0.00042420547,-0.018309232,-0.036664203,8.359989451009421e-05,0.015735293353505396,-0.015568093564485207,0.0079855578872425
2023-06-08,0.0033840979842403,8.197509125065066e-05,-0.0007179651511189,2.8985e-06,-0.019547168,-0.035952337,-0.00021103051995608312,0.01544106369508716,-0.015863124734999325,0.0079857623546139
2023-06-09,0.0150882996512017,8.174863411960828e-05,-0.0004797742897026,0.00040114755,-0.021405993,-0.032149624,1.0406314723360856e-06,0.015653529818564913,-0.01565144855562024,0.0079859638709656
2023-06-12,0.0213999936119348,8.152217228692643e-05,-0.0003918443728271,0.00037446347,-0.02182872,-0.025958488,2.1380423153275466e-05,0.015674258881918403,-0.015631498035611854,0.0079861624789618
2023-06-13,0.0257248912384359,8.129571492188947e-05,-0.0006037044979271,-0.0008433295,-0.02207719,-0.009253205,-0.00045524609433507016,0.015198016018134815,-0.016108508206804956,0.0079863582206479
2023-06-14,-0.0289875368732522,8.106925331155659e-05,-0.0004682346380286,-0.0012708406,-0.022268014,0.010660524,-0.0005526686615723479,0.015100971567847486,-0.016206308890992182,0.0079865511374591
2023-06-15,0.0048899852941917,8.084279573523668e-05,-0.0006061253609314,-0.0006976574,-0.02277654,0.032443702,-0.00040764665506538774,0.015246366234585609,-0.016061659544716386,0.0079867412702301
2023-06-16,-0.0032573318703064,8.061633432567147e-05,-0.000436942465777,-0.0006577578,-0.023922486,0.05036433,-0.00033802797715044283,0.01531635219488763,-0.015992408149188515,0.0079869286592031
2023-06-19,0.0016299922109309,8.038987655857584e-05,-0.0004956567922966,-0.0006276765,-0.025712367,0.060098577,-0.0003476478052460081,0.01530709434906612,-0.016002389959558137,0.0079871133440368
2023-06-20,0.0,8.016341533029168e-05,-0.0005466244260545,-0.00045106778,-0.026823798,0.06552297,-0.00030584293024140275,0.015349255982835801,-0.015960941843318605,0.0079872953638149
2023-06-21,0.0,7.993695739093713e-05,-0.0005032962764388,-0.00010784938,-0.027566543,0.06746318,-0.00017706956634928764,0.015478380957477335,-0.01583252009017591,0.0079874747570544
2023-06-22,0.0024400174773656,7.97104963263388e-05,-0.0004328894990155,-9.9018944e-05,-0.02798427,0.068481445,-0.00015073264889638706,0.015505064412063055,-0.01580652970985583,0.007987651561714
2023-06-23,0.0008120179090115,7.948403823144487e-05,-0.0004828750633085,-7.135908e-05,-0.028128196,0.06876901,-0.00015825003502568504,0.015497888562770627,-0.015814388632822,0.0079878258152022
2023-06-26,0.0016220603718679,7.925757731464492e-05,-0.0005334779976368,-0.00012802807,-0.028085623,0.06952182,-0.000194082830107385,0.01546239237648741,-0.01585055803670218,0.0079879975543851
2023-06-27,-0.0024340782808796,7.903111907930833e-05,-0.0003810532549711,6.861477e-05,-0.026931498,0.069513485,-7.780245529726389e-05,0.015579004503268153,-0.01573460941386268,0.0079881668155946
2023-06-28,0.0,7.880465829596138e-05,-0.0005412641422384,-0.00012381162,-0.025413759,0.069503844,-0.0001954237013141462,0.015461710222572804,-0.015852557625201096,0.0079883336346362
2023-06-29,0.0,7.857819993381357e-05,-0.0005557629032253,-4.9361297e-05,-0.023917101,0.06947226,-0.00017551533343049548,0.015481940838290447,-0.01583297150515144,0.0079884980467964
2023-06-30,0.0,7.835173927096661e-05,-0.0005533912469022,-0.0001240887,-0.022483174,0.066965744,-0.0001997094025437445,0.01545806436768304,-0.01585748317277053,0.0079886600868504
2023-07-03,-0.0024400174773656,7.812528079431594e-05,-0.0005224403201656,-8.02618e-05,-0.020982083,0.058518037,-0.0001748589464570947,0.015483227840119322,-0.01583294573303351,0.0079888197890696
2023-07-04,0.0,7.789882024027317e-05,-0.0005669649330751,-0.00035294518,-0.018648524,0.04266694,-0.0002806704309449423,0.015377724856023896,-0.015939065717913783,0.007988977187229
2023-07-05,0.0097245498919946,7.767236166023336e-05,-0.0005652978641228,3.2895477e-05,-0.016135585,0.029059079,-0.00015157667515418888,0.015507122661489839,-0.015810276011798217,0.0079891323146143
2023-07-06,0.0016116038943416,7.74459012044342e-05,-0.0005425701145208,0.00010051517,-0.013780773,0.017062541,-0.00012153634777212193,0.01553746265212472,-0.015780535347668965,0.007989285204029
2023-07-07,0.0032154368539742,7.721944253104025e-05,-0.0006533820952739,-0.00011524623,-0.011848618,0.013189293,-0.00023046962758095323,0.015428824712509791,-0.015889763967671697,0.0079894358878014
2023-07-10,0.0079936476807454,7.699298216394911e-05,-0.000501067943294,-0.00013656938,-0.010404076,0.013052451,-0.0001868814470433503,0.015472703972628774,-0.015846466866715474,0.0079895843977919
2023-07-11,0.0031796529173797,7.676652340626202e-05,-0.0005698419575503,-0.00040597594,-0.008468971,0.009585222,-0.00029968379138134595,0.015360188508800889,-0.01595955609156358,0.0079897307653991
2023-07-12,0.0082988028146949,7.654006311926887e-05,-0.0007446497633286,-0.0001795771,-0.0066764043,0.009114331,-0.00028256226673644373,0.015377592775535657,-0.015942717309008543,0.0079898750215674
2023-07-13,0.0043196611445162,7.631360428547016e-05,-0.000575792590805,-0.00034656026,-0.005308964,0.010826206,-0.00028201308217317664,0.015378420623540516,-0.01594244678788687,0.0079900171967927
2023-07-14,0.0109120334509824,7.608714407080062e-05,-0.0005875809842944,-0.00023441494,-0.004460676,0.013654403,-0.00024863626007453314,0.015412072089339679,-0.015909344609488747,0.0079901573211297
2023-07-17,0.0007748934909246,7.586068516827774e-05,-0.0007081580911002,-0.00047879995,-0.0042102193,0.0168047,-0.0003703657853106408,0.01529061324611685,-0.01603134481673813,0.0079902954241977
2023-07-18,0.0038654860655774,7.563422501891207e-05,-0.0006973302576043,-0.00031498514,-0.0034722695,0.015866758,-0.0003122270575284626,0.015349018751439233,-0.01597347286649616,0.0079904315351876
2023-07-19,0.003081666537408,7.540776605433542e-05,-0.0005494178220046,-0.0002463053,-0.0026500872,0.016497333,-0.00024010511865008816,0.01542140361976982,-0.015901613857069997,0.0079905656828673
2023-07-20,0.0076628727455689,7.518130596393519e-05,-0.0005429678792325,-0.00019119038,-0.0019256542,0.018232279,-0.0002196589844228549,0.0154421088909308,-0.015881426859776508,0.0079906978955886
2023-07-21,0.0076045993852191,7.495484694332774e-05,-0.0006680355777819,-0.0005470822,-0.0017870538,0.020436889,-0.00038005431027952403,0.015281968964254754,-0.016042077584813803,0.007990828201293
2023-07-24,0.0030257209165368,7.472838690616972e-05,-0.000531461864756,-5.8866364e-05,-0.001640707,0.022218263,-0.0001718666139499434,0.015490408375983967,-0.015834141603883852,0.0079909566275173
2023-07-25,-0.0060606246116909,7.450192783496985e-05,-0.0006007678380074,0.0005458438,-0.0015010824,0.019447362,6.525963275856605e-06,0.01566904903802005,-0.01565599711146834,0.0079910832014001
2023-07-26,0.0,7.427546784588633e-05,-0.0005714843795665,0.00055228896,-0.0011981612,0.01837583,1.836001609312878e-05,0.01568112759748004,-0.015644407565293783,0.0079912079496872
2023-07-27,0.0,7.404900872900456e-05,-0.0004129091779591,0.00012764496,-0.00076897553,0.018121302,-7.040506974336515e-05,0.01559260349178194,-0.01573341363126867,0.0079913308987374
2023-07-28,-0.034006367985195,7.38225487833294e-05,-0.0006935451289812,4.5123164e-05,-0.00028061512,0.017813273,-0.00019153313873262353,0.015471712927342257,-0.015854779204807504,0.007991452074528
2023-07-31,0.0,7.359608962519965e-05,-0.0006468712138089,0.00026559492,0.0001887352,0.017381858,-0.00010256006806123347,0.015560920077153541,-0.015766040213276006,0.0079915715026606
2023-08-01,-0.0110673066396815,7.336962971871963e-05,-0.0003511196707251,0.000470502,0.00065049593,0.011058761,6.42506529978732e-05,0.015727961501396017,-0.015599460195400271,0.0079916892083664
2023-08-02,0.0110673066396815,7.314317052334544e-05,-0.0006258435595784,-4.8192738e-05,0.000995678,0.004723724,-0.00020029770901835151,0.015463640515344384,-0.01586423593338109,0.0079918052165116
2023-08-03,0.0078308935805478,7.291671065225624e-05,-0.0006004260927209,-0.00015035112,0.0013404385,-0.0015229237,-0.00022595350068954794,0.015438208820451547,-0.01589011582183064,0.0079919195516026
2023-08-04,0.0062208598751025,7.269025142325259e-05,-0.0005175714500684,-0.00033360976,0.00158139,-0.0029033269,-0.00025949698621504914,0.01540488619985629,-0.015923880172286388,0.0079920322377915
2023-08-07,-0.0077821404420549,7.246379158411918e-05,-0.0005245871750819,-0.00015779615,0.0017736598,-0.0022583436,-0.00020330651116592696,0.015461294354640635,-0.01586790737697249,0.0079921432988809
2023-08-08,0.0,7.223733232475014e-05,-0.000522111166037,0.00018987966,0.0017734912,-0.00159941,-8.666472457074998e-05,0.01557815068175487,-0.015751480130896372,0.0079922527583294
2023-08-09,0.0,7.201087251447085e-05,-0.0005818782006972,0.00021480487,0.0016399503,-0.00031625008,-9.83541527275764e-05,0.015566672700213988,-0.01576338100566914,0.0079923606392559
2023-08-10,-0.00078155533482,7.178441322768372e-05,-0.0005597603748755,0.00023789892,0.001475979,0.0012099937,-8.335901388260543e-05,0.015581876236430574,-0.015748594264195784,0.0079924669644455
2023-08-11,0.0046801957504774,7.155795344345797e-05,-0.0005490368502541,0.0002649926,0.0014338989,0.0028955708,-7.082876560354735e-05,0.015594611876848921,-0.015736269408056017,0.0079925717563533
2023-08-14,-0.0023373598487048,7.133149413191395e-05,-0.0005105105893927,0.00056913064,0.001408275,0.0048180157,4.331718157973795e-05,0.01570896025431573,-0.015622325891156252,0.0079926750371102
2023-08-15,0.0031152673169491,7.110503437121297e-05,-0.0005556696013356,0.00043015668,0.0013383061,0.005185834,-1.8135962321462332e-05,0.01564770662159087,-0.015683978546233792,0.0079927768285267
2023-08-16,0.0015540018667342,7.087857503731497e-05,-0.000558807689227,0.0005408805,0.0012276667,0.0056518354,1.7650461936771663e-05,0.01568368968004924,-0.015648388756175698,0.0079928771520982
2023-08-17,0.0046475683965468,7.065211529785542e-05,-0.0005576833125295,0.0005437356,0.0010935718,0.0063692937,1.890146758945181e-05,0.015685134484447482,-0.01564733154926858,0.0079929760290092
2023-08-18,0.0007724990727921,7.042565594377315e-05,-0.0005795876299081,0.0005747084,0.000962079,0.007463641,2.1848808678557733e-05,0.015688272829749036,-0.015644575212391924,0.007993073480138
2023-08-21,0.0007719027785819,7.019919622349334e-05,-0.0005741077569193,0.00049192156,0.0008388625,0.008961647,-3.995666898602224e-06,0.015662616604181154,-0.015670607937978358,0.0079931695260611
2023-08-22,-0.001544401851374,6.997273685118589e-05,-0.0006055228574218,0.0005387361,0.0007371619,0.008361779,1.0619931431286535e-06,0.015667859799775828,-0.015665735813489567,0.0079932641870575
2023-08-23,0.0,6.974627714822422e-05,-0.0006908817335562,0.00017077316,0.0006322809,0.008045582,-0.00015012076546932525,0.015516859901432546,-0.015817101432371198,0.0079933574831132
2023-08-24,0.0,6.951981775946053e-05,-0.0006493235656163,0.0001966862,0.00055899913,0.008268777,-0.00012770584928561317,0.015539455041207583,-0.01579486673977881,0.0079934494339251
2023-08-25,0.0015444018513742,6.929335807213609e-05,-0.0006225725039934,0.00016313537,0.00051544927,0.008777786,-0.00013004792530708797,0.015537290590147695,-0.01579738644076187,0.0079935400589055
2023-08-28,-0.0093023926623135,6.90668986685134e-05,-0.0007537791825949,0.0002074562,0.00048342842,0.009565056,-0.00015908536130879552,0.015508428217976551,-0.01582659894059414,0.0079936293771864
2023-08-29,0.0,6.884043899530843e-05,-0.0007095124666159,7.227705e-05,0.0004757304,0.007430729,-0.00018946499254019717,0.015478221126400687,-0.01585715111148108,0.0079937174076229
2023-08-30,-0.0062500203451712,6.861397957826899e-05,-0.0006475998907914,6.5530745e-05,0.00047289935,0.004669946,-0.00017115172207104364,0.015496704448772644,-0.01583900789291473,0.0079938041687978
2023-08-31,0.0,6.838751991781306e-05,-0.0006480308175714,0.00016602664,0.00050130615,0.00259124,-0.0001378722192178623,0.015530151551672118,-0.015805895990107843,0.0079938896790255
2023-09-01,0.0054709007109012,6.81610604886591e-05,-0.0007234979233738,0.00015677456,0.0005615651,0.0010196635,-0.000166187434295047,0.015502001520161538,-0.015834376388751632,0.0079939739563554
2023-09-04,0.002335540181928,6.793460083971476e-05,-0.0006518907365893,6.1150436e-06,0.0006153669,-0.00047925772,-0.00019261369738319506,0.015475738059026743,-0.015860965453793133,0.0079940570185765
2023-09-05,0.0,6.770814139962211e-05,-0.0005749596985647,0.00015971402,0.0006413161,-0.0036022323,-0.00011584584572169261,0.015552666365390487,-0.015784358056833873,0.0079941388832205
2023-09-06,0.0031055925581529,6.748168176107206e-05,-0.0005954672145083,0.00011950121,0.0006156561,-0.005358417,-0.00013616144091574268,0.015532508911513422,-0.01580483179334491,0.0079942195675659
2023-09-07,-0.0031055925581531,6.725522231110243e-05,-0.0006342287418976,0.00026314938,0.00056332396,-0.0058155274,-0.00010127471319549918,0.015567551500541841,-0.015770100926932838,0.0079942990886415
2023-09-08,0.000777302798562,6.702876268193778e-05,-0.0005660654949944,0.00018478378,0.00050212536,-0.0052398625,-0.00010475098410415405,0.015564228843827037,-0.015773730812035345,0.0079943774632302
2023-09-11,0.002328289759591,6.680230322304985e-05,-0.00059691330583,0.0003510321,0.00046081626,-0.0042972346,-5.969296753565004e-05,0.015609438259893861,-0.01572882419496516,0.0079944547078722
2023-09-12,0.0015491869868292,6.657584360235966e-05,-0.0006060527702725,0.00048654858,0.0004202902,-0.005474441,-1.7642782223380112e-05,0.015651637661960056,-0.01568692322640682,0.0079945308388691
2023-09-13,0.0030911925696728,6.634938413541904e-05,-0.0006072034215143,0.00047797113,0.00034459902,-0.00596897,-2.0960969126293636e-05,0.015648466540555638,-0.015690388478808225,0.0079946058722867
2023-09-14,-0.0027042705296357,6.612292452238077e-05,-0.0006744100977339,0.00046494836,0.0002552345,-0.005628944,-4.7779604403839746e-05,0.015621792850555606,-0.015717352059363286,0.0079946798239589
2023-09-15,0.0046314247202187,6.589646504816906e-05,-0.000648575473827,0.00026313734,0.00018347066,-0.0046351403,-0.00010651388959294362,0.015563201421009417,-0.015776229200195304,0.007994752709491
2023-09-18,-0.0003851338387677,6.567000544204001e-05,-0.0006714201125447,0.0002891347,0.00015031738,-0.0035751988,-0.00010553846903421997,0.01556431763772028,-0.01577539457578872,0.0079948245442625
2023-09-19,0.0,6.544354596126294e-05,-0.0006440929049797,0.00030502467,0.00012324782,-0.0046849307,-9.120822967281234e-05,0.015578786643452533,-0.015761203102798157,0.0079948953434313
2023-09-20,-0.0015420203518152,6.521708636137249e-05,-0.0007080632387037,0.00026239041,7.571044e-05,-0.0052111545,-0.00012681858078077585,0.01554331305821339,-0.015796950219774942,0.0079949651219358
2023-09-21,0.0015420203518151,6.49906268746673e-05,-0.000669764603766,0.0002706185,3.408813e-05,-0.0051157787,-0.00011138515896377756,0.015558881274254654,-0.01578165159218221,0.0079950338944992
2023-09-22,0.0,6.476416728040995e-05,-0.0006748291764517,0.00035917584,1.4680445e-05,-0.005020282,-8.362972305709668e-05,0.015586769561181232,-0.015754029007295424,0.0079951016756318
2023-09-25,-0.0023139231303971,6.453770778835203e-05,-0.0006157646253964,0.00038333004,2.6076888e-05,-0.00455251,-5.5965625869349325e-05,0.015614564594213684,-0.015726495845952385,0.0079951684796342
2023-09-26,0.0007719027785819,6.4311248199181e-05,-0.0005271922801108,0.0003849564,5.5158293e-05,-0.006808463,-2.5974877303873e-05,0.01564468439107389,-0.015696634145681638,0.0079952343206009
2023-09-27,0.0,6.408478870228988e-05,-0.0005686531793657,0.00037624643,6.6482455e-05,-0.008343754,-4.27739868878034e-05,0.0156280124694601,-0.015713560443235706,0.0079952992124224
2023-09-28,0.0,6.385832911771152e-05,-0.0005521616199426,0.0003609347,8.133638e-05,-0.008634629,-4.24561969416295e-05,0.01562845561388481,-0.01571336800776807,0.007995363168789
2023-09-29,0.0005399776426185,6.36318696164563e-05,-0.0005024973547743,0.00036041668,0.00010226198,-0.008124644,-2.6149601719281223e-05,0.01564488575653939,-0.015697184959977954,0.0079954262031932
2023-10-02,-0.0005399776426185,6.340541003602482e-05,-0.0004121173835603,0.00038854638,0.0001556301,-0.006986638,1.327813549190827e-05,0.015684435260199803,-0.015657878989215987,0.0079954883289326
2023-10-03,-0.0011580777206277,6.317895053082912e-05,-0.0005718144736548,0.00034645424,0.00022467134,-0.007792171,-5.4060427707990296e-05,0.015617216708153097,-0.015725337563569076,0.0079955495591128
2023-10-04,0.0013123868020232,6.295249095414202e-05,-0.0005432202394262,0.00036044078,0.0002654865,-0.0077160946,-3.994232282401931e-05,0.01563145309421057,-0.015711337739858607,0.0079956099066503
2023-10-05,-0.0001543090813956,6.272603144538828e-05,-0.0005359317191107,0.00044810667,0.00029098996,-0.0069803614,-8.366339221770586e-06,0.015663145653957423,-0.015679878332400966,0.0079956693842751
2023-10-06,-0.0009263548601307,6.249957187208215e-05,-0.0006729384208301,0.0003105422,0.00032434805,-0.005116345,-9.996554965267263e-05,0.015571661339232596,-0.01577159243853794,0.0079957280045333
2023-10-09,0.0,6.227311236011571e-05,-0.000799079441564,0.00030390432,0.00037429482,-0.0026994557,-0.00014430066973462806,0.015527439458653574,-0.01581604079812283,0.0079957857797899
2023-10-10,0.0001544520815488,6.204665278986236e-05,-0.0006604171335014,0.00026759473,0.00043799926,-0.00332108,-0.00011025858357051252,0.015561593152003422,-0.01578211031914445,0.0079958427222316
2023-10-11,-0.0003861749420457,6.182019327499506e-05,-0.0007947639304743,0.00019555379,0.00047200787,-0.0034507657,-0.00017912998239976832,0.015492831751583275,-0.015851091716382812,0.0079958988438689
2023-10-12,0.0,6.159373370749822e-05,-0.0008394113472338,0.0002258158,0.00049574045,-0.002740488,-0.0001840006045087672,0.015488069542307673,-0.015856070751325207,0.007995954156539
2023-10-13,0.0010037448242645,6.136727419001162e-05,-0.0009581755852907,0.00016941184,0.00052247266,-0.002314073,-0.00024246549036689613,0.015429711506573568,-0.01591464248730736,0.0079960086719084
2023-10-16,0.000925640300587,6.114081462500373e-05,-0.0007525634228719,0.00027381096,0.0005704076,-0.0018654434,-0.0001392038827489654,0.015533078424141838,-0.01581148618963977,0.0079960624014749
2023-10-17,0.0010018110497638,6.091435510515205e-05,-0.0006650087734396,0.0002499218,0.0006394127,-0.0042808144,-0.000118057539444816,0.015554328559433558,-0.01579044363832319,0.0079961153565706
2023-10-18,0.0005390213043916,6.068789554239152e-05,-0.0011465680226673,0.00028939976,0.00065097783,-0.0051852656,-0.0002654934557083028,0.015406994939084939,-0.015937981850501545,0.0079961675483639
2023-10-19,0.0030745604542456,6.046143602040432e-05,-0.0007577556870877,0.00018689201,0.0006783124,-0.0059729572,-0.00017013408035576526,0.015502455135853754,-0.015842723296565286,0.007996218987862
2023-10-20,0.0012271822371504,6.023497645967302e-05,-0.0007791313423716,0.00027170274,0.000682312,-0.0068124146,-0.00014906454197064232,0.015523624042419425,-0.01582175312636071,0.0079962696859133
2023-10-23,0.0041306568332017,6.000851693575758e-05,-0.0007905378674257,0.00025027117,0.0007308252,-0.0060027135,-0.00016008606016331412,0.015512700460127501,-0.01583287258045413,0.0079963196532096
2023-10-24,-0.0030581063588208,5.978205737685856e-05,-0.0008341730034251,0.00023521244,0.0007520158,-0.007375334,-0.0001797261686827471,0.015493156875882323,-0.015852609213247815,0.0079963689002883
2023-10-25,0.0007654037878454,5.955559785120203e-05,-0.0007820249338741,0.00019139759,0.0007233079,-0.006620494,-0.000177023915340966,0.015495954262227435,-0.015850002092909366,0.0079964174375349
2023-10-26,0.001987312432703,5.932913829395745e-05,-0.0007032835012734,0.00023993486,0.00070011744,-0.006346245,-0.0001346731676598142,0.015538398771702391,-0.01580774510702202,0.0079964652751848
2023-10-27,-0.0004582601470251,5.910267876672882e-05,-0.0007923727038643,0.00032502267,0.0006893113,-0.0055335797,-0.0001360824516991904,0.015537081898019573,-0.015809246801417955,0.0079965124233259
2023-10-30,0.0015267178537997,5.8876219210978095e-05,-0.0006871583173072,0.00023919999,0.0006945397,-0.004226591,-0.000129694036032074,0.015543561392092708,-0.015802949464156855,0.0079965588919004
2023-10-31,0.0,5.864975968232996e-05,-0.0006832517958001,0.00029562804,0.00070150284,-0.0059878835,-0.00010965799870592335,0.015563687195079796,-0.01578300319249164,0.007996604690707
2023-11-01,0.0038066281215627,5.84233001279281e-05,-0.0008282856281784,0.00017785678,0.0006778908,-0.006362653,-0.00019733518268349063,0.015476098482946782,-0.015870768848313763,0.0079966498294032
2023-11-02,-0.0007601672733976,5.819684059799824e-05,-0.0006489104124852,0.0003259744,0.0006473155,-0.0065718004,-8.824639062906724e-05,0.01558527447168426,-0.015761767252942396,0.0079966943175068
2023-11-03,-0.0061022309876429,5.797038104481431e-05,-0.0007018339145407,0.0002397421,0.0006103795,-0.0058529815,-0.0001347071444986286,0.01553889965772263,-0.015808313946719887,0.0079967381643986
2023-11-06,0.0030557701394778,5.774392151372712e-05,-0.0006308676596223,0.00024168167,0.0006126925,-0.0050715543,-0.00011048068936952429,0.01556321081410532,-0.015784172192844368,0.0079967813793239
2023-11-07,0.002285715280856,5.751746196164292e-05,-0.0006690844221379,0.0003426956,0.00062145066,-0.008753267,-8.9623786725419e-05,0.015584151197207798,-0.015763398770658636,0.0079968239713945
2023-11-08,-0.0038124331346559,5.729100242951074e-05,-0.00066844649996,0.0003367203,0.0005931041,-0.010686314,-9.147839917682977e-05,0.015582378862021334,-0.015765335660374993,0.0079968659495909
2023-11-09,-0.0003820439396994,5.7064542878419527e-05,-0.0006729881991514,0.00025223484,0.0005653238,-0.011141448,-0.00012122960542432683,0.015552708747192915,-0.01579516795804157,0.0079969073227639
2023-11-10,-0.0011470083459784,5.6838083345343776e-05,-0.0005725318522252,0.00031093977,0.00055778236,-0.011494907,-6.825133295995206e-05,0.015605766942327784,-0.015742269608247688,0.0079969480996366
2023-11-13,0.0030557701394778,5.661162379514917e-05,-0.0006492384403321,0.00030745816,0.0005724797,-0.0118375225,-9.50562188456503e-05,0.01557904082721509,-0.01576915326490639,0.0079969882888065
2023-11-14,0.0027422320657757,5.638516426122144e-05,-0.0008340366199691,0.00031543328,0.00059929624,-0.0145642115,-0.0001540727252359595,0.015520101956307375,-0.015828247406779294,0.0079970278987466
2023-11-15,-0.0019797463254414,5.615870471183641e-05,-0.0005659631514618,0.00034894797,0.00061767997,-0.015429582,-5.361882558332121e-05,0.015620632372520359,-0.015727870023687,0.007997066937808
2023-11-16,-0.0007624857403343,5.5932245177139386e-05,-0.0008842204353701,0.00021003425,0.0006060064,-0.014306021,-0.00020608464673098687,0.015468241965142564,-0.015880411258604538,0.0079971054142212
2023-11-17,0.0007624857403345,5.5705785628485365e-05,-0.0007984105715028,0.0002232016,0.00062876317,-0.012801281,-0.00017316772862477152,0.015501233210127504,-0.015847568667377045,0.0079971433360981
2023-11-20,0.0013710109543379,5.547932609309372e-05,-0.0007023497477168,0.0002979772,0.00064340024,-0.011153616,-0.00011629774054123544,0.015558176453868035,-0.015790771934950504,0.0079971807114333
2023-11-21,0.000152218586183,5.525286654509975e-05,-0.0009521938789311,0.0002918935,0.00065712177,-0.012118133,-0.00020168250412866675,0.015472863890159876,-0.01587622889841721,0.0079972175481064
2023-11-22,0.0,5.50264070090809e-05,-0.0006874407562395,0.0002591257,0.0006665184,-0.012814822,-0.00012442954974347306,0.015550188003867009,-0.015799047103353954,0.0079972538538829
2023-11-23,-0.000304460346392,5.479994746168292e-05,-0.0007485626463866,0.00026080024,0.00065483287,-0.013082409,-0.000144320819641639,0.01553036686773529,-0.01581900850701857,0.0079972896364168
2023-11-24,0.0018253731870987,5.457348792509775e-05,-0.0008856067100169,0.00020221577,0.00066194055,-0.01231615,-0.0002096058173639341,0.015465150993008417,-0.015884362627736286,0.0079973249032512
2023-11-27,0.0007595898580184,5.4347028378237904e-05,-0.0007385367051139,0.00032545635,0.0006862755,-0.011615942,-0.00011957777557855405,0.015555247161590213,-0.015794402712747322,0.0079973596618208
2023-11-28,-0.0022805026987251,5.4120568841141376e-05,-0.0008877927148211,0.0002272012,0.0007029967,-0.013627475,-0.00020215698199331955,0.015472735100134168,-0.015877049064120807,0.0079973939194528
2023-11-29,-0.0015232295405214,5.389410929476744e-05,-0.0007974553190404,0.00021154013,0.00072006724,-0.0138377305,-0.00017734035991521084,0.015497617899487243,-0.015852298619317664,0.0079974276833686
2023-11-30,0.0,5.3667649757209184e-05,-0.0007712965473506,0.00021475667,0.0007262473,-0.013714369,-0.00016762407586446362,0.015507399407079901,-0.015842647558808827,0.0079974609606859
2023-12-01,0.0,5.344119021127399e-05,-0.0010422631469454,0.00023071891,0.00072983734,-0.013635052,-0.000252701015578042,0.015422386750923592,-0.015927788782079677,0.0079974937584192
2023-12-04,-0.0003049245335412,5.3214730673298825e-05,-0.0005928714960063,0.00025572846,0.0007418843,-0.013968224,-9.46427684443337e-05,0.015580508355180779,-0.015769793892069447,0.0079975260834822
2023-12-05,-0.0032073337918638,5.298827112775979e-05,-0.000681185750767,0.00026147487,0.00074957026,-0.017346824,-0.00012224086987974673,0.015552972697790105,-0.0157974544375496,0.0079975579426887
2023-12-06,-0.0006120887719792,5.2761811589408185e-05,-0.0009593395111761,0.0002943631,0.0007290181,-0.01874549,-0.0002040715331955639,0.015471203578602665,-0.015879346644993794,0.0079975893427542
2023-12-07,0.0010709096104941,5.2535352044226864e-05,-0.0005402423052499,0.00028973707,0.00072415115,-0.02013506,-6.598996106855771e-05,0.015609345807914541,-0.015741325730051655,0.0079976202902975
2023-12-08,0.0,5.230889250553535e-05,-0.0006118772576758,0.00026547446,0.00070511695,-0.020658694,-9.803130172342157e-05,0.015577364250286703,-0.015773426853733546,0.0079976507918419
2023-12-11,-0.000382336078066,5.208243296067702e-05,-0.0006624874352431,0.00026713693,0.0007271509,-0.019190457,-0.00011442269076080768,0.01556103178271914,-0.015789877164240757,0.0079976808538163
2023-12-12,-0.000382482314856,5.1855973421678594e-05,-0.0007538886701018,0.00024747627,0.00070742995,-0.01995603,-0.0001515188088933738,0.015523993736919131,-0.015827031354705878,0.0079977104825574
2023-12-13,-0.0004591719679663,5.16295138771119e-05,-0.0008353865321584,0.00022390032,0.000663073,-0.020731313,-0.00018661889942709603,0.0154889508818207,-0.01586218868067489,0.0079977396843101
2023-12-14,0.000994606256201,5.140305433783634e-05,-0.0006871716951209,0.00013375278,0.0006398825,-0.02069539,-0.0001673386202610212,0.015508287571588604,-0.015842964812110647,0.0079977684652294
2023-12-15,-0.0001529519733786,5.117659479353298e-05,-0.0006481441548286,0.00021656371,0.00064162933,-0.019594222,-0.00012680128334502234,0.015548880506162913,-0.01580248307285296,0.0079977968313816
2023-12-18,0.0003823360780658,5.09501352540072e-05,-0.0010448365291387,0.00019183128,0.0006314737,-0.016753232,-0.00026735170462823096,0.015408384881312557,-0.015943088290569018,0.0079978247887453
2023-12-19,-0.0006118079114055,5.0723675709941615e-05,-0.0008654857534067,9.7672084e-05,0.0006045969,-0.0176466,-0.00023902999789891948,0.015436760594798754,-0.015914820590596592,0.0079978523432131
2023-12-20,-0.0017610356375372,5.04972161701899e-05,-0.0006678394518008,0.00010469547,0.0005477111,-0.01921537,-0.0001708822552102034,0.0155049615659509,-0.015846726076371307,0.0079978795005924
2023-12-21,-0.0025321325633731,5.027075662633901e-05,-0.0008863135355632,-2.3881934e-05,0.0005184249,-0.019693417,-0.00028664157097895365,0.015389254711570962,-0.015962537853528868,0.0079979062666071
2023-12-22,0.0,5.004429708638328e-05,-0.0008569398714109,1.821021e-05,0.00051229296,-0.01965252,-0.0002628951214415056,0.015413052866479555,-0.015938843109362565,0.0079979326468985
2023-12-26,-0.0043116789926079,4.981783754272624e-05,-0.0007939327381955,3.9280378e-05,0.0005109437,-0.019931924,-0.00023494484088425793,0.015441054107287093,-0.01591094378905561,0.0079979586470262
2023-12-27,-0.0004630701634032,4.95913780025863e-05,-0.0009010772157483,3.9702023e-05,0.0005037276,-0.02216212,-0.0002705946049152379,0.015405454569126353,-0.01594664377895683,0.0079979842724702
2023-12-28,0.0001543805483574,4.936491845910431e-05,-0.0007559050892319,3.640115e-05,0.00051073893,-0.024228793,-0.00022337967359093192,0.015452719002525827,-0.01589947834970769,0.007998009528631
2023-12-29,-0.0066599797010473,4.913845891879804e-05,-0.000855568402701,2.726954e-05,0.0005002701,-0.025460187,-0.0002597201345940673,0.015416427330235672,-0.015935867599423805,0.0079980344208315
2024-01-02,0.0031031832505158,4.89119993754741e-05,-0.0008161958162804,5.684487e-05,0.0005042095,-0.025502473,-0.00023681298230164195,0.015439382568161245,-0.01591300853276453,0.0079980589543178
2024-01-03,-0.0001549306688356,4.868553983501764e-05,-0.0006529617389002,0.00015546144,0.0005855868,-0.0265156,-0.0001496049196883941,0.0155266380234614,-0.015825847862838187,0.0079980831342601
2024-01-04,-0.0003099333668075,4.845908029183642e-05,-0.000787145623933,0.00012774134,0.0007029967,-0.025950234,-0.00020364840121372125,0.015472641251665099,-0.015879938054092543,0.0079981069657545
2024-01-05,-0.0005426146406535,4.8232620751244354e-05,-0.0007535557248042,0.00012494644,0.0008176719,-0.024257308,-0.00019345888801765187,0.015482876801475623,-0.015869794577510928,0.0079981304538231
2024-01-08,0.000232585185372,4.800616120819199e-05,-0.0006243248682195,0.00015913577,0.0009078796,-0.022191467,-0.00013906097900376932,0.015537320083691785,-0.015815442041699324,0.0079981536034161
2024-01-09,0.0011621151801771,4.777970166747748e-05,-0.0008048573710933,9.6672185e-05,0.0009399005,-0.02282379,-0.0002201351614752742,0.015456290620572247,-0.015896560943522795,0.007998176419412
2024-01-10,-0.0008520857248958,4.7553242124541455e-05,-0.0007522294365282,0.00016234026,0.0009341541,-0.022941332,-0.0001807786448012195,0.015495691212171824,-0.015857248501774262,0.0079981989066189
2024-01-11,-0.0013958901064572,4.7326782583716384e-05,-0.0007296589332877,8.599856e-05,0.0008900501,-0.022244282,-0.00019877786356799456,0.015477735433192771,-0.01587529116032876,0.0079982210697759
2024-01-12,0.0,4.710032304088542e-05,-0.0008849109516792,7.996302e-05,0.00085936644,-0.020736625,-0.00025261586954610486,0.015423940241018562,-0.015929171980110773,0.0079982429135534
2024-01-15,-0.0019419744325008,4.687386349996053e-05,-0.0007829104280855,9.781665e-05,0.0008623059,-0.019011524,-0.00021273997152851314,0.015463858335878697,-0.015889338278935725,0.0079982644425547
2024-01-16,-0.0019457530363392,4.664740395722442e-05,-0.0007085855326223,7.739702e-05,0.00082759856,-0.020493638,-0.00019484703622169182,0.015481792859959041,-0.015871486932402423,0.0079982856613167
2024-01-17,-0.0001558239192866,4.642094441620938e-05,-0.0007958326865016,0.00013535503,0.0007895783,-0.02134289,-0.00020468557069513026,0.015471995314954232,-0.01588136645634449,0.0079983065743109
2024-01-18,-0.0018717834196806,4.619448487355894e-05,-0.0009155872163911,7.022906e-05,0.0007434504,-0.021478323,-0.00026638789050584705,0.015410333393944589,-0.015943109174956283,0.0079983271859441
2024-01-19,-0.0009372071913744,4.5968025332462505e-05,-0.000699762704713,7.7854806e-05,0.00071617606,-0.021493308,-0.0001919799577935125,0.015484781143303893,-0.01586874105889092,0.0079983475005599
2024-01-22,-0.0003125976893224,4.57415657898894e-05,-0.0006614228609703,3.667823e-05,0.0007300421,-0.020970013,-0.00019300102172680353,0.015483799322253635,-0.01586980136570724,0.007998367522439
2024-01-23,-0.0050148984586307,4.551510624871947e-05,-0.000908902139486,6.5607815e-06,0.00073065655,-0.022598198,-0.00028560875057909353,0.015391230270789884,-0.015962447771948073,0.0079983872558005
2024-01-24,0.0,4.528864670621621e-05,-0.0007523340751288,8.879346e-05,0.00071486295,-0.023619192,-0.00020608398947419458,0.015470793151939296,-0.015882961130887687,0.0079984067048028
2024-01-25,-0.0020445080645351,4.506218716497992e-05,-0.0008156014288842,0.0001041654,0.0006802038,-0.024147222,-0.00022212461390640667,0.015454790098240028,-0.01589903932605284,0.0079984258735441
2024-01-26,0.0006295247296349,4.483572762253972e-05,-0.0008458472035917,8.7167115e-05,0.00067656557,-0.023623504,-0.00023794812032305345,0.015439003621161603,-0.015914899861807708,0.0079984447660636
2024-01-29,-0.0026782213724402,4.460926808124351e-05,-0.0007878928804136,0.0001237056,0.0007001777,-0.022822814,-0.00020652600411078548,0.015470462233120317,-0.01588351424134189,0.0079984633863424
2024-01-30,-0.0034766153854659,4.438280853886024e-05,-0.0008746946412121,0.00011333315,0.0006785654,-0.024613898,-0.00023899289422441323,0.015438031312851621,-0.015916017101300448,0.0079984817383041
2024-01-31,-0.0082658235685317,4.415634899750993e-05,-0.0008040053070759,0.00013618628,0.0006630971,-0.026051417,-0.00020788755935946337,0.015469172099239115,-0.01588494721795804,0.0079984998258156
2024-02-01,-0.0048000092160318,4.392988945517806e-05,-0.0009652130224105,0.0001230912,0.00063078705,-0.026722578,-0.00026606397765177397,0.015411030621617293,-0.01594315857692084,0.0079985176526883
2024-02-02,0.0025628718176754,4.3703429913778905e-05,-0.0007585928382791,8.40349e-05,0.00062465516,-0.027386017,-0.0002102848361217737,0.015466844200328282,-0.01588741387257183,0.0079985352226786
2024-02-05,0.0038320340681722,4.347697037149346e-05,-0.0007988391700921,0.00018261533,0.00064047286,-0.027586492,-0.0001909156232402022,0.015486247354157455,-0.01586807860063786,0.0079985525394886
2024-02-06,-0.0023932999058402,4.32505108300502e-05,-0.0009548503076523,0.00014471554,0.00061365624,-0.029427463,-0.0002556280856074166,0.015421568343656102,-0.015932824514870936,0.0079985696067671
2024-02-07,0.0,4.302405128780666e-05,-0.0007239801125901,0.00013616218,0.00056535995,-0.03013138,-0.00018159796043409776,0.01549563143866209,-0.015858827359530286,0.0079985864281103
2024-02-08,-0.0006391818689971,4.279759174632357e-05,-0.0007776525319052,7.415638e-05,0.00049933046,-0.029784752,-0.0002202328533862921,0.015457029040456597,-0.015897494747229183,0.0079986030070627
2024-02-09,0.0019163212507642,4.257113220411788e-05,-0.0008317752505947,0.00013661997,0.00045335916,-0.02799027,-0.00021752804946352739,0.015459765870886577,-0.015894821969813632,0.0079986193471174
2024-02-12,-0.0007980209504986,4.2344672662598826e-05,-0.0007949792692807,0.00023365839,0.0004085444,-0.025706753,-0.00017299206887270036,0.015504333416493602,-0.015850317554239,0.0079986354517175
2024-02-13,-7.983713229248315e-05,4.211821312042731e-05,-0.0007195972626587,0.00020721526,0.00028899015,-0.026329666,-0.00015675459651275756,0.015520601999029198,-0.015834111192054714,0.0079986513242561
2024-02-14,-0.001038463167973,4.189175357887578e-05,-0.0007800880959658,0.0002222017,0.00017838684,-0.02636588,-0.00017199821412897475,0.015505389043303511,-0.01584938547156146,0.0079986669680778
2024-02-15,-0.001439654731577,4.166529403673513e-05,-0.000860672365257,0.0002058901,6.8277455e-05,-0.02542712,-0.0002043723237400883,0.015473045153757772,-0.015881789801237948,0.0079986823864785
2024-02-16,-0.0006405124318259,4.143883449515428e-05,-0.0007206208694629,0.00019025312,-8.076298e-06,-0.024175052,-0.00016297630498924857,0.01551447095711667,-0.015840423567095165,0.0079986975827071
2024-02-19,-0.0009615385356212,4.121237495304148e-05,-0.000856898329446,0.00010570742,-5.0951498e-05,-0.022274531,-0.00023665951149765287,0.015440817106034139,-0.015914136129029446,0.0079987125599652
2024-02-20,-0.0014440435722337,4.098591541143416e-05,-0.0009123688645571,0.000110104564,-0.000121835925,-0.023313077,-0.00025375946171522193,0.015423746088245633,-0.015931265011676077,0.0079987273214086
2024-02-21,-0.0019286409064054,4.075945586934652e-05,-0.0008914643418002,0.00011862178,-0.00019924981,-0.024195375,-0.00024402770197695116,0.015433506363511955,-0.015921561767465855,0.0079987418701474
2024-02-22,0.0,4.053299632771529e-05,-0.0008790613094811,7.227705e-05,-0.00025782222,-0.024185339,-0.00025541708771779497,0.015422145082406129,-0.01593297925784172,0.0079987562092469
2024-02-23,0.0,4.030653678565036e-05,-0.0009390260379274,3.1558266e-05,-0.00027165216,-0.02369281,-0.00028905374504724986,0.015388536124740414,-0.015966643614834915,0.0079987703417284
2024-02-26,-0.0012878301844287,4.008007724399755e-05,-0.0008389531504878,8.0228056e-05,-0.00024606436,-0.023136541,-0.0002395483390812675,0.015438068831234756,-0.015917165509397292,0.0079987842705694
2024-02-27,-0.0009669622026602,3.985361770195314e-05,-0.0008424082410859,9.3154464e-05,-0.0002701222,-0.025683755,-0.00023646671979464897,0.015441177357666366,-0.015914110797255663,0.0079987979987046
2024-02-28,-0.0016136843908311,3.962715816028084e-05,-0.0009361368473802,4.5038832e-05,-0.00029134896,-0.027064882,-0.0002838236190733064,0.015393846977818242,-0.015961494215964853,0.0079988115290263
2024-02-29,-0.0025063682926947,3.9400698618254944e-05,-0.0008655812188192,6.904846e-05,-0.0002994807,-0.02738421,-0.00025237735340031506,0.015425319380795067,-0.015930074087595697,0.0079988248643854
2024-03-01,-0.0028373412898251,3.9174239076565045e-05,-0.0010282202819455,7.684286e-05,-0.0002870482,-0.027108239,-0.0003040677276229783,0.01537365476725597,-0.015981790222501926,0.0079988380075913
2024-03-04,0.0001623508405221,3.894777953455588e-05,-0.0010056044594662,8.52396e-05,-0.00023645088,-0.026935508,-0.00029380569331054803,0.015383942191059327,-0.015971553577680424,0.0079988509614132
2024-03-05,-0.0008120179090115,3.8721319992850086e-05,-0.0009640127413057,5.3074167e-05,-0.0002397156,-0.02975055,-0.00029073908477094995,0.015387033823246242,-0.01596851199278814,0.0079988637285802
2024-03-06,-0.0013006017115442,3.8494860450856014e-05,-0.0011525984697851,0.00012351286,-0.00023724599,-0.03121203,-0.00033019691644474805,0.015347600654648363,-0.01600799448753786,0.0079988763117822
2024-03-07,0.0,3.826840090913588e-05,-0.0010794097347216,0.00014522151,-0.00021939236,-0.031822175,-0.0002986399412708214,0.015379181937523162,-0.015976461820064805,0.0079988887136704
2024-03-08,-0.001302295479513,3.804194136715544e-05,-0.0010310297694411,4.7038633e-05,-0.0001880943,-0.032300223,-0.00031531639835798153,0.015362529437882522,-0.015993162234598485,0.0079989009368574
2024-03-11,-0.0013855497550546,3.781548182542235e-05,-0.0010067149115172,7.3782925e-05,-0.000116812334,-0.0327319,-0.0002983721682305926,0.015379497280249862,-0.01597624161671105,0.0079989129839186
2024-03-12,-0.0014691481584715,3.758902228345422e-05,-0.0008466861146607,9.613007e-05,-0.000116872565,-0.035817254,-0.0002376556741257486,0.015440237046362573,-0.01591554839461407,0.007998924857392
2024-03-13,-0.0017985616359148,3.736256274170943e-05,-0.0010355686736873,7.851738e-05,-0.000113089816,-0.037592594,-0.0003065629103151969,0.015371352746852035,-0.01598447856748243,0.0079989365597792
2024-03-14,-0.0009823987691449,3.713610319975242e-05,-0.0008470632499336,0.000106875974,-9.807928e-05,-0.038104817,-0.00023435039091128251,0.015443587872438094,-0.01591228865426066,0.0079989480935456
2024-03-15,-0.0022960239688965,3.690964365799707e-05,-0.0007502294882762,0.00011703158,-6.527536e-05,-0.038130056,-0.0001987627548727343,0.015479197788924428,-0.015876723298669897,0.007998959461121
2024-03-18,-0.0020544856632752,3.668318411605009e-05,-0.0009794837642279,2.7715278e-05,-1.1521734e-05,-0.03737629,-0.0003050284340372833,0.0153729540691675,-0.015983010937242068,0.0079989706649004
2024-03-19,0.0006578947605715,3.64567245742852e-05,-0.0007851439712011,9.837081e-05,-2.5219148e-05,-0.039629314,-0.00021677214554227163,0.01546123200065636,-0.015894776291740905,0.0079989817072442
2024-03-20,-0.0006578947605717,3.623026503234728e-05,-0.0010321072727618,0.00011070691,-5.611965e-05,-0.040535465,-0.0002950566992431509,0.015382968778095103,-0.015973082176581405,0.0079989925904787
2024-03-21,-0.0019762852282118,3.6003805490573785e-05,-0.0008195980085501,0.00013312635,-4.993955e-05,-0.039806418,-0.00021682261768650872,0.015461223883431022,-0.01589486911880404,0.0079990033168967
2024-03-22,-0.0021453923568392,3.577734594864405e-05,-0.0008000891366171,0.00015837682,-3.2206397e-05,-0.03858347,-0.00020197832355615201,0.01547608889840953,-0.015880045545521835,0.007999013888758
2024-03-25,-0.002481185624903,3.5550886406862776e-05,-0.0011232578541572,0.0001436795,-1.6070701e-06,-0.036895446,-0.00031467582258344574,0.015363411821664365,-0.015992763466831258,0.0079990243082897
2024-03-26,-0.0033178530767934,3.532442686494043e-05,-0.0008140040359241,0.00013639107,-4.1627132e-05,-0.03905389,-0.00021409617968638653,0.01546401159258033,-0.015892203951953104,0.0079990345776871
2024-03-27,-0.0016630637460198,3.5097967323152134e-05,-0.0008940150763365,8.854047e-05,-9.4826595e-05,-0.04030492,-0.0002567922130044493,0.015421335397258207,-0.015934919823267106,0.0079990446991136
2024-03-28,-0.0011657924544575,3.4871507781236464e-05,-0.0010753853767618,9.3503826e-05,-9.491092e-05,-0.04028844,-0.0003156700143268545,0.015362477148087887,-0.015993817176741598,0.0079990546747014
2024-04-01,-0.0003333333364198,3.464504823944183e-05,-0.000981148693835,0.000105466475,-7.131089e-05,-0.039519276,-0.0002803457235318527,0.015397820709310265,-0.01595851215637397,0.0079990645065521
2024-04-02,-0.0005002084306047,3.4418588697532184e-05,-0.0010779663336812,0.00010849027,-6.4492306e-05,-0.04050048,-0.00031168582499455593,0.015366499600609965,-0.015989871250599075,0.007999074196737
2024-04-03,-0.0003336113458797,3.4192129155731825e-05,-0.0011786510539025,0.00014098098,-6.238408e-05,-0.04068174,-0.00033449264824892273,0.01534371149645418,-0.016012696792952023,0.0079990837472975
2024-04-04,-0.0015026298845348,3.3965669613827614e-05,-0.0009565010959344,4.437625e-05,-5.349341e-05,-0.040679764,-0.00029271972544019076,0.015385502868640988,-0.01597094231952137,0.0079990931602455
2024-04-05,-0.0011702751481903,3.3739210072022084e-05,-0.001187809844062,0.00011606782,-3.9856226e-05,-0.04050302,-0.00034600093799665925,0.015332239839628978,-0.016024241715622296,0.0079991024375641
2024-04-08,-0.0009204636439185,3.3512750530122785e-05,-0.001065844922018,6.289245e-05,1.8619807e-05,-0.037878275,-0.0003231465738292924,0.0153551121253378,-0.016001405272996386,0.0079991115812077
2024-04-09,-0.0005861910313147,3.328629098831259e-05,-0.0009285894762628,0.0001019849,-8.353379e-06,-0.037999067,-0.00026443942842482914,0.015413836934056069,-0.015942715790905726,0.0079991205931025
2024-04-10,0.0,3.305983144641772e-05,-0.0009987823092492,9.0359565e-05,-2.7785154e-05,-0.038489792,-0.00029178763760092746,0.015386506133687387,-0.015970081408889242,0.0079991294751471
2024-04-11,0.0,3.2833371904603314e-05,-0.0011153983466179,8.6227454e-05,-1.8737874e-05,-0.03821464,-0.0003321125069044322,0.015346198422351872,-0.016010423436160735,0.0079991382292124
2024-04-12,0.0018411587760275,3.260691236271245e-05,-0.0008819953091664,6.271175e-05,-1.26902905e-05,-0.03638351,-0.0002622255489345625,0.015416102291065128,-0.015940553388934253,0.0079991468571427
2024-04-15,0.0033389012655146,3.238045282089424e-05,-0.0009827184695661,0.00022977925,4.0436888e-05,-0.03427418,-0.00024018625558173525,0.015438158251499438,-0.01591853076266291,0.0079991553607557
2024-04-16,0.0049875415110388,3.215399327900699e-05,-0.0010931312301211,0.00013200597,-7.0763986e-06,-0.034734603,-0.0003096570889473643,0.015368703845063936,-0.015988018022958666,0.0079991637418425
2024-04-17,0.0,3.192753373718534e-05,-0.00068340226062,0.00011838084,-2.8459785e-05,-0.033665758,-0.00017769796229427157,0.015500679161956772,-0.015856075086545317,0.0079991720021689
2024-04-18,0.0,3.1701074195301365e-05,-0.0011928650473873,-7.4166026e-05,-8.306874e-05,-0.032608107,-0.00041177666639733286,0.015266616414813472,-0.016090169747608137,0.0079991801434749
2024-04-19,-0.0034886653873031,3.147461465347661e-05,-0.0009248773362828,0.00011063463,-8.075572e-05,-0.029471133,-0.00026092269720977447,0.015417486111042598,-0.015939331505462145,0.0079991881674757
2024-04-22,0.0,3.124815511159558e-05,-0.0006171536876222,0.00015826839,-9.9934514e-05,-0.025929442,-0.0001425457141702015,0.015535878594518144,-0.01582097002285855,0.0079991960758614
2024-04-23,-0.0081878642745323,3.102169556976803e-05,-0.0009862613699927,-6.847985e-05,-0.00015000175,-0.027755933,-0.0003412398414743107,0.015337199744309967,-0.016019679427258588,0.0079992038702981
2024-04-24,-0.0038665257887199,3.079523602788966e-05,-0.0009224754965461,0.00023342948,-0.00018240813,-0.027285907,-0.00021941692683940346,0.015459037715919086,-0.015897871569597894,0.0079992115524278
2024-04-25,-0.0029519694189844,3.056877648605958e-05,-0.0007198169459496,0.00031685483,-0.00019485266,-0.027229926,-0.00012413111315451346,0.01555433836962794,-0.015802600595936966,0.0079992191238686
2024-04-26,0.0024465359990761,3.034231694418361e-05,-0.0009368474579108,0.000119525306,-0.00014796582,-0.026845675,-0.0002623266116555388,0.015416157497327231,-0.01594081072063831,0.0079992265862157
2024-04-29,0.0026926976889083,3.0115857402351248e-05,-0.0008431030928574,0.0002806175,-1.779821e-05,-0.026424127,-0.00017745657848501628,0.015501041945955342,-0.015855955102925375,0.007999233941041
2024-04-30,0.0,2.988939786047745e-05,-0.0008102533381079,0.00021949114,1.6487493e-05,-0.02845685,-0.00018695760008247416,0.01549155513210957,-0.01586547033227452,0.0079992411898939
2024-05-01,-0.0016820861829847,2.9662938318643025e-05,-0.0010903995463661,0.00011866997,5.1953797e-05,-0.028681852,-0.0003140222126824857,0.015364504522547865,-0.015992548947912837,0.0079992483343012
2024-05-02,0.0005049230099698,2.9436478776771183e-05,-0.0008635049182418,0.00021182926,6.2771986e-05,-0.02811144,-0.0002074130598216763,0.015471127476683798,-0.01588595359632715,0.0079992553757681
2024-05-03,0.0045328710199872,2.9210019234934896e-05,-0.0006989297631964,0.00021274482,9.20341e-05,-0.02766805,-0.00015232497465382167,0.015526229164270666,-0.01583087911357831,0.0079992623157778
2024-05-06,0.003511415697277,2.8983559693064827e-05,-0.0011745456780928,0.00012915084,0.00014249889,-0.025866894,-0.0003388037594665783,0.015339763785886331,-0.016017371304819488,0.0079992691557923
2024-05-07,-0.0028416233078698,2.8757100151226856e-05,-0.0007933486364335,0.00030771116,0.00013860772,-0.02660547,-0.00015229345876075772,0.015526287299854143,-0.015830874217375657,0.0079992758972525
2024-05-08,0.0001673780236561,2.8530640609358382e-05,-0.0009305752984713,0.00020582986,6.851839e-05,-0.025093658,-0.0002320715992873139,0.015446522182206348,-0.015910665380780977,0.0079992825415784
2024-05-09,0.0,2.8304181067518897e-05,-0.0011787136536582,0.00017174895,4.1533163e-05,-0.022973906,-0.0003262201741968936,0.015352386442535717,-0.016004826790929506,0.0079992890901697
2024-05-10,0.0048418159536409,2.807772152565187e-05,-0.0009592600546051,0.00019354194,3.5859037e-05,-0.02065461,-0.0002458801310264827,0.015432739136008884,-0.01592449939806185,0.0079992955444058
2024-05-13,0.002661345549514,2.785126198381101e-05,-0.0008327183692255,0.00019762586,6.0531245e-05,-0.018685592,-0.000202413749080563,0.01547621798598638,-0.015881045484147507,0.0079993019056464
2024-05-14,0.0036478236437504,2.7624802441945284e-05,-0.0011961104116783,0.00017661594,3.6666184e-05,-0.019206962,-0.00033062322307878493,0.015348020800374762,-0.01600926724653233,0.0079993081752314
2024-05-15,-0.004644998398143,2.7398342900103183e-05,-0.001127283172238,0.00027922005,5.854801e-07,-0.018379008,-0.00027355492644596564,0.015405101208337773,-0.015952211061229706,0.0079993143544815
2024-05-16,-0.0041656312840119,2.717188335823864e-05,-0.0008173101040063,0.00019995094,-4.3410088e-05,-0.016825117,-0.0001967290935493538,0.015481938978059313,-0.015875397165158022,0.0079993204446983
2024-05-17,0.0005007929325931,2.694542381639542e-05,-0.001208103130414,8.197487e-05,-3.2097974e-05,-0.015573375,-0.0003663942788658682,0.015312285557577335,-0.01604507411530907,0.0079993264471649
2024-05-20,0.0010008341118988,2.671896427453193e-05,-0.0010993283691947,0.00017590517,5.4845073e-05,-0.014918008,-0.00029890141164005604,0.015379790020125121,-0.015977592843405233,0.0079993323631455
2024-05-21,0.0003333889012377,2.649250473268771e-05,-0.0009077876357335,0.0002461511,8.2962724e-05,-0.018226083,-0.00021171467700027073,0.015466988183017075,-0.015890417537017615,0.0079993381938864
2024-05-22,0.0,2.6266045190825175e-05,-0.0009996315270571,0.00015273882,0.00011939279,-0.01999464,-0.0002735422206220916,0.015405171902984682,-0.015952256344228866,0.0079993439406157
2024-05-23,0.0,2.6039585648980045e-05,-0.0008103295332641,0.00019095185,0.00019224087,-0.020588437,-0.0001977793658717067,0.015480945859034728,-0.01587650459077814,0.0079993496045441
2024-05-24,0.001998002662673,2.581312610711838e-05,-0.0009812205921561,0.00022392442,0.0002523071,-0.020287575,-0.00024382768201632724,0.015434908484238091,-0.015922563848270746,0.0079993551868645
2024-05-27,0.0044809634350359,2.5586666565272425e-05,-0.0008435416264612,0.0003866791,0.0003478758,-0.019886784,-0.0001437586199653092,0.01553498832999057,-0.015822505569921187,0.007999360688753
2024-05-28,-0.0016572758184955,2.5360207023411544e-05,-0.0007715159333326,0.00018077214,0.00039619624,-0.022179227,-0.00018846119543639614,0.015490296382845667,-0.01586721877371846,0.0079993661113684
2024-05-29,0.0014088594714226,2.513374748156485e-05,-0.0008739610343807,0.00031066267,0.00043389125,-0.021505296,-0.00017938820563304507,0.01549937984783864,-0.01585815625910473,0.0079993714558529
2024-05-30,8.281230595581376e-05,2.490728793970467e-05,-0.0010337563049234,0.00039417233,0.00046624942,-0.01953305,-0.0002048922289945651,0.015473886148736939,-0.015883670606726068,0.0079993767233324
2024-05-31,0.0,2.46808283978573e-05,-0.0009623620988229,0.00038283612,0.00047811572,-0.01706632,-0.0001849483834750142,0.015493840169761327,-0.015863736936711354,0.0079993819149165
2024-06-03,0.0006622516798332,2.445436885599776e-05,-0.0009617933632768,0.00040089458,0.00051769003,-0.015455966,-0.00017881480480693408,0.015499983777322516,-0.015857613386936385,0.0079993870316987
2024-06-04,0.0008271983265955,2.4227909314149785e-05,-0.0009159580084755,0.00041720617,0.00051875017,-0.017773286,-0.0001581746430537834,0.015520633823469349,-0.015836983109576916,0.0079993920747567
2024-06-05,0.001652346707734,2.4001449772290825e-05,-0.0009949803143003,0.00035991071,0.0005305562,-0.018894305,-0.00020368938484266976,0.015475128823657208,-0.015882507593342546,0.007999397045153
2024-06-06,-0.0008258320727006,2.37749902304423e-05,-0.0011634572238002,0.0003583205,0.0005330499,-0.018188534,-0.0002604539111899192,0.0154183738989217,-0.01593928172130154,0.0079994019439345
2024-06-07,0.0018159311634839,2.3548530688583856e-05,-0.0005261117357599,0.000490765,0.0005765516,-0.017333932,-3.932735023772029e-06,0.015674904538356908,-0.015682770008404453,0.007999406772133
2024-06-10,0.0003298153064197,2.332207114673484e-05,-0.0012132182585599,7.436118e-05,0.0006356781,-0.015773175,-0.00037184500247105503,0.015307001597829521,-0.01605069160277163,0.0079994115307656
2024-06-11,0.0018120423375131,2.3095611604876863e-05,-0.0010847158881289,0.0003836192,0.0006719877,-0.01741631,-0.00022600035884134105,0.01545285543399467,-0.015904856151677353,0.0079994162208347
2024-06-12,0.0,2.2869152063027403e-05,-0.0006252771030065,0.00053570024,0.0006854201,-0.01858901,-2.223590364782418e-05,0.01565662894927525,-0.015701100756570902,0.0079994208433281
2024-06-13,0.0003291097610746,2.264269252116985e-05,-0.0010270848578909,0.00041523046,0.0007072131,-0.01749847,-0.00019640390178991005,0.01548246988068031,-0.01587527768426013,0.0079994253992195
2024-06-14,0.0,2.2416232979319983e-05,-0.0010664326599738,0.00040590612,0.0007904818,-0.015580507,-0.00021270343566482666,0.015466179147693828,-0.01589158601902348,0.0079994298894687
2024-06-17,0.0029571238897438,2.218977343746282e-05,-0.0009904688584777,0.0003936543,0.0008332727,-0.013281148,-0.0001915415950134124,0.015487349662428531,-0.015870432852455357,0.0079994343150214
2024-06-18,0.0008198737853701,2.196331389561259e-05,-0.0009377017115624,0.00049800525,0.0008780152,-0.015563569,-0.0001392443825555958,0.01553965542399181,-0.015818144189103,0.0079994386768099
2024-06-19,0.0005735119570578,2.1736854353755768e-05,-0.0011266969173659,0.00028115962,0.0008976397,-0.015975177,-0.00027460014767071475,0.015404308084804775,-0.015953508380146204,0.0079994429757528
2024-06-20,0.0,2.151039481190521e-05,-0.001037706856452,0.00040521944,0.0009282511,-0.015505527,-0.00020365900721336494,0.015475257529787805,-0.015882575544214534,0.0079994472127557
2024-06-21,-0.0003276808417949,2.12839352700487e-05,-0.0009224212644973,0.00031936058,0.0009542364,-0.014333355,-0.00019392558307575048,0.0154849991387982,-0.015872850304949702,0.0079994513887112
2024-06-24,0.0002457706971778,2.1057475728197848e-05,-0.0010287793667398,0.00034068373,0.001023097,-0.013776183,-0.00022234605367053408,0.015456586735146919,-0.015901278842487987,0.0079994555044987
2024-06-25,0.0004913602588418,2.083101618634162e-05,-0.0010970042296272,0.0002654383,0.0010489377,-0.016335852,-0.00027024497114695284,0.015408695768384236,-0.015949185710678142,0.0079994595609853
2024-06-26,0.0006547716717805,2.06045566444905e-05,-0.0007466546612622,0.00037696926,0.0010803683,-0.018332422,-0.0001163602815392365,0.015562588294150352,-0.015795308857228824,0.0079994635590253
2024-06-27,0.0013082585676249,2.0378097102634524e-05,-0.0011932971610326,0.000281774,0.0010893914,-0.018470818,-0.0002970483546433219,0.015381907944300237,-0.01597600465358688,0.007999467499461
2024-06-28,-0.0029459923106878,2.015163756078316e-05,-0.000901583218842,0.0003753429,0.0011541802,-0.017924536,-0.00016869622709373894,0.01551026768382597,-0.015847660138013447,0.0079994713831223
2024-07-01,-0.0079812823396389,1.9925178018927412e-05,-0.0009408298159705,0.00028093072,0.0012007658,-0.016668722,-0.00021332463931719083,0.015465646773904319,-0.0158922960525387,0.0079994752108273
2024-07-02,0.0055196416447029,1.9698718477075835e-05,-0.0011287396052988,0.00034897207,0.0012810589,-0.018971117,-0.000253356272273908,0.015425622535155201,-0.015932335079703017,0.0079994789833822
2024-07-03,0.0004928131516576,1.9472258935220297e-05,-0.0010840452663647,0.00025390935,0.0013220307,-0.022295626,-0.00027022121914315996,0.015408764875956778,-0.015949207314243097,0.0079994827015816
2024-07-04,0.0004925704064782,1.924579939336852e-05,-0.0010675391004784,0.0002920742,0.0013147182,-0.022941958,-0.0002520730336950105,0.015426920244074237,-0.015931066311464258,0.0079994863662088
2024-07-05,-0.0007389466242071,1.9019339851513168e-05,-0.0011189945758557,0.00028626755,0.0013486906,-0.022729341,-0.000271235895334729,0.015407764461615243,-0.0159502362522847,0.0079994899780357
2024-07-08,-0.0012327924306324,1.879288030966121e-05,-0.0010327012948977,0.0002690765,0.0013936018,-0.021721287,-0.0002482773048626796,0.015430730029270206,-0.015927284638995565,0.0079994935378229
2024-07-09,-0.0009873293545185,1.856642076780603e-05,-0.0010400287405503,0.00024572946,0.0014177681,-0.024195904,-0.000258577619927498,0.015420436590860485,-0.01593759183071548,0.0079994970463204
2024-07-10,-0.0027201929150132,1.8339961225953917e-05,-0.0012078299708616,0.00030082028,0.0014034803,-0.02550205,-0.00029622324321188203,0.015382797745151632,-0.015975244231575397,0.0079995005042671
2024-07-11,-0.0035556328029412,1.8113501684098884e-05,-0.0010487900864047,0.00025472854,0.001405444,-0.026461195,-0.00025864934824020036,0.015420378320046942,-0.015937677016527343,0.0079995039123914
2024-07-12,0.0021514282191746,1.7887042142246622e-05,-0.0010572940713008,0.0001633763,0.0014181896,-0.026872408,-0.0002920102430528511,0.015387024008913102,-0.015971044495018804,0.0079995072714112
2024-07-15,0.0034656359466296,1.766058260039173e-05,-0.0010736654951234,0.000281774,0.001477509,-0.027456325,-0.00025807697084100274,0.01542096376994564,-0.015937117711627646,0.007999510582034
2024-07-16,0.0008233841552053,1.743412305853934e-05,-0.0013954776058872,0.0003233361,0.0014749671,-0.029790174,-0.00035156912760955355,0.01532747800850636,-0.01603061626372547,0.0079995138449571
2024-07-17,0.000329163926606,1.7207663516684572e-05,-0.0009868235788773,0.0002483798,0.0014639923,-0.030461045,-0.00024041203845353846,0.015438641400847154,-0.01591946547775423,0.0079995170608677
2024-07-18,-0.0007407712590276,1.6981203974832063e-05,-0.0010528825999724,0.00020664906,0.001428008,-0.029736914,-0.00027641744533252264,0.015402642206336543,-0.015955477097001586,0.0079995202304434
2024-07-19,0.0008230453139507,1.675474443297741e-05,-0.0010652414834834,0.00025080124,0.0014155152,-0.028092634,-0.00026589516635014084,0.015413170608179191,-0.015944960940879473,0.0079995233543517
2024-07-22,-0.000740710292703,1.6528284891124792e-05,-0.0009897460999187,0.00027553368,0.0013976013,-0.026616843,-0.00023256137834252503,0.015446510430828455,-0.015911633187513506,0.0079995264332505
2024-07-23,-0.0003293807671411,1.630182534927024e-05,-0.0010533985726858,0.00021452778,0.0013204766,-0.028197309,-0.0002741896557788432,0.01540488810108642,-0.015953267412644107,0.0079995294677884
2024-07-24,-0.0006590871881361,1.6075365807417528e-05,-0.0007792801375134,0.00024129616,0.0012694335,-0.028779287,-0.0001739695372353275,0.015505114081629691,-0.015853053156100347,0.0079995324586046
2024-07-25,-0.0009894459910128,1.5848906265563067e-05,-0.0008993940125155,0.0001697853,0.0012143066,-0.027491586,-0.00023791993541664566,0.01544116946098839,-0.01591700933182168,0.0079995354063291
2024-07-26,-0.0013207860595978,1.5622446723710267e-05,-0.0011506730929262,0.00018029027,0.0011839843,-0.025452863,-0.00031825345873416324,0.015360841631967735,-0.01599734854943606,0.0079995383115826
2024-07-29,-0.0003304692693655,1.5395987181855887e-05,-0.0009793474995512,0.00021372063,0.0011584207,-0.02351896,-0.0002500769607897814,0.015429023742165532,-0.015929177663745096,0.0079995411749772
2024-07-30,-0.0005785841381392,1.516952764000301e-05,-0.0010012330277883,0.00016473762,0.0011154732,-0.02583403,-0.0002737752933827656,0.015405330940964593,-0.015952881527730126,0.007999543997116
2024-07-31,-0.000165371258852,1.4943068098148704e-05,-0.0012720286158206,3.6533667e-05,0.0010820187,-0.026650827,-0.0004068506269074837,0.015272261059135383,-0.016085962312950352,0.0079995467785933
2024-08-01,-0.001241156917429,1.4716608556295757e-05,-0.0010117684150228,0.00015230513,0.0010742845,-0.02649218,-0.0002815822254888347,0.015397534833701754,-0.015960699284679424,0.0079995495199952
2024-08-02,0.0014892035514675,1.4490149014441518e-05,-0.0011520247645665,0.00012364537,0.0010394688,-0.026081378,-0.00033796308185068616,0.01534115927307116,-0.01601708543677253,0.0079995522218989
2024-08-05,-0.0008270614978102,1.4263689472588504e-05,-0.0011159065993566,0.00024287432,0.0010475041,-0.026238868,-0.0002862561966280039,0.015392871377724254,-0.015965383770980262,0.0079995548848736
2024-08-06,-0.0017390588623715,1.4037229930734328e-05,-0.0009929183582518,0.0001632197,0.001006424,-0.029399587,-0.0002718871427736885,0.015407245575807306,-0.015951019861354682,0.0079995575094801
2024-08-07,-0.0022403859514159,1.3810770388881255e-05,-0.0010109321989686,0.00015754557,0.0009577421,-0.031206151,-0.0002798586195265729,0.015399279169165371,-0.015958996408218518,0.0079995600962714
2024-08-08,-0.0031616633375786,1.3584310847027135e-05,-0.0010997166510242,0.00015008848,0.0009340818,-0.031823162,-0.0003120146200590576,0.01536712816569385,-0.015991157405811966,0.0079995626457923
2024-08-09,-0.0018350159457295,1.3357851305174011e-05,-0.0009707259970899,9.85997e-05,0.00093865965,-0.03148717,-0.00028625614859490865,0.015392891562221303,-0.01596540385941112,0.0079995651585797
2024-08-12,-0.0010859124819339,1.313139176331994e-05,-0.0011649815418284,0.0001733271,0.0009763667,-0.030978054,-0.0003261743500216933,0.015352978214897589,-0.016005326914940977,0.0079995676351629
2024-08-13,8.357360750338059e-05,1.2904932221466767e-05,-0.0012224447015881,0.00019563812,0.0009758487,-0.033441987,-0.0003379672164555444,0.015341190132629112,-0.016017124565540202,0.0079995700760636
2024-08-14,-0.0005015464453542,1.2678472679612742e-05,-0.0010049364290503,0.00010987567,0.00096439203,-0.035358984,-0.00029412742879022906,0.015385034635529734,-0.015973289493110193,0.0079995724817959
2024-08-15,-0.000669120132024,1.2452013137759529e-05,-0.0013187645601827,9.366044e-05,0.00093352766,-0.03598209,-0.00040421736901498015,0.015274949342603358,-0.01608338408063332,0.0079995748528665
2024-08-16,0.0,1.2225553595905542e-05,-0.0012175788704414,0.00010103319,0.00094852614,-0.036406446,-0.00036810670894849815,0.015311064583010304,-0.0160472780009073,0.0079995771897749
2024-08-19,0.0026737983844022,1.199909405405229e-05,-0.0010087543241578,0.000110104564,0.0009736923,-0.034363497,-0.00029555022203458256,0.015383625584271093,-0.01597472602834026,0.0079995794930131
2024-08-20,0.0025834424135684,1.177263451219834e-05,-0.0011394510001361,0.00013298178,0.0009636933,-0.03552275,-0.00033156552854130054,0.01534761472706904,-0.01601074578415164,0.0079995817630665
2024-08-21,0.0025767854330968,1.1546174970345053e-05,-0.0012798712576148,0.00018400073,0.0009289257,-0.036355667,-0.000361441450881485,0.015317743189927995,-0.016040626091690966,0.007999584000413
2024-08-22,-0.0043261298752111,1.1319715428491136e-05,-0.0009665530910435,0.00014048704,0.0008808101,-0.035051137,-0.0002715821118716696,0.015407606850955371,-0.01595077107469871,0.007999586205524
2024-08-23,0.003329452051842,1.1093255886637815e-05,-0.0012430629506001,2.8968165e-05,0.0008270685,-0.03317741,-0.0004010005099044874,0.015278192712668759,-0.016080193732477734,0.0079995883788639
2024-08-26,-0.001496881776381,1.086679634478393e-05,-0.0010944761300437,0.0001697371,0.0008304537,-0.03032806,-0.0003046240778996387,0.01537457334304574,-0.015983821498845016,0.0079995905208905
2024-08-27,0.0006655574288944,1.0640336802930583e-05,-0.0009902529343467,0.00012689806,0.00075358193,-0.03022819,-0.00028423817918125645,0.015394963379646347,-0.01596343973800886,0.0079995926320549
2024-08-28,-0.0017480339074657,1.0413877261076722e-05,-0.0011244922802262,3.0546318e-05,0.00068611884,-0.030730054,-0.0003611773616550411,0.015318028275436489,-0.01604038299874657,0.0079995947128018
2024-08-29,-0.0029201973110861,1.0187417719223351e-05,-0.0011548852273288,7.9252255e-05,0.00063931633,-0.029641803,-0.00035514851820319217,0.01532406113839303,-0.016034358174799413,0.0079995967635695
2024-08-30,-0.0008359107734086,9.960958177369516e-06,-0.0010647171665697,0.00010840594,0.00059629657,-0.027937805,-0.00031545008946411016,0.015363763528724093,-0.015994663707652314,0.0079995987847899
2024-09-02,0.0003344481636525,9.73449863551612e-06,-0.0009963746904421,0.00013848724,0.0006063799,-0.027437916,-0.0002827176506021946,0.015396499872099657,-0.015961935173304048,0.0079996007768887
2024-09-03,-0.0005017142006738,9.508039093662307e-06,-0.0011406841421227,0.00013376483,0.0005569632,-0.029780379,-0.0003324704243430126,0.015346750946616763,-0.01601169179530279,0.0079996027402856
2024-09-04,-0.0003346160312298,9.281579551808892e-06,-0.0010084505523462,0.00013872818,0.0005247375,-0.03145369,-0.00028681359759813034,0.01539241156617411,-0.01596603876137037,0.007999604675394
2024-09-05,0.0007527286768659,9.055120009955096e-06,-0.0011643753307917,0.00013789695,0.0004895483,-0.032069534,-0.0003391410869272483,0.015340087815011089,-0.016018369988865584,0.0079996065826216
2024-09-06,0.0065830828133473,8.828660468101662e-06,-0.0009816848005462,0.000171761,0.0005022217,-0.031109896,-0.00026703171335936614,0.015412200872885834,-0.015946264299604565,0.00799960846237
2024-09-09,-0.0013297874300014,8.602200926247886e-06,-0.0011424264440385,0.00013122291,0.0005283636,-0.0301844,-0.00033420044437075064,0.015345035773098243,-0.016013436661839745,0.0079996103150352
2024-09-10,0.0009975063171253,8.375741384394433e-06,-0.0012215106968845,0.000120440876,0.00048542823,-0.030904362,-0.0003642313598333686,0.015315008436541133,-0.01604347115620787,0.0079996121410074
2024-09-11,0.0019920325312404,8.149281842540672e-06,-0.0009943559344689,0.00023691107,0.00044414322,-0.030411689,-0.00024976519420878647,0.01542947812950696,-0.015929008517924535,0.0079996139406713
2024-09-12,0.0016570012076295,7.922822300687204e-06,-0.0013234179732736,0.00018528975,0.0003966179,-0.028686032,-0.00037673513365763764,0.015302511666577532,-0.016055981933892807,0.0079996157144057
2024-09-13,0.0,7.696362758833459e-06,-0.0012178488628972,0.00013831859,0.0003924737,-0.026010266,-0.0003572779700461222,0.015321972256619302,-0.016036528196711548,0.0079996174625844
2024-09-16,0.0,7.469903216979977e-06,-0.0010887117852267,0.00021613002,0.0003977744,-0.023251783,-0.0002883706206699067,0.015390882983058268,-0.015967624224398083,0.0079996191855756
2024-09-17,0.0044602370134372,7.243443675126245e-06,-0.0012704271483795,0.00011533295,0.00036407897,-0.024150005,-0.0003826169182347913,0.015296640013899724,-0.016061873850369307,0.0079996208837421
2024-09-18,0.0032911005516266,7.016984133272752e-06,-0.001170274166842,8.955242e-05,0.00034346659,-0.024504729,-0.00035790158756957577,0.015321358625016155,-0.016037161800155308,0.0079996225574417
2024-09-19,0.0029527580508805,6.790524591419032e-06,-0.0012334447973994,0.00030744614,0.00030204907,-0.023286417,-0.0003064027109359936,0.015372860734836536,-0.015985666156708524,0.0079996242070268
2024-09-20,-0.0032813811231775,6.564065049565527e-06,-0.0011894355041187,0.0003954614,0.00029771216,-0.02127798,-0.0002624700130230449,0.015416796619352958,-0.015941736645399048,0.0079996258328449
2024-09-23,-0.0039519234703424,6.337605507711817e-06,-0.0010944393310483,0.0003372624,0.00032458897,-0.018716866,-0.0002502797751801961,0.015428989997887065,-0.01592954954824746,0.0079996274352384
2024-09-24,-0.0076184535425057,6.1111459658583015e-06,-0.0013198899699218,0.0002325862,0.0003232397,-0.019252427,-0.00036039754131864723,0.015318875327189355,-0.01603967040982665,0.0079996290145449
2024-09-25,-0.0029970052402692,5.8846864240046016e-06,-0.0012539162826228,0.00024266953,0.00033581676,-0.020048538,-0.0003351206887329319,0.015344155230617188,-0.016014396608083053,0.007999630571097
2024-09-26,-0.0035078963558566,5.658226882151077e-06,-0.0012172766509947,0.00029250787,0.0003749574,-0.020735674,-0.000306370184704183,0.015372908741531719,-0.015985649110940085,0.0079996321052224
2024-09-27,-0.0087395514249638,5.4317673402973856e-06,-0.0011911814787199,0.0002889781,0.00046351476,-0.021168968,-0.0002989238704598675,0.01538035801933935,-0.015978205760259084,0.0079996336172445
2024-09-30,-0.0045681493871851,5.205307798443853e-06,-0.0010700942613269,0.0003869321,0.00061117456,-0.022039808,-0.00022598561784281865,0.015453299192820924,-0.015905270428506563,0.0079996351074815
2024-10-01,0.0022020843996397,4.97884825659017e-06,-0.0012990878680259,0.0003019527,0.00071983837,-0.02725008,-0.0003307187732564367,0.015348568916188665,-0.016010006462701537,0.0079996365762475
2024-10-02,-0.0050890695074711,4.75238871473663e-06,-0.0010290283377292,0.00034735777,0.00087022077,-0.031106463,-0.00022563939300482118,0.015453651133744315,-0.01590492991975396,0.0079996380238516
2024-10-03,0.0,4.525929172882954e-06,-0.0010583950458471,0.00029961558,0.0009873054,-0.033804502,-0.0002514178455580723,0.015427875477615968,-0.015930711168732112,0.007999639450599
2024-10-04,-0.0023837913552761,4.299469631029407e-06,-0.0012200609936808,0.0001967103,0.0011190511,-0.03617588,-0.0003396837413499236,0.01533961233795848,-0.016018979820658325,0.00799964085679
2024-10-07,-0.0005968367828614,4.073010089175738e-06,-0.0010734339547103,0.00028162944,0.0012379789,-0.037197534,-0.0002625771682070414,0.015416721627525724,-0.015941875963939808,0.0079996422427208
2024-10-08,-0.0005971932097461,3.846550547322184e-06,-0.0010710695426837,6.760282e-05,0.0012521823,-0.04102556,-0.00033320672404545934,0.01534609474897381,-0.016012508197064727,0.0079996436086833
2024-10-09,-0.0003414134550061,3.62009100546852e-06,-0.0010669561462094,0.000121910605,0.0012440506,-0.043626513,-0.0003138084834013105,0.015365495628330676,-0.015993112595133297,0.0079996449549653
2024-10-10,0.0001707212978964,3.393631463614962e-06,-0.001174581929699,0.00018771121,0.0012036811,-0.043550245,-0.0003278256960784617,0.015351481016348124,-0.01600713240850505,0.0079996462818503
2024-10-11,0.0009384465134405,3.167171921761303e-06,-0.001138690418608,0.00024529576,0.0011596736,-0.042251617,-0.0002967424955620796,0.015382566780088806,-0.015976051771212967,0.0079996475896178
2024-10-14,8.52696653680865e-05,2.94071237990774e-06,-0.001052507542662,0.000304338,0.0011258456,-0.040277757,-0.00024840961009403074,0.015430902191850641,-0.015927721412038704,0.0079996488785432
2024-10-15,-0.0011944374767049,2.7142528380540854e-06,-0.0012697365968741,0.000100346515,0.0010157604,-0.04097919,-0.00038889194301201536,0.015290422348828065,-0.016068206234852094,0.007999650148898
2024-10-16,0.0,2.487793296200517e-06,-0.0012786867531395,6.9783324e-05,0.000875919,-0.0402756,-0.00040213854528109986,0.015277178200580313,-0.016081455291142514,0.0079996514009497
2024-10-17,0.0005120764812758,2.261333754346868e-06,-0.0011922009473261,0.00016825533,0.00073325867,-0.03898597,-0.00034056142785725106,0.015338757736668466,-0.01601988059238297,0.0079996526349621
2024-10-18,0.0003412386997794,2.034874212493296e-06,-0.0013083242739794,0.00022075606,0.000624089,-0.037280273,-0.0003618444465889688,0.015317477101753426,-0.016041165994931363,0.0079996538511951
2024-10-21,0.0003411222956495,1.8084146706396496e-06,-0.0011897007223066,0.00018183228,0.0005708172,-0.03508822,-0.0003353533425453201,0.015343970555268089,-0.016014677240358727,0.0079996550499048
2024-10-22,0.0006818956963847,1.581955128786074e-06,-0.0013317715173929,0.00015987063,0.0004464442,-0.035051342,-0.00039010631075470467,0.015289219902679146,-0.016069432524188555,0.0079996562313438
2024-10-23,0.0008517162596472,1.3554955869324315e-06,-0.0011585030795388,0.00018279604,0.0003283597,-0.03424812,-0.0003247838479839559,0.015354544647707018,-0.01600411234367493,0.0079996573957607
2024-10-24,-0.0005109427003772,1.1290360450788527e-06,-0.0012323683664403,0.00023341745,0.0002449223,-0.03286202,-0.00033260729346507365,0.015346723451600885,-0.016011938038531032,0.007999658543401
2024-10-25,0.0004258037109257,9.025765032252136e-07,-0.0013089544474876,0.0001641473,0.00018769916,-0.030514702,-0.00038130152366145823,0.015298031438371086,-0.016060634485694003,0.0079996596745064
2024-10-28,8.513898945153687e-05,6.761169613716315e-07,-0.0010258866154634,0.000255102,0.00018548251,-0.027232263,-0.0002567028328340095,0.015422632314223196,-0.015936037979891217,0.0079996607893149
2024-10-29,-0.0023866359777308,4.496574195179951e-07,-0.0013619218254633,0.00010112957,0.00010423769,-0.027910784,-0.00042011419934792735,0.015259223101252809,-0.016099451499948663,0.0079996618880616
2024-10-30,0.0,2.2319787766441038e-07,-0.0012101195024719,7.361427e-05,6.2362386e-05,-0.027547374,-0.0003787606781980785,0.015300578744918214,-0.016058100101314372,0.0079996629709777
2024-10-31,0.0,-3.261664189223473e-09,-0.0010431184835603,0.0001316807,2.7847795e-05,-0.026483964,-0.0003038136817414964,0.015375527833309647,-0.01598315519679264,0.0079996640382914
2024-11-01,0.0007677543563306,-2.2972120604281066e-07,-0.0012654852211128,0.00011022503,4.9881717e-05,-0.025794275,-0.00038516330410628095,0.01529418027273942,-0.016064506880951984,0.0079996650902274
2024-11-04,-0.0004264574246899,-4.5618074789644214e-07,-0.0012183001029754,0.0001424507,8.0746075e-05,-0.024554338,-0.0003587685279077655,0.01532057708102674,-0.01603811413684227,0.0079996661270074
2024-11-05,-0.0008534608352816,-6.826402897500315e-07,-0.0010503722185134,0.00016865288,2.8317627e-05,-0.025778601,-0.00029413399293438334,0.01538521361881083,-0.015973481604679596,0.0079996671488496
2024-11-06,-0.0006832935011323,-9.090998316036608e-07,-0.0008637721310044,0.00019267456,-2.2696538e-06,-0.026804812,-0.00022400222361200123,0.015455347362088024,-0.015903351809312027,0.0079996681559694
2024-11-07,-8.544452519416115e-05,-1.1355593734572524e-06,-0.0013064205490214,0.002171174,2.9919875e-05,-0.028348656,0.0002878726305350476,0.015967224161749494,-0.015391478900679397,0.0079996691485788
2024-11-08,8.544452519416115e-05,-1.36201891531088e-06,-0.0011285978931408,0.00018850631,5.4941447e-05,-0.027896786,-0.000313817867352037,0.015365535581346288,-0.015993171316050363,0.0079996701268869
2024-11-11,-0.0005982650492531,-1.588478457164473e-06,-0.0006203203763322,0.00042237435,0.00011109242,-0.026367193,-6.651150159645484e-05,0.01561284383695915,-0.01574586684015206,0.0079996710910998
2024-11-12,-0.0005986231845928,-1.8149379990180988e-06,-0.0013015764437871,6.265152e-05,0.00010997205,-0.030405786,-0.000413579953928706,0.015265777247255278,-0.01609293715511269,0.0079996720414204
2024-11-13,-0.0003422313517318,-2.041397540871693e-06,-0.0009599095822991,0.00023675445,0.000136885,-0.033058204,-0.0002417321766133239,0.01543762686036291,-0.015921091213589558,0.0079996729780491
2024-11-14,0.0,-2.2678570827253176e-06,-0.0009161307948844,0.00064252084,0.000117754396,-0.03202589,-9.195927065570842e-05,0.015587401575662973,-0.01577132011697439,0.007999673901183
2024-11-15,-0.0027420754113627,-2.4943166245789137e-06,-0.0010745167500263,0.000213046,0.00016420755,-0.02975408,-0.000287988355550293,0.015391374274042437,-0.015967350985143024,0.0079996748110167
2024-11-18,-0.0013738624864042,-2.7207761664325365e-06,-0.0012102923114901,0.00026336624,0.00024884962,-0.026704954,-0.00031654894921884414,0.01536281543795469,-0.01599591333639238,0.0079996757077416
2024-11-19,0.0,-2.947235708286134e-06,-0.0012102941664536,0.00016689402,0.00026816092,-0.0277904,-0.0003487824607206287,0.015330583658710902,-0.016028148580152158,0.0079996765915467
2024-11-20,0.0,-3.1736952501397555e-06,-0.0012226653899907,0.0001480646,0.00029103813,-0.028078526,-0.0003592581617469466,0.015320109664984722,-0.016038625988478616,0.0079996774626182
2024-11-21,0.0003436426150656,-3.400154791993354e-06,-0.0014568615719325,0.00011718819,0.0003132046,-0.027271101,-0.00044769117890816455,0.015231678330525257,-0.016127060688341587,0.0079996783211395
2024-11-22,-0.000171806546252,-3.6266143338469744e-06,-0.0013939226147646,6.2856314e-05,0.00036038057,-0.02679262,-0.00044489763836614893,0.015234473529524993,-0.01612426880625729,0.0079996791672914
2024-11-25,0.0005153311116363,-3.853073875700574e-06,-0.0010312610007925,6.938577e-05,0.00041786875,-0.026639972,-0.0003219094348894002,0.015357463367564713,-0.016001282237343515,0.0079996800012521
2024-11-26,-0.0004294241488241,-4.079533417554193e-06,-0.0013139322781877,-0.00026856814,0.00044356496,-0.030499753,-0.0005288599838684181,0.01515051442959829,-0.016208234397335125,0.0079996808231973
2024-11-27,-0.0011173665694744,-4.305992959407794e-06,-0.0013633976384529,9.709383e-05,0.0004403123,-0.03186295,-0.00042353660047076926,0.015255839400797427,-0.016102912601738965,0.0079996816333001
2024-11-28,-0.0001720134174706,-4.532452501261413e-06,-0.0008906305422969,0.00026273978,0.00045547943,-0.03271672,-0.00021080773826605382,0.015468569827927098,-0.015890185304459205,0.0079996824317312
2024-11-29,0.0,-4.758912043115014e-06,-0.0012984653967314,-2.0287143e-06,0.00048100698,-0.032224845,-0.0004350843410248384,0.015244294767546213,-0.01611446344959589,0.0079996832186587
2024-12-02,-0.0005162178553934,-4.985371584968632e-06,-0.0011296754156211,7.34697e-05,0.0005705522,-0.030270366,-0.00035373036240202285,0.015325650266324644,-0.01603311099112869,0.0079996839942483
2024-12-03,-0.000344293341325,-5.211831126822235e-06,-0.0012321913687829,6.268766e-05,0.0005225329,-0.032109793,-0.00039157184663657406,0.015287810280343494,-0.01607095397361664,0.0079996847586633
2024-12-04,-0.0003444119200565,-5.438290668675852e-06,-0.0012826269120722,4.4749708e-05,0.00047423659,-0.03317104,-0.00041443849824695866,0.015264945105400244,-0.01609382210189416,0.0079996855120649
2024-12-05,8.611410123724719e-05,-5.664750210529455e-06,-0.0011031534226706,7.834873e-05,0.00044463715,-0.032451797,-0.00034348981429370987,0.015335895244745225,-0.016022874873332645,0.0079996862546117
2024-12-06,8.610668623745352e-05,-5.891209752383071e-06,-0.0012371198712384,8.2878396e-05,0.00044174588,-0.031377148,-0.0003867108949969277,0.01529267559846467,-0.016066097388458527,0.00799968698646
2024-12-09,-0.0003444712400579,-6.117669294236675e-06,-0.0013265454665404,3.1040243e-05,0.00047409203,-0.029741045,-0.00043387429761154554,0.015245513609605894,-0.016113262204828983,0.007999687707764
2024-12-10,-0.0001722801279134,-6.344128836090291e-06,-0.0012535199070736,5.6025678e-05,0.00043811972,-0.030704021,-0.0004012794526365635,0.015278109847967807,-0.016080668753240934,0.0079996884186757
2024-12-11,-8.615119540108283e-05,-6.570588377943895e-06,-0.0012985931512964,7.816802e-05,0.0004108213,-0.030855572,-0.00040899857322478127,0.015270392100690831,-0.016088389247140393,0.0079996891193447
2024-12-12,8.615119540106039e-05,-6.797047919797511e-06,-0.0012013411227935,4.848427e-05,0.00041523046,-0.029853396,-0.00038655130023776586,0.01529284072720269,-0.016065943327678224,0.0079996898099186
2024-12-13,0.0018934509486863,-7.023507461651116e-06,-0.001245153813905,3.369058e-05,0.00044061345,-0.028946994,-0.00040616224712221706,0.015273231114342065,-0.0160855556085865,0.007999690490543
2024-12-16,0.0013748068843549,-7.24996700350473e-06,-0.0013510923766172,9.567229e-05,0.00047476665,-0.027862573,-0.0004208900178735683,0.015258504658393993,-0.01610028469414113,0.007999691161361
2024-12-17,0.0010298662084297,-7.476426545358336e-06,-0.0010737934807573,0.00013839087,0.00043945696,-0.028491521,-0.00031429301243421945,0.015365102959693415,-0.015993688984561855,0.0079996918225141
2024-12-18,0.0049627893421288,-7.70288608721195e-06,-0.0008986306132763,0.00025436713,0.00042426572,-0.028445393,-0.00021732212312117064,0.015462075126196169,-0.01589671937243851,0.0079996924741415
2024-12-19,0.0023870429066727,-7.929345629065554e-06,-0.0012561000601098,0.00021709378,0.00044950412,-0.02865024,-0.0003489785419129552,0.01533041996619263,-0.01602837705001854,0.0079996931163804
2024-12-20,0.0085633657385887,-8.155805170919168e-06,-0.0012816963977283,0.00022027419,0.00045426268,-0.027137237,-0.0003565260042997398,0.015322873744457816,-0.016035925753057297,0.0079996937493661
2024-12-23,-0.0046541230614692,-8.382264712772775e-06,-0.0009468095638267,0.00056410703,0.00046420144,-0.023538489,-0.0001303615995131576,0.015549039372021366,-0.01580976257104768,0.0079996943732319
2024-12-24,-0.0023777185115152,-8.608724254626388e-06,-0.001276706159022,0.00023568228,0.0003984972,-0.021450927,-0.00034987753442554213,0.01532952464226849,-0.016029279711119573,0.0079996949881092
2024-12-26,-0.0061402205537872,-8.835183796479995e-06,-0.0013755435920394,0.00024150097,0.00034338227,-0.01975505,-0.00038095926861196004,0.015298444095877939,-0.016060362633101857,0.0079996955941275
2024-12-27,0.0008550663197334,-9.061643338333608e-06,-0.0011381934760332,0.000349466,0.00028566518,-0.01747469,-0.0002659297064571779,0.015413474828715046,-0.015945334241629402,0.0079996961914144
2024-12-30,0.0021344725286325,-9.288102880187217e-06,-0.0012357096438478,0.00047274274,0.00028997802,-0.016864836,-0.00025741833557599574,0.01542198735341177,-0.015936824024563763,0.0079996967800958
2024-12-31,0.0002558308119525,-9.514562422040828e-06,-0.0013682731179946,0.00035927224,0.00028899015,-0.02023134,-0.00033950514680554687,0.015339901679373831,-0.016018911972984926,0.0079996973602956
2025-01-02,0.0018740954458723,-9.741021963894435e-06,-0.0012795956625038,0.00027393142,0.00029350776,-0.021718912,-0.00033846842148923146,0.015340939525497524,-0.016017876368475986,0.0079996979321361
2025-01-03,0.0062781236156781,-9.967481505748049e-06,-0.0011480973771827,0.00041414626,0.00045253997,-0.020848025,-0.0002479728662294827,0.015431436185416213,-0.01592738191787518,0.0079996984957376
2025-01-06,-0.0003383522278937,-1.0193941047601654e-05,-0.0013033006346298,0.00032814284,0.0007124656,-0.019136438,-0.00032845057855913386,0.015350959561829908,-0.016007860718948178,0.0079996990512189
2025-01-07,0.0016906174779073,-1.0420400589455266e-05,-0.0014192281484463,0.00024447657,0.00086546224,-0.020083789,-0.00039505732634525175,0.01528435388710087,-0.016074468539791373,0.007999699598697
2025-01-08,-0.0046560930677651,-1.0646860131308874e-05,-0.0012233011612442,0.00042450664,0.0009624404,-0.020441223,-0.0002698137937918363,0.015409598477251074,-0.015949226064834746,0.0079997001382872
2025-01-09,-0.0002545932885986,-1.0873319673162486e-05,-0.0012881221054698,0.00030926522,0.0010216754,-0.019554505,-0.00032991006838098755,0.015349503245021087,-0.016009323381783062,0.0079997006701031
2025-01-10,0.0,-1.1099779215016094e-05,-0.0013583354972732,0.0002796176,0.0011176537,-0.01884431,-0.0003632725588294054,0.015316141781913728,-0.01604268689957254,0.0079997011942567
2025-01-13,0.0,-1.1326238756869706e-05,-0.0012158368650884,0.0002619206,0.0012130537,-0.017932221,-0.00032174750128175655,0.015357667852000902,-0.016001162854564415,0.0079997017108585
2025-01-14,0.003642991278501,-1.1552698298723314e-05,-0.0013434175807828,0.00021978027,0.001255182,-0.020970145,-0.00037839666969384115,0.015301019681539869,-0.016057813020927552,0.0079997022200172
2025-01-15,0.0022806953333221,-1.1779157840576926e-05,-0.0014092349136366,0.00034488813,0.0012901544,-0.022883097,-0.00035870864715905904,0.015320708687647538,-0.016038125981965655,0.0079997027218401
2025-01-16,0.000506115573857,-1.2005617382430536e-05,-0.0012119043514285,0.0004206757,0.0013234402,-0.02333587,-0.0002677447562703102,0.015411673547938171,-0.015947163060478792,0.0079997032164329
2025-01-17,0.0013483905633078,-1.2232076924284146e-05,-0.0012853213814668,0.0003492612,0.0013639422,-0.022371968,-0.00031609741946369473,0.015363321840179717,-0.015995516679107105,0.0079997037038997
2025-01-20,0.0025233422422523,-1.2458536466137757e-05,-0.0013414428238103,0.00041724232,0.0014366577,-0.020907417,-0.0003122196800921459,0.015367200521220524,-0.015991639881404816,0.0079997041843432
2025-01-21,0.0034383026870367,-1.2684996007991368e-05,-0.0014689680574377,0.00039353385,0.0014309956,-0.0227893,-0.00036270640114856377,0.01531671472826605,-0.016042127530563177,0.0079997046578646
2025-01-22,-8.372054088353797e-05,-1.2911455549844977e-05,-0.0012590148267674,0.000418182,0.0014263936,-0.023763489,-0.00028458142743908164,0.015394840616705771,-0.015964003471583936,0.0079997051245637
2025-01-23,-0.0011728241270644,-1.3137915091698589e-05,-0.0012959470344668,0.0003750899,0.0014097206,-0.023043117,-0.00031133168318616625,0.015368091262509685,-0.015990754628882015,0.0079997055845387
2025-01-24,0.0008378718546312,-1.3364374633552195e-05,-0.0014651317223566,0.00027838882,0.001421623,-0.021378972,-0.0004000357589967174,0.015279388075260822,-0.016079459593254256,0.0079997060378865
2025-01-27,-0.0052061583707874,-1.3590834175405809e-05,-0.0012232712701109,0.00039625648,0.0014527525,-0.020140553,-0.0002802018747621019,0.015399222835254993,-0.015959626584779195,0.0079997064847026
2025-01-28,-0.001516556024089,-1.3817293717259415e-05,-0.0013630558958567,0.00029154413,0.0014377901,-0.022920249,-0.0003617763531913198,0.015317649219967639,-0.01604120192635028,0.0079997069250811
2025-01-29,0.0035350596530808,-1.4043753259113027e-05,-0.0013311562196232,0.0003298294,0.0014550413,-0.024979465,-0.00033845685762743776,0.015340969566237374,-0.01601788328149225,0.0079997073591147
2025-01-30,0.0015112084145431,-1.4270212800966636e-05,-0.0012676888544094,0.00039873816,0.0014831349,-0.0255297,-0.0002944069690701222,0.01538502029324408,-0.015973834231384324,0.007999707786895
2025-01-31,0.0051878620245295,-1.4496672342820246e-05,-0.0013998934843321,0.00037917384,0.0015212275,-0.025396965,-0.0003450721055583067,0.015334355983124819,-0.016024500194241433,0.0079997082085118
2025-02-03,0.0,-1.4723131884673854e-05,-0.0012897029217616,0.00031421654,0.001606785,-0.024349708,-0.0003300698378820913,0.015349359065264143,-0.016009498741028326,0.0079997086240542
2025-02-04,-0.0033439255369325,-1.4949591426527464e-05,-0.0015151271631931,0.00027926825,0.0015892808,-0.025873398,-0.0004169361682065426,0.015262493537668075,-0.01609636587408116,0.0079997090336095
2025-02-05,-0.0010053620149759,-1.5176050968381073e-05,-0.0013831296461741,0.00025629465,0.001586016,-0.026030527,-0.00038067034904749365,0.015298760147990144,-0.016060100846085133,0.0079997094372641
2025-02-06,-0.0033585254071343,-1.5402510510234685e-05,-0.0013250201694648,0.0002626434,0.0015663675,-0.025351837,-0.00035925975999167816,0.015320171516810008,-0.016038691036793364,0.0079997098351029
2025-02-07,-0.0015150242776657,-1.5628970052088295e-05,-0.0014107255829623,0.00023836875,0.0015834982,-0.02451198,-0.0003959952676714628,0.015283436777659745,-0.01607542731300267,0.0079997102272098
2025-02-10,0.0005052631686437,-1.5855429593941905e-05,-0.0015324898716302,0.00026582382,0.0016282287,-0.023796162,-0.0004275071604080473,0.015251925642379859,-0.016106939963195954,0.0079997106136673
2025-02-11,0.0,-1.6081889135795515e-05,-0.0012344804484205,0.0002990012,0.0016433597,-0.025169577,-0.00031718704585209846,0.015362246503479228,-0.015996620595183426,0.0079997109945568
2025-02-12,-0.0037112053391659,-1.6308348677649125e-05,-0.0013426351830806,0.00025683676,0.0016676945,-0.026920523,-0.00036736892391941637,0.015312065361199438,-0.01604680320903827,0.0079997113699586
2025-02-13,-0.0010145418523244,-1.6534808219502735e-05,-0.001539040288381,0.00028944795,0.0017034982,-0.028066853,-0.0004220423822001676,0.015257392628105361,-0.016101477392505698,0.0079997117399518
2025-02-14,0.0003382949964603,-1.6761267761356345e-05,-0.0011299231807557,0.00025088555,0.0017516981,-0.027852332,-0.00029859963283901885,0.015380836092204616,-0.015978035357882652,0.0079997121046141
2025-02-17,0.0016053402121107,-1.6987727303209955e-05,-0.0013902505130423,0.0002481509,0.0018051266,-0.02825522,-0.0003863624467818367,0.01529307398270246,-0.016065798876266135,0.0079997124640226
2025-02-18,0.0026137192907643,-1.7214186845063565e-05,-0.0014926515741852,0.0002941824,0.0018173421,-0.030920312,-0.0004052277870100879,0.015274209336765205,-0.01608466491078538,0.0079997128182527
2025-02-19,-0.0025292990467397,-1.7440646386917176e-05,-0.0011388461601305,0.00034840585,0.0018120053,-0.031781383,-0.00026929365217247237,0.01541014415589076,-0.015948731460235704,0.0079997131673792
2025-02-20,-0.0016897604561353,-1.7667105928770786e-05,-0.0013892509316305,0.00014282417,0.0017853213,-0.032116733,-0.00042136462251975696,0.015258073859972616,-0.01610080310501213,0.0079997135114757
2025-02-21,-8.456302064140113e-05,-1.7893565470624396e-05,-0.0014011360854235,0.00024821114,0.0018041387,-0.031669274,-0.00039027283696470814,0.015289166310239516,-0.016069711984168934,0.0079997138506144
2025-02-24,-8.457017215057962e-05,-1.812002501247801e-05,-0.0013594764439737,0.00022486408,0.0018050543,-0.030583527,-0.00038424412966205925,0.01529519567267726,-0.016063683932001378,0.007999714184867
2025-02-25,0.0,-1.8346484554331616e-05,-0.0012395290031118,0.00017879644,0.0017431086,-0.031932548,-0.00035969301588871055,0.01531974743214654,-0.016039133463923962,0.0079997145143037
2025-02-26,-0.0010154003241696,-1.8572944096185223e-05,-0.0012962218740457,0.00024192261,0.0017086061,-0.03354323,-0.0003576240693806284,0.015321817015047612,-0.016037065153808868,0.007999714838994
2025-02-27,-0.0001693336724052,-1.879940363803884e-05,-0.001261874620135,0.0001927107,0.0016634299,-0.03418596,-0.00036265444125767966,0.015316787270394667,-0.016042096152910027,0.0079997151590063
2025-02-28,0.0,-1.9025863179892446e-05,-0.0011051328933766,0.00020033644,0.0016491181,-0.034058478,-0.00030794077218549744,0.01537150155765418,-0.015987383102025174,0.007999715474408
2025-03-03,-0.0001693623511541,-1.9252322721746056e-05,-0.0014466722043104,0.00010852641,0.0016464919,-0.03395203,-0.00045246603901071534,0.015226976900109471,-0.016131908978130903,0.0079997157852654
2025-03-04,0.0002540327715933,-1.9478782263599667e-05,-0.0012279171000537,0.00019075909,0.0015980268,-0.035188556,-0.0003522122641057665,0.015327231275516672,-0.016031655803728204,0.0079997160916441
2025-03-05,0.0009309017724676,-1.970524180545328e-05,-0.001240785396703,0.0001305001,0.0015298531,-0.035921328,-0.0003766635128361511,0.015302780618636509,-0.01605610764430881,0.0079997163936085
2025-03-06,-0.0003384094786948,-1.9931701347306887e-05,-0.0014180382266611,0.00027211235,0.0014891343,-0.036079023,-0.00038861919266946896,0.015290825522126435,-0.016068063907465374,0.0079997166912224
2025-03-07,0.0,-2.0158160889160497e-05,-0.0013991476677352,0.00016849628,0.0014566075,-0.03522706,-0.00041693651620812016,0.015262508773506546,-0.016096381805922787,0.0079997169845483
2025-03-10,-8.462026660424058e-05,-2.0384620431014107e-05,-0.0012757768806755,0.00016450872,0.001437236,-0.033513088,-0.00037721759370217136,0.015302228262648104,-0.016056663450052445,0.0079997172736481
2025-03-11,-0.0002539037718349,-2.061107997286772e-05,-0.0014093253903193,0.00019537308,0.0013783744,-0.034909647,-0.0004115211300973892,0.015267925284724506,-0.016090967544919284,0.0079997175585826
2025-03-12,0.0,-2.0837539514721327e-05,-0.0013847177577557,0.00014864285,0.001337752,-0.035347916,-0.00041897081575680717,0.015260476149490321,-0.016098417781003935,0.0079997178394118
2025-03-13,0.0035487996686872,-2.1063999056574937e-05,-0.0013815360387304,0.00011248987,0.0013126461,-0.034368422,-0.00043003672259565834,0.01524941078514654,-0.016109484230337857,0.007999718116195
2025-03-14,-8.434903636214587e-05,-2.1290458598428547e-05,-0.0014452616338452,0.00013392144,0.0013194164,-0.032519948,-0.00044421021748120953,0.015235237824939777,-0.016123658259902196,0.0079997183889903
2025-03-17,-0.0010127437780108,-2.151691814028216e-05,-0.001441653974957,7.779457e-05,0.0013484376,-0.030096395,-0.0004617921076990941,0.015217656461697293,-0.01614124067709548,0.0079997186578553
2025-03-18,0.0010970928143729,-2.1743377682135768e-05,-0.0016319270426522,6.074809e-05,0.0012985632,-0.030646268,-0.0005309741101114453,0.01514847497866789,-0.01621042319889078,0.0079997189228466
2025-03-19,0.0001686767314448,-2.1969837223989374e-05,-0.0013855744376993,0.00011862178,0.0012761076,-0.029941315,-0.00042964083164109644,0.015249808769037908,-0.0161090904323201,0.0079997191840199
2025-03-20,-0.0003373819195293,-2.2196296765842988e-05,-0.001407262397852,7.079527e-05,0.0012443517,-0.028516447,-0.00045288780820594766,0.015226562296997636,-0.016132337913409532,0.0079997194414304
2025-03-21,0.0012645957087216,-2.24227563076966e-05,-0.0013984748666085,9.7178156e-05,0.0012645787,-0.026929824,-0.00044123982230539886,0.015238210780153518,-0.016120690424764317,0.0079997196951321
2025-03-24,-0.0007585655047887,-2.2649215849550208e-05,-0.0013704019557241,0.0001796036,0.0013025146,-0.025547734,-0.0004044825238578834,0.015274968568692171,-0.016083933616407937,0.0079997199451786
2025-03-25,-0.0006410148496343,-2.2875675391403815e-05,-0.0013755441885931,0.00014125805,0.0012685421,-0.02685994,-0.00041905393799483454,0.015260397637585462,-0.01609850551357513,0.0079997201916226
2025-03-26,-0.0002025111388046,-2.310213493325743e-05,-0.0012703272288311,0.00016035252,0.0012560374,-0.027640656,-0.0003776922812547858,0.015301759770396182,-0.016057144332905754,0.0079997204345158
2025-03-27,-0.0001687906156425,-2.332859447511104e-05,-0.0014062011322437,0.00016747227,0.0012557723,-0.02779287,-0.0004206858189062704,0.01525876670195635,-0.01610013833976889,0.0079997206739095
2025-03-28,0.0,-2.355505401696465e-05,-0.0014600649519331,0.00013505387,0.0012851789,-0.026894767,-0.0004495220453166882,0.015229930937997151,-0.01612897502863053,0.007999720909854
2025-03-31,-0.0004221012261396,-2.378151355881826e-05,-0.001445814187251,0.00017890487,0.0013363786,-0.025208272,-0.00043023027693660617,0.015249223162165825,-0.016109683716039037,0.0079997211423992
2025-04-01,-8.444162977357633e-05,-2.400797310067187e-05,-0.0014608188737554,0.000147655,0.0013329693,-0.02607126,-0.000445723948952024,0.015233729939372019,-0.016125177837276065,0.0079997213715939
2025-04-02,0.0026986017388992,-2.423443264252548e-05,-0.0015193870918203,0.00012921107,0.001373411,-0.026701774,-0.0004714701514876085,0.015207984179585736,-0.016150924482560954,0.0079997215974864
2025-04-03,-0.0005054334199083,-2.446089218437909e-05,-0.0014488049207286,0.0002100463,0.0013711944,-0.026221376,-0.00042107317097099306,0.01525838159647283,-0.016100527938414814,0.0079997218201244
2025-04-04,0.0043719592086282,-2.46873517262327e-05,-0.0011190307371071,0.0002376098,0.0013951438,-0.02477122,-0.00030203609627777757,0.015377419101249434,-0.015981491293804988,0.0079997220395547
2025-04-07,0.005855307402219,-2.491381126808631e-05,-0.0012973809371721,0.00013758373,0.0014553184,-0.02458278,-0.0003949036728133954,0.015284551948600468,-0.016074359294227257,0.0079997222558234
2025-04-08,0.0041614708412521,-2.514027080993992e-05,-0.0012850581435581,0.00036489818,0.0014415849,-0.027037594,-0.00031510007812268,0.015364355961070865,-0.015994556117316226,0.0079997224689763
2025-04-09,-0.0116960397631912,-2.536673035179353e-05,-0.0013910334615937,0.0006362805,0.0013818559,-0.028047325,-0.0002600398973151645,0.015419416553638711,-0.01593949634826904,0.0079997226790581
2025-04-10,0.0020147756983412,-2.559318989364714e-05,-0.0014262025341119,0.00036928328,0.0013476064,-0.025851535,-0.0003608374813351824,0.015318619375446492,-0.016040294338116858,0.0079997228861131
2025-04-11,0.0,-2.581964943550075e-05,-0.0014789673135566,0.00035022496,0.0013925417,-0.023515407,-0.0003848540009973669,0.015294603255765036,-0.01606431125775977,0.0079997230901849
2025-04-14,0.0,-2.604610897735436e-05,-0.0016423255679046,0.00025960756,0.0014373926,-0.021706035,-0.00046958803896065144,0.015209869612019884,-0.016149045689941185,0.0079997232913166
2025-04-15,0.0013409321486309,-2.627256851920797e-05,-0.001743172097005,0.00026596838,0.001402878,-0.022951547,-0.0005011587618414027,0.015178299277677184,-0.01618061680135999,0.0079997234895503
2025-04-16,0.0017572491028715,-2.649902806106158e-05,-0.0019135487166814,0.00032774528,0.0013453778,-0.023310198,-0.0005374341549141538,0.015142024267544726,-0.016216892577373035,0.007999723684928
2025-04-17,0.0006686168239058,-2.672548760291519e-05,-0.0013118404720314,0.00038155913,0.0013577379,-0.020414226,-0.0003190022765447717,0.015360456523337198,-0.015998461076426742,0.0079997238774908
2025-04-21,0.0020865508550846,-2.69519471447688e-05,-0.0017215571888648,0.00022549053,0.0014136961,-0.018226674,-0.0005076728686698562,0.015171786303197182,-0.016187132040536893,0.0079997240672791
2025-04-22,-0.0005003752919013,-2.717840668662241e-05,-0.0016272572425298,0.00023209228,0.001453138,-0.017857736,-0.0004741144564054742,0.015205345082087401,-0.01615357399489835,0.0079997242543331
2025-04-23,0.0008338197764844,-2.740486622847602e-05,-0.0010938967071043,0.00024021194,0.0014865322,-0.01738623,-0.0002936965444442587,0.015385763355392061,-0.01597315644428058,0.007999724438692
2025-04-24,-0.0011675424560375,-2.763132577032963e-05,-0.0019078607153816,-0.00014945965,0.0014902427,-0.018844286,-0.0006949838970506432,0.014984476358923164,-0.01637444415302445,0.0079997246203948
2025-04-25,0.0,-2.785778531218324e-05,-0.0011216271567733,0.00019177103,0.001559561,-0.017215608,-0.000319237970695161,0.015360222636284856,-0.015998698577675177,0.0079997247994796
2025-04-28,-0.0003338340875603,-2.808424485403685e-05,-0.0012335633024146,0.00020713093,0.0016058695,-0.016073458,-0.0003515055390895456,0.015327955413839682,-0.016030966492018774,0.0079997249759843
2025-04-29,-8.347593810930218e-05,-2.831070439589046e-05,-0.0014961362069161,0.0002080465,0.0016253133,-0.017804693,-0.00043880013710399687,0.015240661156789967,-0.01611826143099796,0.0079997251499459
2025-04-30,0.0,-2.853716393774407e-05,-0.001124605756423,0.00025080124,0.0016545875,-0.019382643,-0.00030078056012024804,0.015378681069825905,-0.015980242190066402,0.0079997253214011
2025-05-01,8.347593810927975e-05,-2.876362347959768e-05,-0.0014124253610767,0.00028974912,0.001631385,-0.021489851,-0.0003838132881854325,0.015295648672971325,-0.01606327524934219,0.0079997254903861
2025-05-02,0.0,-2.899008302145129e-05,-0.0012714372930586,0.00034797218,0.00167526,-0.022019833,-0.0003174850653600171,0.01536197722223513,-0.015996947352955166,0.0079997256569363
2025-05-05,0.0,-2.92165425633049e-05,-0.0015875620093997,0.00039776234,0.0016990408,-0.02218195,-0.00040633873732100163,0.015273123872009516,-0.01608580134665152,0.007999725821087
2025-05-06,-0.0005009601841428,-2.944300210515851e-05,-0.0014754358964276,0.00031550555,0.001717039,-0.022616725,-0.0003964577828442529,0.015283005143586043,-0.01607592070927455,0.0079997259828726
2025-05-07,-0.0008354917354586,-2.966946164701212e-05,-0.0011926873756398,0.00024554876,0.0017613599,-0.022520965,-0.0003256026924289374,0.015353860546532571,-0.016005065931390446,0.0079997261423273
2025-05-08,-0.000836190365639,-2.989592118886573e-05,-0.0015495764083873,0.0003917509,0.0018061986,-0.024010044,-0.00039590714319205525,0.015283556403797761,-0.016075370690181872,0.0079997262994846
2025-05-09,0.0,-3.0122380730719345e-05,-0.001773056979633,0.00043136138,0.001848857,-0.025358198,-0.00045727266012123984,0.015222191190459054,-0.016136736510701535,0.0079997264543777
2025-05-12,0.0,-3.0348840272572952e-05,-0.0009881960709109,0.00034353888,0.0018779987,-0.024239117,-0.000225002010394491,0.015454462139402143,-0.015904466160191123,0.0079997266070391
2025-05-13,-0.0006694560919482,-3.057529981442656e-05,-0.0012986974565899,0.00013783672,0.001866265,-0.026505914,-0.00039714534546810877,0.015282319099233851,-0.016076609790170067,0.007999726757501
2025-05-14,-0.000502386345658,-3.080175935628017e-05,-0.0012532393462854,0.0002988446,0.0019032371,-0.028981894,-0.0003283988352138934,0.015351065900144503,-0.016007863570572288,0.0079997269057951
2025-05-15,0.0021751870033838,-3.102821889813378e-05,-0.0012470031445505,0.00028532787,0.0019338967,-0.030754136,-0.000330901164482878,0.015348563857344217,-0.016010366186309972,0.0079997270519526
2025-05-16,0.0028373548201602,-3.1254678439987386e-05,-0.0013395280714212,0.0003838601,0.001976808,-0.031325366,-0.0003289742166203958,0.01535049108754803,-0.01600843952078882,0.0079997271960043
2025-05-19,0.0011659866399694,-3.148113798184099e-05,-0.001226944893348,0.00039653355,0.002077557,-0.0305736,-0.00028729749377661367,0.015392168088665165,-0.01596676307621839,0.0079997273379805
2025-05-20,-0.0026671127662364,-3.17075975236946e-05,-0.0017929846921425,0.00049812574,0.0020295738,-0.03264108,-0.00044218884988873154,0.015237277006817419,-0.016121654706594882,0.0079997274779113
2025-05-21,-0.0007514089270266,-3.1934057065548206e-05,-0.0012900016838839,0.00032779347,0.002036079,-0.03200141,-0.0003313807569831494,0.015348085370035614,-0.016010846884001912,0.0079997276158259
2025-05-22,0.0002505323826207,-3.216051660740181e-05,-0.0015180608188119,0.00027689498,0.0020012513,-0.031551067,-0.0004244421184731006,0.015255024274963759,-0.01610390851190996,0.0079997277517535
2025-05-23,0.0010015023370895,-3.238697614925542e-05,-0.001770805363538,0.0002788707,0.0020297423,-0.030544953,-0.0005081072132290852,0.015171359442787406,-0.016187573869245575,0.0079997278857227
2025-05-26,-0.0003337226795528,-3.2613435691109026e-05,-0.0014734489375862,0.00034284015,0.0020463553,-0.0281294,-0.00038774074109243625,0.015291726173720691,-0.016067207655905563,0.0079997280177618
2025-05-27,-0.000500792932593,-3.283989523296263e-05,-0.0012743824924368,0.00028399067,0.001985301,-0.028128522,-0.00034107723922325423,0.015338389930657607,-0.016020544409104116,0.0079997281478984
2025-05-28,-0.0005010438518181,-3.306635477481624e-05,-0.001615924567876,0.0002513554,0.0019555932,-0.029574303,-0.0004658785075502721,0.015213588913723524,-0.016145345928824068,0.0079997282761601
2025-05-29,0.0005010438518179,-3.3292814316669846e-05,-0.001437537045393,0.00017026717,0.0019423296,-0.029671945,-0.0004335208965698899,0.01524594677247476,-0.01611298856561454,0.0079997284025738
2025-05-30,0.0001669588450325,-3.351927385852345e-05,-0.0012639495098638,0.00020735983,0.0019387515,-0.028588066,-0.00036336965124077447,0.015316098262004979,-0.016042837564486528,0.0079997285271662
2025-06-02,-0.0005009601841428,-3.374573340037706e-05,-0.0016073143306837,0.00019006037,0.0019979023,-0.027568625,-0.0004836665646946923,0.01519580158923377,-0.016163134718623153,0.0079997286499635
2025-06-03,-0.0001670425127078,-3.3972192942230666e-05,-0.0014374792842734,0.00021717811,0.0019710858,-0.02796073,-0.00041809112240521025,0.015261377268738326,-0.016097559513548746,0.0079997287709916
2025-06-04,-0.0005012950226125,-3.419865248408427e-05,-0.0014036824998455,0.00014734178,0.0019392576,-0.02855631,-0.000430179790776528,0.01524928883416443,-0.016109648415717485,0.007999728890276
2025-06-05,-0.0003343363454745,-3.442511202593788e-05,-0.0016777505993982,0.00027004027,0.0018962016,-0.029018637,-0.0004807118138080459,0.015198757041561687,-0.01616018066917778,0.0079997290078417
2025-06-06,0.0,-3.4651571567791487e-05,-0.0012299016109561,0.00018561503,0.0019098148,-0.027801301,-0.0003596460508412972,0.015319823031637361,-0.016039115133319955,0.0079997291237136
2025-06-09,0.0,-3.487803110964509e-05,-0.0015764271082686,0.00016235231,0.0019116459,-0.02736561,-0.0004829842764594151,0.015196485029856143,-0.016162453582774974,0.0079997292379161
2025-06-10,-0.0004180776849223,-3.51044906514987e-05,-0.0013578809628257,0.00017001419,0.0018851666,-0.028532108,-0.0004076570878257329,0.015271812439101544,-0.01608712661475301,0.0079997293504731
2025-06-11,0.0004180776849223,-3.533095019335231e-05,-0.001405163213764,0.00015687094,0.0018500497,-0.02963167,-0.00042787440798578406,0.015251595336374877,-0.016107344152346447,0.0079997294614085
2025-06-12,0.0026715661239527,-3.5557409735205913e-05,-0.0015588215742769,0.00010528578,0.0018466645,-0.029821713,-0.0004963644013373686,0.015183105557323811,-0.01617583435999855,0.0079997295707455
2025-06-13,0.003329452051842,-3.578386927705952e-05,-0.0015401072829757,0.0001753751,0.0018673372,-0.028663214,-0.0004668386840842532,0.015212631485790053,-0.016146308853958558,0.0079997296785073
2025-06-16,-0.0003324468115725,-3.601032881891313e-05,-0.0014349829863354,0.00020604671,0.0018853232,-0.02661535,-0.000421648868384771,0.01525782150965957,-0.01610111924642911,0.0079997297847165
2025-06-17,-0.000831600879526,-3.6236788360766734e-05,-0.0015560897136122,0.00012576564,0.0018340151,-0.027317038,-0.0004888536206576556,0.015190616962557328,-0.01616832420387264,0.0079997298893954
2025-06-18,0.0004990435103152,-3.646324790262034e-05,-0.001563917708741,0.00019198789,0.0017686965,-0.027917989,-0.0004694643555478735,0.015210006429881682,-0.01614893514097743,0.0079997299925661
2025-06-19,-0.0004990435103152,-3.668970744447395e-05,-0.001321478792281,0.00032385412,0.0017245081,-0.027099974,-0.0003447714599084913,0.01533469952482229,-0.01602424244463927,0.0079997300942504
2025-06-20,0.002243737177654,-3.6916166986327554e-05,-0.001473903097738,0.00027381096,0.0016963423,-0.0260602,-0.00041233610157477584,0.015267135079585839,-0.01609180728273539,0.0079997301944697
2025-06-23,-0.0024101403729794,-3.714262652818116e-05,-0.0013828352929185,0.00037622234,0.0017325795,-0.024621885,-0.000347918526482227,0.015331552848277972,-0.016027389901242427,0.007999730293245
2025-06-24,-0.0009990010820848,-3.736908607003477e-05,-0.0013466570803545,0.0002858941,0.0016697184,-0.025920743,-0.00036604402214151155,0.015313427543429193,-0.016045515587712215,0.0079997303905973
2025-06-25,-0.0006665555987499,-3.759554561188837e-05,-0.0014571646897352,0.00031086747,0.0016544791,-0.02782678,-0.0003946309217823628,0.015284840831849562,-0.016074102675414287,0.0079997304865469
2025-06-26,-0.0003334444845831,-3.782200515374198e-05,-0.001461933733737,0.00031602356,0.0016273131,-0.028759519,-0.0003945773929635807,0.01528489454601986,-0.016074049331947022,0.007999730581114
2025-06-27,0.000500125041682,-3.804846469559559e-05,-0.001166390370311,0.0003555256,0.0016406612,-0.028421335,-0.0002829710783355318,0.015396501043329118,-0.015962443200000183,0.0079997306743187
2025-06-30,-0.000166680557099,-3.82749242374492e-05,-0.0015797712377587,0.00027167864,0.0016906682,-0.028808128,-0.0004487891739987164,0.01523068312771526,-0.016128261475712693,0.0079997307661806
2025-07-01,-8.335069811032606e-05,-3.85013837793028e-05,-0.0015268711132315,0.0002736664,0.001687042,-0.030786194,-0.000430568699003601,0.015248903780165444,-0.016110041178172645,0.0079997308567189
2025-07-02,0.0,-3.872784332115641e-05,-0.0013384620968799,0.00028260527,0.001701908,-0.031241883,-0.00036486155673368543,0.015314611097333801,-0.016044334210801172,0.0079997309459528
2025-07-03,0.000333361116513,-3.8954302863010014e-05,-0.0014907442863117,0.00021800936,0.0017038595,-0.03104189,-0.00043722974305823666,0.015242243083387723,-0.016116702569504197,0.007999731033901
2025-07-04,0.0040746802873597,-3.918076240486362e-05,-0.0015911746955273,0.00022353893,0.0017393018,-0.03042465,-0.0004689388426440545,0.015210534153696862,-0.01614841183898497,0.0079997311205821
2025-07-07,-0.0021600074859905,-3.940722194671723e-05,-0.0015506744044764,0.0002708233,0.001748602,-0.02908281,-0.00043975277547437245,0.015239720388313656,-0.0161192259392624,0.0079997312060143
2025-07-08,-0.0006655574288944,-3.9633681488570834e-05,-0.0012977919759,0.0002900021,0.001693957,-0.02952338,-0.0003491411857961903,0.015330332143026383,-0.016028614514618764,0.0079997312902156
2025-07-09,0.0,-3.986014103042444e-05,-0.0015559216698357,0.0001715803,0.0016732843,-0.030800229,-0.00047473383695537477,0.015204739654524076,-0.016154207328434825,0.0079997313732038
2025-07-10,0.000831877595598,-4.008660057227805e-05,-0.0014918606125545,0.00023218866,0.0016610567,-0.030771026,-0.00043325285104225936,0.015246220800750488,-0.016112726502835007,0.0079997314549963
2025-07-11,0.0008311861504217,-4.0313060114131655e-05,-0.0014579854368729,0.00026598043,0.0016547199,-0.029556029,-0.0004107726889956773,0.015268701120800705,-0.01609024649879206,0.0079997315356104
2025-07-14,8.30806297990368e-05,-4.053951965598526e-05,-0.0014890299262309,0.00026478778,0.0016803439,-0.027682133,-0.00042159388862896176,0.015257880076894518,-0.016101067854152443,0.007999731615063
2025-07-15,0.0017431006696159,-4.076597919783887e-05,-0.0014511520097465,0.00024341643,0.0016584424,-0.028829077,-0.00041616718631477963,0.015263306932692183,-0.01609564130532174,0.0079997316933709
2025-07-16,0.0,-4.099243873969248e-05,-0.0016598918029491,0.0002723292,0.0016179767,-0.030160617,-0.00047618501389626414,0.015203289256382911,-0.01615565928417544,0.0079997317705506
2025-07-17,0.0006632399513561,-4.121889828154608e-05,-0.0014304326223811,0.00026584792,0.0015889555,-0.02926489,-0.00040193453355421535,0.01527753988581765,-0.01608140895292608,0.0079997318466183
2025-07-18,0.0003314550908702,-4.144535782339969e-05,-0.0014669695192537,0.00024075406,0.0015831006,-0.027699733,-0.00042255360569236664,0.015256920960624032,-0.016102028172008766,0.00799973192159
2025-07-21,0.0,-4.1671817365253295e-05,-0.0016904781777398,0.00023577864,0.001616507,-0.02591254,-0.0004987904517016845,0.015180684259442056,-0.016178265162845425,0.0079997319954815
2025-07-22,-0.0001657138126254,-4.18982769071069e-05,-0.0015477542311052,0.00021437118,0.0015976173,-0.025917696,-0.0004584271093374356,0.015221047744547224,-0.016137901963222095,0.0079997320683085
2025-07-23,0.0002485604221753,-4.212473644896051e-05,-0.0014217912815327,0.0002134315,0.0015704635,-0.0256088,-0.00041682817266055355,0.0152626468219084,-0.016096303167229507,0.0079997321400862
2025-07-24,0.0002484986552443,-4.235119599081412e-05,-0.0016016740177227,0.00017985658,0.0015775833,-0.025620522,-0.0004880562112378381,0.015191418921988374,-0.01616753134446405,0.0079997322108297
2025-07-25,0.0003312355114747,-4.257765553266772e-05,-0.0015317275925276,0.00021867194,0.0015851968,-0.025077827,-0.00045187776935342255,0.015227597500532415,-0.01613135303923926,0.007999732280554
2025-07-28,0.0004966476387161,-4.280411507452133e-05,-0.0013230707614324,0.00031384308,0.0016107606,-0.023818893,-0.00035067726550230713,0.015328798139074144,-0.01603015267007876,0.0079997323492737
2025-07-29,0.0002482313528942,-4.3030574616374935e-05,-0.0014916324180154,0.00028647235,0.0015964487,-0.02569926,-0.000416063547543925,0.015263411989782545,-0.016095539084870394,0.0079997324170033
2025-07-30,0.0002481697493812,-4.325703415822854e-05,-0.0012488148614915,0.00038043878,0.0016050623,-0.026831917,-0.0003038777052165762,0.01537559796294734,-0.015983353373380492,0.0079997324837571
2025-07-31,-0.0033969956855617,-4.348349370008215e-05,-0.0014630868476596,0.00036101905,0.001614712,-0.027882088,-0.00038185043045322735,0.015297625366663008,-0.016061326227569464,0.0079997325495491
2025-08-01,-0.0010795101733406,-4.370995324193576e-05,-0.0017111321435035,0.00023327288,0.0016440102,-0.027744403,-0.0005071897389151452,0.015172286185295723,-0.016186665663126015,0.0079997326143933
2025-08-04,-0.0004986287812111,-4.393641278378936e-05,-0.0013766392076825,0.00025440328,0.0017002455,-0.025635736,-0.0003887241134887631,0.015290751935985312,-0.01606820016296284,0.0079997326783031
2025-08-05,0.0,-4.416287232564297e-05,-0.0015842688328871,0.00017983248,0.0016721038,-0.02739245,-0.00048286640840424763,0.015196609764528463,-0.016162342581336957,0.0079997327412922
2025-08-06,-0.0001662648603049,-4.4389331867496576e-05,-0.0016775863570825,0.00023114057,0.0016652852,-0.02928379,-0.0004969450396499988,0.015182531254962649,-0.016176421334262645,0.0079997328033738
2025-08-07,0.0,-4.461579140935018e-05,-0.0016499766797088,0.0001887593,0.0016376735,-0.0299088,-0.0005019443903727167,0.015177532024166645,-0.01618142080491208,0.0079997328645609
2025-08-08,0.0003325020812013,-4.484225095120379e-05,-0.0015740302746509,0.00020826334,0.0016302405,-0.028891891,-0.000470203061867368,0.015209273470870775,-0.01614967959460551,0.0079997329248664
2025-08-11,0.0007477257025978,-4.50687104930574e-05,-0.0013444751905959,0.00024466933,0.0016757299,-0.027138669,-0.0003816248570296525,0.015297851792204421,-0.016061101506263727,0.0079997329843031
2025-08-12,-0.0005815161119218,-4.5295170034911e-05,-0.0016298297936292,0.00019699942,0.0016673332,-0.029527778,-0.0004927085145547037,0.015186768249496762,-0.016172185278606168,0.0079997330428834
2025-08-13,0.0007476014801826,-4.552162957676461e-05,-0.0015405892623556,0.00018338634,0.0016463593,-0.03094672,-0.0004675748506441215,0.01521190202657049,-0.016147051727858734,0.0079997331006197
2025-08-14,-0.0001494755900841,-4.5748089118618216e-05,-0.0013055516540102,0.0002479702,0.0016264457,-0.030639376,-0.00036777651437627275,0.01531170047437116,-0.016047253503123707,0.0079997331575242
2025-08-15,0.0002325079312287,-4.597454866047182e-05,-0.0015545141343634,0.00015743714,0.0016391914,-0.030118225,-0.00048101718100795735,0.01519845991766529,-0.016160494279681206,0.0079997332136088
2025-08-18,0.0009129010136468,-4.620100820232543e-05,-0.0015113161497192,0.00021586499,0.001679621,-0.028986808,-0.00044721738930717517,0.01523225981770821,-0.01612669459632256,0.0079997332688854
2025-08-19,0.0012435234763056,-4.642746774417904e-05,-0.0014219376888324,0.00031711985,0.001634204,-0.030615138,-0.0003837484355255264,0.01529572887827105,-0.0160632257493221,0.0079997333233656
2025-08-20,0.0004969767351521,-4.665392728603264e-05,-0.0016334904008597,0.0002706185,0.0015882447,-0.03193897,-0.0004698419427152443,0.01520963547632392,-0.01614931936175441,0.0079997333770608
2025-08-21,0.0,-4.688038682788625e-05,-0.0014793948718375,0.00027036553,0.001558308,-0.031062419,-0.0004186365762217954,0.01526084094654371,-0.0160981140989873,0.0079997334299824
2025-08-22,0.0008277460947744,-4.7106846369739856e-05,-0.0015718028378733,0.00024766903,0.0015458033,-0.029488746,-0.00045708021808101327,0.015222397406916326,-0.016136557843078353,0.0079997334821415
2025-08-25,0.0003309066873345,-4.733330591159346e-05,-0.0016204729257904,0.00024750037,0.0015677529,-0.027249454,-0.00047343528723399784,0.015206042438522433,-0.01615291301299043,0.0079997335335492
2025-08-26,0.0004134794352891,-4.755976545344707e-05,-0.0015735446469881,0.0002197923,0.0015318409,-0.027882244,-0.00046710403748051574,0.015212373787583037,-0.016146581862544068,0.0079997335842161
2025-08-27,-8.268221096938114e-05,-4.778622499530068e-05,-0.0016757067121951,0.00021378086,0.001479822,-0.028129257,-0.0005032373590634669,0.01517624056387661,-0.016182715282003542,0.0079997336341531
2025-08-28,-0.0009927201344716,-4.801268453715428e-05,-0.0015640010666334,0.00021335922,0.0014620527,-0.026950857,-0.0004662181770568514,0.015213259842349525,-0.01614569619646323,0.0079997336833706
2025-08-29,-0.0003311258308401,-4.823914407900789e-05,-0.0017409973407545,0.00017956745,0.0014522586,-0.025342176,-0.0005365563449445026,0.015142921769538338,-0.016216034459427344,0.007999733731879
2025-09-01,0.0006621420536572,-4.84656036208615e-05,-0.0016167132121831,0.0002014568,0.0014969889,-0.022896083,-0.0004879073386013205,0.015191570869588139,-0.01616738554679078,0.0079997337796885
2025-09-02,-0.0003310162228171,-4.86920631627151e-05,-0.0017633495223152,0.00017974815,0.0014557522,-0.023403816,-0.0005440978118259717,0.015135380488720058,-0.016223576112372,0.0079997338268092
2025-09-03,-0.0003311258308401,-4.891852270456871e-05,-0.0017295087971837,0.00014392044,0.0014259238,-0.02316637,-0.0005448356266294229,0.015134642764942537,-0.01622431401820138,0.007999733873251
2025-09-04,0.0,-4.914498224642232e-05,-0.0016022115094608,0.00015812382,0.0014157682,-0.022107825,-0.0004977442239024074,0.015181734257383851,-0.016177222705188666,0.0079997339190236
2025-09-05,0.0,-4.937144178827592e-05,-0.0018634065934782,0.0002102511,0.0014284416,-0.021234227,-0.0005675089784221586,0.01511196959128597,-0.016246987548130285,0.0079997339641368
2025-09-08,-0.0002484163470728,-4.959790133012953e-05,-0.0017473058123887,0.00019855349,0.0014731118,-0.019278254,-0.0005327834079062766,0.015146695248949724,-0.016212262064762277,0.0079997340086
2025-09-09,0.0002484163470728,-4.982436087198314e-05,-0.0015164690828044,0.00021833462,0.0014539813,-0.019141812,-0.00044931960789212764,0.01523015913485617,-0.016128798350640426,0.0079997340524226
2025-09-10,-0.0003312355114747,-5.005082041383674e-05,-0.0017531150809571,0.0002030952,0.0014550895,-0.019851293,-0.0005333569004569789,0.015146121926946067,-0.016212835727860024,0.0079997340956138
2025-09-11,-0.0001656589086866,-5.027727995569035e-05,-0.0016616745549453,0.00017541125,0.001464161,-0.0197883,-0.0005121801949669967,0.01516729871587129,-0.016191659105805285,0.0079997341381828
2025-09-12,0.0008280202510016,-5.050373949754396e-05,-0.0015785183914512,0.00018110946,0.0014715699,-0.01914198,-0.00048263755698291466,0.01519684143608835,-0.01616211655005418,0.0079997341801384
2025-09-15,0.0,-5.073019903939757e-05,-0.0017098720183842,0.0002154313,0.0015029643,-0.018211711,-0.0005150569724745325,0.015164422101644886,-0.01619453604659395,0.0079997342214895
2025-09-16,-0.0003311258308401,-5.095665858125117e-05,-0.001567176965226,0.00018044688,0.0014837735,-0.01875785,-0.000479228914602417,0.01520025023939759,-0.016158708068602423,0.0079997342622449
2025-09-17,0.0002483546517174,-5.118311812310478e-05,-0.0015318583558278,0.00018401278,0.0014565473,-0.019474596,-0.00046634289798363495,0.015213136334745846,-0.016145822130713115,0.007999734302413
2025-09-18,0.0012408488997503,-5.1409577664958384e-05,-0.0016332638973678,0.00017197785,0.0014586555,-0.020242495,-0.0005042318750109195,0.015175247435313982,-0.01618371118533582,0.0079997343420025
2025-09-19,0.0001653302475453,-5.163603720681199e-05,-0.0017025989792433,0.00020034848,0.0014577399,-0.020382553,-0.000517962178816704,0.015161517207985437,-0.016197441565618847,0.0079997343810215
2025-09-22,-0.0001653302475453,-5.18624967486656e-05,-0.0016466880994175,0.00019377083,0.0014663294,-0.019000307,-0.0005015932553887218,0.015177886206788942,-0.016181072717566386,0.0079997344194784
2025-09-23,0.0001653302475453,-5.20889562905192e-05,-0.0015772323390389,0.00016946004,0.0014399104,-0.019084997,-0.0004866204184431398,0.015192859118024012,-0.016166099954910293,0.0079997344573812
2025-09-24,0.0001653029179728,-5.231541583237281e-05,-0.0016144139437159,0.00015017281,0.0014304655,-0.019618172,-0.0005055188498494242,0.01517396075983686,-0.016184998459535707,0.0079997344947379
2025-09-25,0.0001652755974342,-5.254187537422642e-05,-0.001783091810433,0.00014587205,0.0014195992,-0.02027148,-0.0005632538786024087,0.015116225803248132,-0.01624273356045295,0.0079997345315564
2025-09-26,0.0,-5.276833491608002e-05,-0.00169001875155,0.00014212544,0.0014016251,-0.019663373,-0.0005335538821553599,0.015145925870819662,-0.01621303363513038,0.0079997345678444
2025-09-29,0.0,-5.299479445793363e-05,-0.0016807074246264,0.00019643322,0.0014121301,-0.01799712,-0.0005124229996947779,0.015167056823380038,-0.016191902822769593,0.0079997346036096
2025-09-30,-0.0003305785154071,-5.322125399978724e-05,-0.0016873085007815,0.00015095586,0.0013900117,-0.018120915,-0.0005298579649270957,0.015149621927237523,-0.016209337857091714,0.0079997346388595
2025-10-01,0.0,-5.344771354164085e-05,-0.0016394987165587,0.00013996902,0.0013904816,-0.018349698,-0.0005176591367001136,0.015161820823558828,-0.016197139096959055,0.0079997346736015
2025-10-02,-0.0001653302475453,-5.367417308349445e-05,-0.0017612888449088,0.000119236174,0.0014019745,-0.018612998,-0.0005652422813307649,0.015114237746041512,-0.016244722308703042,0.007999734707843
2025-10-03,0.0,-5.390063262534806e-05,-0.0017338131899102,0.00015937671,0.0014114073,-0.017999576,-0.0005427790375118494,0.015136701056006707,-0.016222259131030405,0.0079997347415911
2025-10-06,0.0002479851221636,-5.412709216720167e-05,-0.0018042946752126,0.00018283218,0.0014245022,-0.016670782,-0.000558529862459934,0.015120950296251946,-0.016238010021171815,0.007999734774853
2025-10-07,0.0004131719267138,-5.435355170905527e-05,-0.001632430399235,0.00018044688,0.0014061909,-0.016513858,-0.0005021123569813517,0.01517736786598462,-0.016181592579947324,0.0079997348076357
2025-10-08,0.0003304146734172,-5.458001125090888e-05,-0.0018022057883499,0.00019757768,0.0013922766,-0.016904615,-0.0005530693732002696,0.015126410913094086,-0.016232549659494624,0.0079997348399461
2025-10-09,-0.0003304146734172,-5.4806470792762485e-05,-0.0016557647507187,0.0002234305,0.0013970472,-0.01652099,-0.0004957135738371542,0.015183766774873009,-0.016175193922547317,0.0079997348717909
2025-10-10,-8.262072958812717e-05,-5.503293033461609e-05,-0.0017512413111136,0.00015937671,0.0014304896,-0.016354334,-0.000548965843816072,0.01513051456641065,-0.016228446254042794,0.0079997349031769
2025-10-13,0.0009084528022888,-5.52593898764697e-05,-0.0019959842891566,0.0002260206,0.0014604626,-0.015615034,-0.0006084076930110233,0.015071072777845947,-0.016287888163867992,0.0079997349341107
2025-10-14,0.0004951720824129,-5.5485849418323305e-05,-0.0015073079717412,0.00023062255,0.0014561497,-0.014800971,-0.0004440570903865078,0.015235423440227335,-0.016123537621000352,0.0079997349645989
2025-10-15,-8.251165481798384e-05,-5.571230896017691e-05,-0.0018552694184316,0.00013875228,0.0014404886,-0.015030056,-0.0005907431491305923,0.015088737440379094,-0.016270223738640278,0.0079997349946478
2025-10-16,-0.0005777722912573,-5.593876850203052e-05,-0.0020922117422469,0.00015526869,0.0014722445,-0.014484328,-0.0006642939402496435,0.015015186707307207,-0.016343774587806493,0.0079997350242637
2025-10-17,0.0,-5.6165228043884125e-05,-0.0014915977846446,0.00013436718,0.0015032655,-0.012305669,-0.00047113194422949474,0.015208348760538384,-0.016150612648997375,0.007999735053453
2025-10-20,0.0011552109544459,-5.639168758573773e-05,-0.0020856711760677,0.000102575206,0.0015852571,-0.01176029,-0.0006798292192178125,0.014999651541936722,-0.016359309980372348,0.0079997350822217
2025-10-21,0.0006595218705672,-5.661814712759134e-05,-0.0014452760187899,0.00043238536,0.0015654279,-0.011807188,-0.0003565029353058305,0.015322977881422933,-0.016035983752034595,0.0079997351105759
2025-10-22,0.0006590871881361,-5.684460666944495e-05,-0.0013216255784608,9.8949065e-05,0.0016018698,-0.013664061,-0.000426507040043415,0.01525297383145892,-0.01610598791154575,0.0079997351385216
2025-10-23,0.0004117090098913,-5.707106621129855e-05,-0.0020467478795976,0.00021287735,0.0015873292,-0.016769351,-0.0006303138652696328,0.015049167060216985,-0.01630979479075625,0.0079997351660646
2025-10-24,0.0013163309181655,-5.729752575315216e-05,-0.0009423391741455,0.00041483293,0.0016509613,-0.015722468,-0.00019493458996621741,0.015484546388727144,-0.01587441556865958,0.0079997351932109
2025-10-27,0.0007396753984253,-5.7523985295005766e-05,-0.0013473104651802,0.0002950498,0.0016687788,-0.016474321,-0.0003699282168250686,0.01530955281430829,-0.016049409247958425,0.007999735219966
2025-10-28,0.0002464369339287,-5.775044483685937e-05,-0.0014864741993823,0.0004123633,0.0017025947,-0.019163713,-0.00037728711473971975,0.015302193968078056,-0.016056768197557494,0.0079997352463356
2025-10-29,-0.0004929346139903,-5.797690437871298e-05,-0.0015674618847561,0.0004436252,0.0016521057,-0.02252747,-0.0003939378630449376,0.015285543270712649,-0.016073418996802525,0.0079997352723253
2025-10-30,0.000739310831719,-5.8203363920566586e-05,-0.0015420580771336,0.00030424164,0.0016384204,-0.023368374,-0.00043200660035138885,0.015247474583612187,-0.016111487784314964,0.0079997352979406
2025-10-31,-8.211866151188536e-05,-5.842982346242019e-05,-0.0013897593753382,0.00029663998,0.0016898008,-0.022252342,-0.0003838497396002067,0.01529563149384592,-0.01606333097304633,0.0079997353231868
2025-11-03,0.000902934598592,-5.86562830042738e-05,-0.0015987073159918,0.00028125598,0.0017789605,-0.021920098,-0.000458702539665358,0.015220778742550472,-0.01613818382188119,0.0079997353480693
2025-11-04,0.0,-5.8882742546127406e-05,-0.0017127776544103,0.0003496949,0.0017320736,-0.023978878,-0.00047398849898547577,0.015205492831297195,-0.016153469829268147,0.0079997353725932
2025-11-05,0.000820142750802,-5.910920208798101e-05,-0.0016450009591475,0.0003099278,0.0016786212,-0.025911167,-0.00046472745374516027,0.015214753923912083,-0.016144208831402405,0.0079997353967639
2025-11-06,-0.000492004929974,-5.933566162983462e-05,-0.0016601065645462,0.0005728652,0.001638842,-0.026387516,-0.0003821923420586782,0.015297289082290466,-0.016061673766407825,0.0079997354205863
2025-11-07,-0.002299229129172,-5.956212117168823e-05,-0.0014917314941579,0.00034043076,0.0016821269,-0.025328044,-0.00040362095177652943,0.015275860518591654,-0.016083102422144713,0.0079997354440654
2025-11-10,0.0005753030773015,-5.978858071354183e-05,-0.0020072592331573,0.00025757164,0.0017478431,-0.024749354,-0.000603158724623614,0.015076322791100733,-0.01628264024034796,0.0079997354672063
2025-11-11,0.0007391893893312,-6.001504025539544e-05,-0.0016266645454713,0.00024421152,0.0017774425,-0.024489393,-0.00048082268857556516,0.015198658871851482,-0.01616030424900261,0.0079997354900138
2025-11-12,0.0039331417468371,-6.0241499797249046e-05,-0.0018760579909748,0.00020590214,0.0017544569,-0.02549516,-0.0005767991169240164,0.015102682487561676,-0.016256280721409708,0.0079997355124927
2025-11-13,0.0033473517804577,-6.046795933910265e-05,-0.0018853671613542,0.00021428685,0.001765757,-0.025200706,-0.0005771827568977675,0.015102298891011725,-0.01625666440480726,0.0079997355346477
2025-11-14,0.0008961669099505,-6.069441888095626e-05,-0.001502397521104,0.00030780752,0.0017811289,-0.023951435,-0.0004184281399949854,0.015261053550712673,-0.016097909830702646,0.0079997355564835
2025-11-17,0.0028461088535046,-6.0920878422809866e-05,-0.0017746035690284,0.00036705457,0.0018197275,-0.0234039,-0.0004894899591504033,0.015189991773738809,-0.016168971692039617,0.0079997355780047
2025-11-18,0.0012172856037516,-6.114733796466347e-05,-0.0016354775187713,0.00053262827,0.0017682507,-0.023896247,-0.0003879988622453212,0.015291482912217647,-0.01606748063670829,0.0079997355992158
2025-11-19,-0.0003244646362014,-6.137379750651708e-05,-0.0014772263702195,0.00043261427,0.0016954027,-0.02384211,-0.00036866196590867227,0.01531081984952927,-0.016048143781346613,0.0079997356201214
2025-11-20,-0.0011364560034731,-6.160025704837069e-05,-0.0015285276428771,0.0005585052,0.0016820064,-0.023080716,-0.00034387423330849024,0.015335607622513884,-0.016023356089130865,0.0079997356407257
2025-11-21,-0.0003249390767827,-6.18267165902243e-05,-0.0016598453131978,0.00033615407,0.0016981976,-0.022257352,-0.00046183931992934145,0.015217642575695727,-0.01614132121555441,0.0079997356610332
2025-11-24,0.0006497726024584,-6.20531761320779e-05,-0.0018091933737401,0.00027282312,0.0017346155,-0.021176318,-0.0005328078099573927,0.015146674124896883,-0.01621228974481167,0.0079997356810481
2025-11-25,0.0001623772025974,-6.227963567393151e-05,-0.0016515899329761,0.00027326884,0.0016716941,-0.02091997,-0.00048020024288334377,0.015199281730634872,-0.01615968221640156,0.0079997357007746
2025-11-26,0.0001623508405221,-6.250609521578511e-05,-0.0017075684364865,0.0002355618,0.0016426127,-0.021178437,-0.0005115042439007616,0.01516797776772436,-0.016190986255525883,0.0079997357202169
2025-11-27,0.0005680204640086,-6.273255475763872e-05,-0.0018216520012365,0.00019654164,0.00163677,-0.021200856,-0.0005626143053313796,0.015116867743851658,-0.01624209635451442,0.0079997357393791
2025-11-28,0.0010540399078593,-6.295901429949233e-05,-0.0018430370427433,0.00020336024,0.0016684656,-0.020378336,-0.0005675452723475975,0.015111936813852195,-0.01624702735854739,0.0079997357582652
2025-12-01,0.0009719748051787,-6.318547384134593e-05,-0.0017302751543915,0.00030350676,0.0017264838,-0.018372178,-0.0004966512894109487,0.015182830833272284,-0.01617613341209418,0.0079997357768792
2025-12-02,-0.0004048746968136,-6.341193338319954e-05,-0.00159378028477,0.00030786777,0.0017175691,-0.018159091,-0.0004497748160510665,0.01522970734258993,-0.016129256974692065,0.007999735795225
2025-12-03,0.0,-6.363839292505315e-05,-0.0019138488273777,0.00022804449,0.0016876926,-0.019645978,-0.0005831475767675845,0.015096334617313155,-0.016262629770848323,0.0079997358133065
2025-12-04,-0.0007291877981597,-6.386485246690675e-05,-0.0016239178004573,0.00022400875,0.0016923065,-0.01965465,-0.00048792463430806895,0.01519155759470183,-0.016167406863317968,0.0079997358311275
2025-12-05,0.0004051699743445,-6.409131200876036e-05,-0.0016281472577574,0.00026086046,0.001696535,-0.01917682,-0.00047712603658872014,0.01520235622684701,-0.01615660830002445,0.0079997358486917
2025-12-08,0.0002430232099124,-6.431777155061397e-05,-0.0016302789411059,0.0003218543,0.0017815867,-0.018350204,-0.000457580804218838,0.015221901493146847,-0.016137063101584522,0.0079997358660029
2025-12-09,0.0004858693107161,-6.454423109246757e-05,-0.0017130389703839,0.00027277492,0.0017651787,-0.019983811,-0.0005016027604921226,0.015177879570314494,-0.016181085091298737,0.0079997358830646
2025-12-10,0.001456193121976,-6.477069063432118e-05,-0.0017023672812724,0.00028496646,0.0017494092,-0.021336928,-0.0004940571706355738,0.0151854251931304,-0.016173539534401548,0.0079997358998806
2025-12-11,-0.0008087343748517,-6.499715017617479e-05,-0.0017561899096522,0.00033019081,0.0017562037,-0.021543713,-0.0004969987499427916,0.01518248364630744,-0.016176481146193022,0.0079997359164542
2025-12-12,0.0006470398155213,-6.52236097180284e-05,-0.0017602294216353,0.00024423562,0.0017941155,-0.020518672,-0.0005270724704511094,0.015152409957815527,-0.016206554898717744,0.0079997359327891
2025-12-15,0.0009697754113839,-6.5450069259882e-05,-0.0017403304838356,0.00028548448,0.0018700477,-0.01908972,-0.000506765357698494,0.015172717102123165,-0.016186247817520153,0.0079997359488886
2025-12-16,0.0004845352594188,-6.567652880173561e-05,-0.0018139008089159,0.0003144334,0.0018361354,-0.02001288,-0.0005217146459058785,0.015157767845016273,-0.01620119713682803,0.0079997359647562
2025-12-17,-0.0009693054070718,-6.590298834358921e-05,-0.001814225745172,0.00025449967,0.0017986211,-0.020822775,-0.0005418763545051965,0.015137606167069197,-0.01622135887607959,0.0079997359803951
2025-12-18,0.0006463079882431,-6.612944788544282e-05,-0.0017057762160688,0.00025904138,0.0017691783,-0.020472858,-0.0005042880946514143,0.015175194457133834,-0.01618377064643666,0.0079997359958088
2025-12-19,0.0001615117503307,-6.635590742729643e-05,-0.0017009366566275,0.000273052,0.0017940312,-0.019722585,-0.0004980801880182655,0.01518140239354232,-0.01617756276957885,0.0079997360110003
2025-12-22,-0.0001615117503309,-6.658236696915003e-05,-0.0019899605072013,0.00026425772,0.0018265821,-0.019063722,-0.0005974283847234832,0.015082054226183597,-0.016276910995630563,0.007999736025973
2025-12-23,0.0001615117503307,-6.680882651100364e-05,-0.0017550574378371,0.00024412721,0.0017923085,-0.018619515,-0.0005259130181160346,0.015153569621714573,-0.016205395657946643,0.0079997360407299
2025-12-24,0.0,-6.703528605285725e-05,-0.0017139416650243,0.0002610773,0.0017602274,-0.018452121,-0.000506633217025719,0.015172849451311907,-0.016186115885363346,0.0079997360552743
2025-12-26,0.0008878486397824,-6.726174559471085e-05,-0.0020485724814435,0.0002753048,0.0017601431,-0.018637259,-0.0006135098090127369,0.015065972887421099,-0.016292992505446573,0.0079997360696091
2025-12-29,0.0005645844405325,-6.748820513656446e-05,-0.0014013509508309,0.0005528913,0.0017894654,-0.017233232,-0.0003053159519891548,0.015374166772135954,-0.015984798676114263,0.0079997360837373
2025-12-30,-0.0014524330803148,-6.771466467841807e-05,-0.0017364415441355,-2.2845894e-05,0.0017837792,-0.019460358,-0.0006090007009379727,0.015070482050479742,-0.016288483452355687,0.0079997360976621
2025-12-31,0.0004843787936795,-6.794112422027167e-05,-0.0017981933622042,0.00033737082,0.0017435424,-0.02158042,-0.0005095878888081572,0.015169894889508598,-0.016189070667124914,0.0079997361113861
2026-01-02,0.0006454736386763,-6.816758376212528e-05,-0.0012410166209412,0.00065170065,0.0017593721,-0.021665594,-0.00021916118490110847,0.015460321619927391,-0.015898643989729608,0.0079997361249125
2026-01-05,0.0001613033312634,-6.839404330397889e-05,-0.001974041131238,0.00036933145,0.0019071884,-0.023292476,-0.0005577012415139928,0.015121781589444248,-0.016237184072472235,0.007999736138244
2026-01-06,0.0001612773166951,-6.86205028458325e-05,-0.0016754434245622,0.00027358206,0.0021200948,-0.023853324,-0.0004901606224693441,0.01518932223424212,-0.016169643479180807,0.0079997361513834
2026-01-07,-0.0030687256578162,-6.88469623876861e-05,-0.0016655921797001,0.00028544833,0.0022394562,-0.024598936,-0.0004829969373625954,0.015196485944730867,-0.01616247981945606,0.0079997361643334
2026-01-08,0.0001617468665069,-6.907342192953971e-05,-0.0020334377517647,0.00027772624,0.0023631186,-0.025321744,-0.0006082616445647465,0.015071221262545375,-0.01628774455167487,0.007999736177097
2026-01-09,-0.0001617468665069,-6.929988147139332e-05,-0.0018839389900481,0.00023003224,0.0024714088,-0.02484085,-0.0005744022105064978,0.015105080721259637,-0.016253885142272634,0.0079997361896766
2026-01-12,8.087670350957272e-05,-6.952634101324692e-05,-0.001836101667217,0.00023754955,0.002545052,-0.0235498,-0.0005560261527434157,0.015123456803323387,-0.01623550910881022,0.0079997362020749
2026-01-13,0.00105080234379,-6.975280055510053e-05,-0.0017591801319852,0.00018218164,0.0025661823,-0.02323558,-0.0005489170975134335,0.01513056588250418,-0.016228400077531048,0.0079997362142947
2026-01-14,0.0,-6.997926009695414e-05,-0.0018528360206891,0.00023947707,0.0025939867,-0.024005055,-0.0005611127369286847,0.015118370266694577,-0.016240595740551946,0.0079997362263384
2026-01-15,0.0011303997973977,-7.020571963880774e-05,-0.0019178728007769,0.000190735,0.0025920232,-0.024594033,-0.0005991145068052359,0.015080368520083423,-0.016278597533693893,0.0079997362382085
2026-01-16,-0.0001614074735164,-7.043217918066135e-05,-0.0016356603424953,0.00026453478,0.0026151172,-0.023963325,-0.00048051924722532045,0.015198963802593774,-0.016160002297044413,0.0079997362499077
2026-01-19,-0.0001614335300947,-7.065863872251496e-05,-0.0020180648810416,0.00018638604,0.0026465356,-0.023695521,-0.0006341124932547049,0.015045370579164165,-0.016313595565673574,0.0079997362614382
2026-01-20,-0.0001614595950872,-7.088509826436856e-05,-0.0018652735621708,0.00018894,0.0026225862,-0.023111543,-0.0005824062201450561,0.015097076874548233,-0.016261889314838344,0.0079997362728027
2026-01-21,0.0004036001184867,-7.111155780622217e-05,-0.0017861085586572,0.00018643422,0.0025958421,-0.022388713,-0.000556928632154474,0.015122554484492188,-0.016236411748801135,0.0079997362840034
2026-01-22,8.070048021174499e-05,-7.133801734807578e-05,-0.0021160697805639,0.00021694922,0.002612491,-0.021661654,-0.0006568195259706585,0.015022663612313036,-0.016336302664254353,0.0079997362950427
2026-01-23,-0.000807298017527,-7.156447688992938e-05,-0.0020095382970138,0.00015820815,0.0026425843,-0.019949391,-0.0006409648746345764,0.015038518284974505,-0.016320448034243658,0.007999736305923
2026-01-26,0.0004844570139158,-7.179093643178299e-05,-0.0019663999679117,0.00019268661,0.0026525592,-0.018124564,-0.0006151680981144944,0.015064315082512842,-0.016294651278741832,0.0079997363166466
2026-01-27,-0.0001614595950872,-7.20173959736366e-05,-0.0022804617257192,0.00016187044,0.0025821808,-0.022157073,-0.0007302028938976122,0.014949280307444964,-0.016409686095240187,0.0079997363272156
2026-01-28,-0.000807689245104,-7.22438555154902e-05,-0.0022488101660466,0.00010715306,0.0025371853,-0.025480896,-0.0007379669871873633,0.014941516234572141,-0.016417450208946867,0.0079997363376324
2026-01-29,-0.0004849268663683,-7.247031505734381e-05,-0.0017719781120788,0.00010079225,0.0025506176,-0.028753808,-0.000581218725712048,0.015098264516169992,-0.016260701967594087,0.007999736347899
2026-01-30,0.0011311304429748,-7.269677459919742e-05,-0.0011910234008273,0.00020383006,0.002665365,-0.035094906,-0.00035329670514216575,0.01532618655657272,-0.016032779966857053,0.0079997363580178
2026-02-02,-0.000403828297698,-7.292323414105102e-05,-0.001883971894502,0.000121055265,0.002886656,-0.044703417,-0.0006119466212143503,0.015067536660047422,-0.01629142990247612,0.0079997363679907
2026-02-03,0.0,-7.314969368290463e-05,-0.0022436681171642,0.000110393696,0.0027711496,-0.050980013,-0.0007354747049490349,0.014944008595578163,-0.016414958005476234,0.00799973637782
2026-02-04,-3.231330985529716e-05,-7.337615322475824e-05,-0.0007243211049461,0.00021035952,0.0027600303,-0.059776407,-0.0001957792460569527,0.01548370407345814,-0.015875262565572045,0.0079997363875077
2026-02-05,-0.000290866785064,-7.360261276661184e-05,-0.0009761373412698,0.0002312249,0.0028928602,-0.069810644,-0.00027283835134547064,0.015406644986883898,-0.01595232168957484,0.0079997363970558
2026-02-06,0.0002423948624156,-7.382907230846545e-05,-0.0025395796954935,0.0001085746,0.0031570746,-0.08217803,-0.0008349447226006552,0.014844538634073293,-0.016514428079274602,0.0079997364064663
2026-02-09,-6.463288523441934e-05,-7.405553185031906e-05,-0.0019112904977032,0.00019555379,0.003323853,-0.08531601,-0.0005965974131845064,0.015082885961668248,-0.01627608078803726,0.0079997364157412
2026-02-10,-0.0003393912000966,-7.428199139217266e-05,-0.001374897390011,0.00014857057,0.0032056961,-0.08926831,-0.00043353627046772416,0.015245947122301975,-0.016113019663237423,0.0079997364248825
2026-02-11,1.6164097922366447e-05,-7.450845093402627e-05,-0.0022440518871066,0.00025459603,0.0032081176,-0.092136145,-0.0006879881026802087,0.014991495307748307,-0.016367471513108724,0.0079997364338921
2026-02-12,-0.0003395009368883,-7.473491047587988e-05,-0.0016350259393362,0.00022517731,0.0032425479,-0.089312695,-0.0004948611799373599,0.015184622247895564,-0.016174344607770282,0.0079997364427719
2026-02-13,-8.085054780666635e-05,-7.496137001773348e-05,-0.0019363357239733,7.533698e-05,0.0032631482,-0.08910802,-0.000645320037997011,0.015034163406989634,-0.016324803482983655,0.0079997364515238
2026-02-16,0.0006466214256988,-7.518782955958709e-05,-0.0018448582170419,0.00015879846,0.003412579,-0.08319497,-0.0005870825288671624,0.015092400933026053,-0.016266565990760377,0.0079997364601496
2026-02-17,-0.0002424340389262,-7.54142891014407e-05,-0.0011931544575869,0.00016452077,0.0033281175,-0.08337841,-0.00036801599222944695,0.015311467486326513,-0.016047499470785407,0.007999736468651
2026-02-18,8.081787695856967e-05,-7.56407486432943e-05,-0.0021974808964045,0.00020664906,0.0033694268,-0.08978222,-0.0006888241950159315,0.014990659299962867,-0.01636830768999473,0.00799973647703
2026-02-19,0.0001616161619677,-7.586720818514791e-05,-0.0016581446604122,0.00015412422,0.003498727,-0.08634601,-0.0005266292161991159,0.01515285429496595,-0.01620611272736418,0.0079997364852883
2026-02-20,-0.0001616161619677,-7.609366772700152e-05,-0.0017242980918821,7.640917e-05,0.0035332055,-0.081961446,-0.0005746608632030338,0.015104822663915059,-0.016254144390321128,0.0079997364934276
2026-02-23,0.0001616161619677,-7.632012726885512e-05,-0.0021938381290285,0.00010897215,0.0035771527,-0.07388697,-0.0007203953687657851,0.014959088174075428,-0.016399878911606998,0.0079997365014496
2026-02-24,-0.0001616161619677,-7.654658681070873e-05,-0.0016301626709662,7.2927585e-05,0.0035070153,-0.07282768,-0.0005445938909256362,0.015134889667412317,-0.016224077449263588,0.0079997365093561
2026-02-25,-0.00064672597242,-7.677304635256234e-05,-0.0020528996345505,5.090571e-05,0.0034391184,-0.07666273,-0.0006929223236343541,0.014986561249976903,-0.01637240589724561,0.0079997365171486
2026-02-26,0.0002587405816691,-7.699950589441594e-05,-0.0020832225503716,9.0841444e-05,0.0034145187,-0.075100474,-0.0006897935374220054,0.014989690051242637,-0.016369277126086646,0.0079997365248289
2026-02-27,0.0,-7.722596543626955e-05,-0.0017628321184268,6.672339e-05,0.003386148,-0.06978892,-0.0005911115646210232,0.015088372038880039,-0.016270595168122085,0.0079997365323985
2026-03-02,0.0020836537691075,-7.745242497812316e-05,-0.0019552091986976,-1.0847103e-05,0.003407447,-0.06378311,-0.0006811695755585743,0.014998314042565066,-0.016360653193682215,0.007999736539859
2026-03-03,0.0021759286499574,-7.767888451997676e-05,-0.0013983123007139,8.3974664e-05,0.00332313,-0.063801624,-0.00046400550707795886,0.015215478125457756,-0.016143489139613675,0.0079997365472121
2026-03-04,0.0011263980593959,-7.790534406183037e-05,-0.0020378328625148,-1.5677942e-05,0.0032598714,-0.07135262,-0.0007104720495255435,0.014969011597214487,-0.016389955696265574,0.0079997365544592
2026-03-05,0.0003215951145261,-7.813180360368398e-05,-0.0018012415297375,0.00027572643,0.0032160084,-0.07286034,-0.0005345489677803947,0.01514493469295933,-0.016214032628520118,0.0079997365616019
2026-03-06,0.0014458995209201,-7.835826314553758e-05,-0.0014458046416236,0.0002920501,0.0032188154,-0.06853069,-0.0004107042682563792,0.015268779406281354,-0.016090187942794112,0.0079997365686417
2026-03-09,-0.0019283309848077,-7.858472268739119e-05,-0.0018792810173076,0.00033498553,0.003287495,-0.06402084,-0.0005409600699983304,0.015138523618138666,-0.016220443758135326,0.0079997365755801
2026-03-10,0.0001608363493613,-7.88111822292448e-05,-0.0016875544295972,0.00028281007,0.0032391024,-0.06481247,-0.0004945185139421483,0.015184965187598109,-0.016174002215482406,0.0079997365824185
2026-03-11,0.0,-7.90376417710984e-05,-0.0019383607458618,0.00025356,0.0031875775,-0.06937746,-0.000587946129210966,0.015091537585539496,-0.01626742984396143,0.0079997365891584
2026-03-12,0.0010448062031415,-7.926410131295201e-05,-0.0015525471054991,0.00033299776,0.0031764582,-0.06664322,-0.0004329378156040173,0.015246545912166136,-0.01611242154337417,0.0079997365958011
2026-03-13,0.0005621361320479,-7.949056085480562e-05,-0.0018316496834386,0.0003897029,0.0031788193,-0.06539673,-0.0005071457814311353,0.015172337959171334,-0.016186629522033605,0.0079997366023482
2026-03-16,-0.0001605780814368,-7.971702039665922e-05,-0.0017501579405981,0.00037870402,0.0032419215,-0.058008764,-0.00048372364699825307,0.015195760106251512,-0.016163207400248018,0.0079997366088009
2026-03-17,8.029226388343154e-05,-7.994347993851283e-05,-0.0015809529787168,0.00030960253,0.0031414498,-0.058462754,-0.00045043130955177093,0.0152290524561632,-0.016129915075266742,0.0079997366151607
2026-03-18,0.0007223404142486,-8.016993948036644e-05,-0.0013708793421842,0.0003583928,0.0031318604,-0.05741822,-0.00036421882722152216,0.015315264950778925,-0.01604370260522197,0.0079997366214288
2026-03-19,0.0011226045602019,-8.039639902222004e-05,-0.00141008693228,5.87242e-05,0.0032095513,-0.057336133,-0.0004772530437674066,0.015202230746341725,-0.01615673683387654,0.0079997366276067
2026-03-20,0.0049564415161801,-8.062285856407365e-05,-0.0014547672018439,0.00014416137,0.003342273,-0.0583066,-0.0004637428968026578,0.015215740905240522,-0.01614322669884584,0.0079997366336955
2026-03-23,0.0026281224062694,-8.084931810592726e-05,-0.0012825563687369,0.00042462713,0.003537506,-0.054863516,-0.00031292618561427573,0.015366557628191061,-0.015992409999419612,0.0079997366396966
2026-03-24,0.0005565936612502,-8.107577764778086e-05,-0.0014964444086152,0.0006667593,0.0038730025,-0.06361021,-0.0003035869620876603,0.015375896863310291,-0.015983070787485613,0.0079997366456112
2026-03-25,0.0,-8.130223718963447e-05,-0.0014602353188649,0.00052132824,0.004319379,-0.06751488,-0.0003400697720181781,0.015339414064805398,-0.016019553608841754,0.0079997366514406
2026-03-26,0.0007945967839612,-8.152869673148808e-05,-0.0013061491311856,0.00037060844,0.004689643,-0.06647639,-0.000339023129305696,0.015340460718779057,-0.016018506977390448,0.0079997366571861
2026-03-27,0.0025384751057918,-8.175515627334169e-05,-0.0020977088075557,-9.1646194e-05,0.0051352247,-0.05881337,-0.0007570367192763472,0.014922447139907103,-0.016436520578459797,0.0079997366628487
2026-03-30,-0.0009511731852195,-8.198161581519529e-05,-0.0019243834955246,0.00042438618,0.005473022,-0.04367609,-0.0005273263104465985,0.015152157559675807,-0.016206810180569003,0.0079997366684298
2026-03-31,0.0,-8.22080753570489e-05,-0.0018189854591996,0.00047042975,0.005384814,-0.039374907,-0.0004769212615188829,0.0152025626193847,-0.01615640514242247,0.0079997366739304
2026-04-01,0.0007927071362389,-8.24345348989025e-05,-0.0022589750333165,0.00043701142,0.0052267336,-0.037708182,-0.0006347993827384676,0.01504468450879106,-0.016314283274267996,0.0079997366793518
2026-04-02,0.0,-8.266099444075611e-05,-0.0016590546600381,0.00027016073,0.005055715,-0.030258512,-0.0004905183081596187,0.015188965593842776,-0.016170002210162012,0.0079997366846951
2026-04-03,-0.0004755488716075,-8.288745398260972e-05,-0.0022216942800297,0.00017143573,0.0049713617,-0.020412417,-0.0007110486680041032,0.014968435244320242,-0.016390532580328448,0.0079997366899614
2026-04-06,0.0003170577071581,-8.311391352446333e-05,-0.0019847359706282,0.00017086953,0.0049589775,-0.014791237,-0.0006323267847175544,0.015047157137780171,-0.01631181070721528,0.0079997366951519
2026-04-07,-0.0006342159717895,-8.334037306631693e-05,-0.0017906421279216,0.00023182725,0.004676102,-0.01512724,-0.0005473850836626389,0.015132098848861663,-0.016226869016186942,0.0079997367002675
2026-04-08,0.0011096141266902,-8.356683260817054e-05,-0.001878506029434,0.00020314338,0.0044692317,-0.01828591,-0.0005863098273473903,0.015093174115059229,-0.016265793769754008,0.0079997367053095
2026-04-09,-0.0001584409414707,-8.379329215002415e-05,-0.0018247022378859,0.00033623842,0.004459317,-0.01946108,-0.0005240857033453081,0.015155398248801138,-0.016203569655491756,0.0079997367102788
2026-04-10,0.0,-8.401975169187775e-05,-0.0019420031754002,0.00025518634,0.004500469,-0.020585919,-0.0005902788623640259,0.015089205099381916,-0.016269762824109968,0.0079997367151765
2026-04-13,0.0,-8.424621123373136e-05,-0.0018153886511833,0.00022580376,0.0046377084,-0.01884507,-0.000557943700805677,0.01512154027040138,-0.016237427672012732,0.0079997367200036
2026-04-14,0.0,-8.447267077558497e-05,-0.0021401841303267,0.00017295366,0.00447599,-0.023449605,-0.0006839010470340948,0.014995582933497857,-0.016363385027566048,0.0079997367247612
2026-04-15,0.0007919537912932,-8.469913031743857e-05,-0.0017296295299537,0.00021510603,0.0043054046,-0.025267918,-0.0005330742100903796,0.01514640977963221,-0.01621255819981297,0.0079997367294503
