Date,lkr_close,lkr_open,lkr_high,lkr_low,gold_close,gold_open
1975-02-20,6.536,6.536,6.536,6.536,187.7,185.6
1975-02-21,6.536,6.536,6.536,6.536,186.0,187.7
1975-02-24,6.536,6.536,6.536,6.536,186.9,186.0
1975-02-25,6.536,6.536,6.536,6.536,184.4,186.9
1975-02-26,6.536,6.536,6.536,6.536,185.2,184.4
1975-02-27,6.536,6.536,6.536,6.536,182.5,185.2
1975-02-28,6.494,6.494,6.494,6.494,183.0,182.5
1975-03-03,6.494,6.494,6.494,6.494,182.6,183.0
1975-03-04,6.494,6.494,6.494,6.494,177.0,182.6
1975-03-05,6.494,6.494,6.494,6.494,178.7,177.0
1975-03-06,6.494,6.494,6.494,6.494,180.6,178.7
1975-03-07,6.494,6.494,6.494,6.494,178.0,180.6
1975-03-10,6.494,6.494,6.494,6.494,177.2,178.0
1975-03-11,6.494,6.494,6.494,6.494,180.0,177.2
1975-03-12,6.494,6.494,6.494,6.494,178.1,180.0
1975-03-13,6.494,6.494,6.494,6.494,179.5,178.1
1975-03-14,6.494,6.494,6.494,6.494,178.7,179.5
1975-03-17,6.494,6.494,6.494,6.494,179.0,178.7
1975-03-18,6.494,6.494,6.494,6.494,178.6,179.0
1975-03-19,6.494,6.494,6.494,6.494,179.2,178.6
1975-03-20,6.494,6.494,6.494,6.494,175.5,179.2
1975-03-21,6.494,6.494,6.494,6.494,175.6,175.5
1975-03-24,6.494,6.494,6.494,6.494,175.9,175.6
1975-03-25,6.494,6.494,6.494,6.494,178.7,175.9
1975-03-26,6.494,6.494,6.494,6.494,180.7,178.7
1975-03-27,6.494,6.494,6.494,6.494,178.5,180.7
1975-03-31,6.494,6.494,6.494,6.494,179.5,178.5
1975-04-01,6.494,6.494,6.494,6.494,179.1,179.5
1975-04-02,6.494,6.494,6.494,6.494,178.1,179.1
1975-04-03,6.494,6.494,6.494,6.494,177.1,178.1
1975-04-04,6.494,6.494,6.494,6.494,173.8,177.1
1975-04-07,6.494,6.494,6.494,6.494,174.1,173.8
1975-04-08,6.494,6.494,6.494,6.494,174.5,174.1
1975-04-09,6.494,6.494,6.494,6.494,174.5,174.5
1975-04-10,6.494,6.494,6.494,6.494,173.1,174.5
1975-04-11,6.494,6.494,6.494,6.494,172.7,173.1
1975-04-14,6.494,6.494,6.494,6.494,166.2,172.7
1975-04-15,6.494,6.494,6.494,6.494,164.6,166.2
1975-04-16,6.494,6.494,6.494,6.494,166.5,164.6
1975-04-17,6.494,6.494,6.494,6.494,169.5,166.5
1975-04-18,6.494,6.494,6.494,6.494,169.0,169.5
1975-04-21,6.494,6.494,6.494,6.494,165.7,169.0
1975-04-22,6.494,6.494,6.494,6.494,166.7,165.7
1975-04-23,6.494,6.494,6.494,6.494,168.8,166.7
1975-04-24,6.494,6.494,6.494,6.494,167.0,168.8
1975-04-25,6.494,6.494,6.494,6.494,166.8,167.0
1975-04-28,6.494,6.494,6.494,6.494,166.3,166.8
1975-04-29,6.494,6.494,6.494,6.494,167.8,166.3
1975-04-30,6.494,6.494,6.494,6.494,166.8,167.8
1975-05-01,6.494,6.494,6.494,6.494,165.5,166.8
1975-05-02,6.494,6.494,6.494,6.494,165.0,165.5
1975-05-05,6.494,6.494,6.494,6.494,163.5,165.0
1975-05-06,6.494,6.494,6.494,6.494,164.9,163.5
1975-05-07,6.494,6.494,6.494,6.494,166.1,164.9
1975-05-08,6.494,6.494,6.494,6.494,167.3,166.1
1975-05-09,6.494,6.494,6.494,6.494,166.6,167.3
1975-05-12,6.494,6.494,6.494,6.494,165.9,166.6
1975-05-13,6.494,6.494,6.494,6.494,166.7,165.9
1975-05-14,6.494,6.494,6.494,6.494,169.3,166.7
1975-05-15,6.494,6.494,6.494,6.494,165.9,169.3
1975-05-16,6.494,6.494,6.494,6.494,166.9,165.9
1975-05-19,6.494,6.494,6.494,6.494,168.8,166.9
1975-05-20,6.494,6.494,6.494,6.494,168.2,168.8
1975-05-21,6.494,6.494,6.494,6.494,172.2,168.2
1975-05-22,6.494,6.494,6.494,6.494,173.5,172.2
1975-05-23,6.494,6.494,6.494,6.494,174.7,173.5
1975-05-27,6.494,6.494,6.494,6.494,174.4,174.7
1975-05-28,6.494,6.494,6.494,6.494,172.5,174.4
1975-05-29,6.494,6.494,6.494,6.494,170.1,172.5
1975-05-30,6.494,6.494,6.494,6.494,169.0,170.1
1975-06-02,6.494,6.494,6.494,6.494,165.2,169.0
1975-06-03,6.494,6.494,6.494,6.494,167.5,165.2
1975-06-04,6.494,6.494,6.494,6.494,165.9,167.5
1975-06-05,6.494,6.494,6.494,6.494,167.4,165.9
1975-06-06,6.494,6.494,6.494,6.494,167.2,167.4
1975-06-09,6.494,6.494,6.494,6.494,168.5,167.2
1975-06-10,6.494,6.494,6.494,6.494,167.3,168.5
1975-06-11,6.494,6.494,6.494,6.494,167.1,167.3
1975-06-12,6.494,6.494,6.494,6.494,166.5,167.1
1975-06-13,6.494,6.494,6.494,6.494,165.9,166.5
1975-06-16,6.494,6.494,6.494,6.494,164.4,165.9
1975-06-17,6.494,6.494,6.494,6.494,166.0,164.4
1975-06-18,6.494,6.494,6.494,6.494,165.4,166.0
1975-06-19,6.494,6.494,6.494,6.494,164.3,165.4
1975-06-20,6.757,6.757,6.757,6.757,164.3,164.3
1975-06-23,6.757,6.757,6.757,6.757,163.5,164.3
1975-06-24,6.757,6.757,6.757,6.757,164.5,163.5
1975-06-25,6.757,6.757,6.757,6.757,166.3,164.5
1975-06-26,6.757,6.757,6.757,6.757,166.0,166.3
1975-06-27,6.897,6.897,6.897,6.897,167.9,166.0
1975-06-30,6.897,6.897,6.897,6.897,167.8,167.9
1975-07-01,6.897,6.897,6.897,6.897,168.1,167.8
1975-07-02,6.897,6.897,6.897,6.897,166.3,168.1
1975-07-03,6.897,6.897,6.897,6.897,166.4,166.3
1975-07-07,6.897,6.897,6.897,6.897,164.0,166.4
1975-07-08,6.897,6.897,6.897,6.897,166.7,164.0
1975-07-09,6.897,6.897,6.897,6.897,172.2,166.7
1975-07-10,6.897,6.897,6.897,6.897,170.7,172.2
1975-07-11,7.107,7.107,7.107,7.107,173.0,170.7
1975-07-14,7.107,7.107,7.107,7.107,172.7,173.0
1975-07-15,7.107,7.107,7.107,7.107,171.5,172.7
1975-07-16,7.107,7.107,7.107,7.107,170.9,171.5
1975-07-17,7.107,7.107,7.107,7.107,170.8,170.9
1975-07-18,7.117,7.117,7.117,7.117,170.8,170.8
1975-07-21,7.117,7.117,7.117,7.117,170.6,170.8
1975-07-22,7.117,7.117,7.117,7.117,172.2,170.6
1975-07-23,7.117,7.117,7.117,7.117,171.5,172.2
1975-07-24,7.117,7.117,7.117,7.117,172.0,171.5
1975-07-25,7.102,7.102,7.102,7.102,174.3,172.0
1975-07-28,7.102,7.102,7.102,7.102,176.1,174.3
1975-07-29,7.102,7.102,7.102,7.102,173.8,176.1
1975-07-30,7.102,7.102,7.102,7.102,173.8,173.8
1975-07-31,7.102,7.102,7.102,7.102,173.4,173.8
1975-08-01,7.117,7.117,7.117,7.117,173.4,173.4
1975-08-04,7.117,7.117,7.117,7.117,173.1,173.4
1975-08-05,7.117,7.117,7.117,7.117,171.6,173.1
1975-08-06,7.117,7.117,7.117,7.117,171.0,171.6
1975-08-07,7.117,7.117,7.117,7.117,171.3,171.0
1975-08-08,7.299,7.299,7.299,7.299,166.6,171.3
1975-08-11,7.299,7.299,7.299,7.299,166.7,166.6
1975-08-12,7.299,7.299,7.299,7.299,168.4,166.7
1975-08-13,7.299,7.299,7.299,7.299,165.0,168.4
1975-08-14,7.299,7.299,7.299,7.299,163.9,165.0
1975-08-15,7.278,7.278,7.278,7.278,166.8,163.9
1975-08-18,7.278,7.278,7.278,7.278,166.2,166.8
1975-08-19,7.278,7.278,7.278,7.278,166.2,166.2
1975-08-20,7.278,7.278,7.278,7.278,167.0,166.2
1975-08-21,7.278,7.278,7.278,7.278,166.3,167.0
1975-08-22,7.407,7.407,7.407,7.407,165.8,166.3
1975-08-25,7.407,7.407,7.407,7.407,166.0,165.8
1975-08-26,7.407,7.407,7.407,7.407,165.6,166.0
1975-08-27,7.407,7.407,7.407,7.407,166.0,165.6
1975-08-28,7.407,7.407,7.407,7.407,165.5,166.0
1975-08-29,7.407,7.407,7.407,7.407,162.8,165.5
1975-09-02,7.407,7.407,7.407,7.407,152.8,162.8
1975-09-03,7.547,7.547,7.547,7.547,153.7,152.8
1975-09-04,7.407,7.407,7.407,7.407,155.2,153.7
1975-09-05,7.407,7.407,7.407,7.407,156.0,155.2
1975-09-08,7.407,7.407,7.407,7.407,153.0,156.0
1975-09-09,7.407,7.407,7.407,7.407,151.8,153.0
1975-09-10,7.407,7.407,7.407,7.407,150.4,151.8
1975-09-11,7.407,7.407,7.407,7.407,149.6,150.4
1975-09-12,7.435,7.435,7.435,7.435,149.7,149.6
1975-09-15,7.435,7.435,7.435,7.435,150.0,149.7
1975-09-16,7.435,7.435,7.435,7.435,147.7,150.0
1975-09-17,7.435,7.435,7.435,7.435,144.3,147.7
1975-09-18,7.435,7.435,7.435,7.435,137.8,144.3
1975-09-19,7.407,7.407,7.407,7.407,138.4,137.8
1975-09-22,7.407,7.407,7.407,7.407,134.8,138.4
1975-09-23,7.407,7.407,7.407,7.407,131.2,134.8
1975-09-24,7.407,7.407,7.407,7.407,137.5,131.2
1975-09-25,7.407,7.407,7.407,7.407,137.0,137.5
1975-09-26,7.547,7.547,7.547,7.547,139.0,137.0
1975-09-29,7.547,7.547,7.547,7.547,139.8,139.0
1975-09-30,7.547,7.547,7.547,7.547,142.2,139.8
1975-10-01,7.547,7.547,7.547,7.547,144.2,142.2
1975-10-02,7.547,7.547,7.547,7.547,143.4,144.2
1975-10-03,7.407,7.407,7.407,7.407,139.9,143.4
1975-10-06,7.407,7.407,7.407,7.407,142.6,139.9
1975-10-07,7.407,7.407,7.407,7.407,143.7,142.6
1975-10-08,7.407,7.407,7.407,7.407,139.6,143.7
1975-10-09,7.407,7.407,7.407,7.407,141.7,139.6
1975-10-10,7.547,7.547,7.547,7.547,143.6,141.7
1975-10-14,7.547,7.547,7.547,7.547,142.9,143.6
1975-10-15,7.547,7.547,7.547,7.547,142.9,142.9
1975-10-16,7.547,7.547,7.547,7.547,144.0,142.9
1975-10-17,7.519,7.519,7.519,7.519,146.1,144.0
1975-10-20,7.519,7.519,7.519,7.519,146.8,146.1
1975-10-21,7.519,7.519,7.519,7.519,145.2,146.8
1975-10-22,7.519,7.519,7.519,7.519,146.5,145.2
1975-10-23,7.519,7.519,7.519,7.519,145.1,146.5
1975-10-24,7.53,7.53,7.53,7.53,144.1,145.1
1975-10-27,7.53,7.53,7.53,7.53,143.0,144.1
1975-10-28,7.53,7.53,7.53,7.53,143.3,143.0
1975-10-29,7.53,7.53,7.53,7.53,144.1,143.3
1975-10-30,7.491,7.491,7.491,7.491,143.6,144.1
1975-10-31,7.547,7.547,7.547,7.547,142.8,143.6
1975-11-03,7.547,7.547,7.547,7.547,143.3,142.8
1975-11-05,7.547,7.547,7.547,7.547,148.4,143.3
1975-11-06,7.547,7.547,7.547,7.547,146.0,148.4
1975-11-07,7.547,7.547,7.547,7.547,147.8,146.0
1975-11-10,7.547,7.547,7.547,7.547,146.4,147.8
1975-11-12,7.547,7.547,7.547,7.547,155.2,146.4
1975-11-13,7.547,7.547,7.547,7.547,144.6,155.2
1975-11-14,7.525,7.525,7.525,7.525,141.6,144.6
1975-11-17,7.525,7.525,7.525,7.525,140.8,141.6
1975-11-18,7.525,7.525,7.525,7.525,141.8,140.8
1975-11-19,7.525,7.525,7.525,7.525,144.4,141.8
1975-11-20,7.525,7.525,7.525,7.525,152.8,144.4
1975-11-21,7.491,7.491,7.491,7.491,152.3,152.8
1975-11-24,7.491,7.491,7.491,7.491,152.6,152.3
1975-11-25,7.491,7.491,7.491,7.491,151.5,152.6
1975-11-26,7.491,7.491,7.491,7.491,150.7,151.5
1975-11-28,7.491,7.491,7.491,7.491,147.8,150.7
1975-12-01,7.491,7.491,7.491,7.491,147.3,147.8
1975-12-02,7.491,7.491,7.491,7.491,148.7,147.3
1975-12-03,7.491,7.491,7.491,7.491,147.2,148.7
1975-12-04,7.491,7.491,7.491,7.491,147.1,147.2
1975-12-05,7.663,7.663,7.663,7.663,146.6,147.1
1975-12-08,7.663,7.663,7.663,7.663,144.4,146.6
1975-12-09,7.663,7.663,7.663,7.663,145.4,144.4
1975-12-10,7.663,7.663,7.663,7.663,147.0,145.4
1975-12-11,7.663,7.663,7.663,7.663,147.0,147.0
1975-12-12,7.663,7.663,7.663,7.663,145.9,147.0
1975-12-15,7.663,7.663,7.663,7.663,145.3,145.9
1975-12-16,7.663,7.663,7.663,7.663,146.3,145.3
1975-12-17,7.663,7.663,7.663,7.663,146.6,146.3
1975-12-18,7.663,7.663,7.663,7.663,146.5,146.6
1975-12-19,7.71,7.71,7.71,7.71,153.5,146.5
1975-12-22,7.71,7.71,7.71,7.71,151.3,153.5
1975-12-23,7.71,7.71,7.71,7.71,149.5,151.3
1975-12-24,7.71,7.71,7.71,7.71,149.4,149.5
1975-12-29,7.71,7.71,7.71,7.71,149.9,149.4
1975-12-30,7.71,7.71,7.71,7.71,149.7,149.9
1975-12-31,7.71,7.71,7.71,7.71,148.8,149.7
1976-01-02,7.71,7.71,7.71,7.71,148.8,148.8
1976-01-05,7.71,7.71,7.71,7.71,147.1,148.8
1976-01-06,7.71,7.71,7.71,7.71,147.5,147.1
1976-01-07,7.71,7.71,7.71,7.71,146.6,147.5
1976-01-08,7.71,7.71,7.71,7.71,142.7,146.6
1976-01-09,7.722,7.722,7.722,7.722,143.4,142.7
1976-01-12,7.722,7.722,7.722,7.722,143.4,143.4
1976-01-13,7.722,7.722,7.722,7.722,137.7,143.4
1976-01-14,7.722,7.722,7.722,7.722,138.8,137.7
1976-01-15,7.722,7.722,7.722,7.722,137.6,138.8
1976-01-16,7.722,7.722,7.722,7.722,136.8,137.6
1976-01-19,7.722,7.722,7.722,7.722,132.9,136.8
1976-01-20,7.722,7.722,7.722,7.722,129.3,132.9
1976-01-21,7.722,7.722,7.722,7.722,129.3,129.3
1976-01-22,7.722,7.722,7.722,7.722,131.1,129.3
1976-01-23,7.722,7.722,7.722,7.722,133.5,131.1
1976-01-26,7.722,7.722,7.722,7.722,131.1,133.5
1976-01-27,7.722,7.722,7.722,7.722,131.5,131.1
1976-01-28,7.722,7.722,7.722,7.722,133.8,131.5
1976-01-29,7.722,7.722,7.722,7.722,133.9,133.8
1976-01-30,7.704,7.704,7.704,7.704,134.0,133.9
1976-02-02,7.704,7.704,7.704,7.704,136.6,134.0
1976-02-03,7.704,7.704,7.704,7.704,136.2,136.6
1976-02-04,7.704,7.704,7.704,7.704,134.6,136.2
1976-02-05,7.704,7.704,7.704,7.704,134.6,134.6
1976-02-06,7.722,7.722,7.722,7.722,136.5,134.6
1976-02-09,7.722,7.722,7.722,7.722,135.1,136.5
1976-02-10,7.722,7.722,7.722,7.722,135.7,135.1
1976-02-11,7.722,7.722,7.722,7.722,135.1,135.7
1976-02-13,7.722,7.722,7.722,7.722,136.0,135.5
1976-02-17,7.722,7.722,7.722,7.722,134.5,136.0
1976-02-18,7.722,7.722,7.722,7.722,134.7,134.5
1976-02-19,7.722,7.722,7.722,7.722,134.9,134.7
1976-02-20,7.722,7.722,7.722,7.722,136.0,134.9
1976-02-23,7.722,7.722,7.722,7.722,135.8,136.0
1976-02-24,7.722,7.722,7.722,7.722,137.9,135.8
1976-02-25,7.722,7.722,7.722,7.722,137.6,137.9
1976-02-26,7.722,7.722,7.722,7.722,136.3,137.6
1976-02-27,7.722,7.722,7.722,7.722,136.5,136.3
1976-03-01,7.722,7.722,7.722,7.722,135.9,136.5
1976-03-02,7.722,7.722,7.722,7.722,135.3,135.9
1976-03-03,7.722,7.722,7.722,7.722,134.9,135.3
1976-03-04,7.722,7.722,7.722,7.722,136.1,134.9
1976-03-05,7.722,7.722,7.722,7.722,137.8,136.1
1976-03-08,7.722,7.722,7.722,7.722,136.7,137.8
1976-03-09,7.722,7.722,7.722,7.722,137.0,136.7
1976-03-10,7.722,7.722,7.722,7.722,137.7,137.0
1976-03-11,7.722,7.722,7.722,7.722,137.4,137.7
1976-03-12,7.752,7.752,7.752,7.752,136.7,137.4
1976-03-15,7.752,7.752,7.752,7.752,136.3,136.7
1976-03-16,7.752,7.752,7.752,7.752,135.9,136.3
1976-03-17,7.752,7.752,7.752,7.752,136.8,135.9
1976-03-18,7.752,7.752,7.752,7.752,136.9,136.8
1976-03-19,8.032,8.032,8.032,8.032,137.6,136.9
1976-03-22,8.032,8.032,8.032,8.032,136.8,137.6
1976-03-23,8.032,8.032,8.032,8.032,136.6,136.8
1976-03-24,8.032,8.032,8.032,8.032,136.2,136.6
1976-03-25,8.032,8.032,8.032,8.032,136.3,136.2
1976-03-26,8.065,8.065,8.065,8.065,132.8,136.3
1976-03-29,8.065,8.065,8.065,8.065,131.7,132.8
1976-03-30,8.065,8.065,8.065,8.065,133.1,131.7
1976-03-31,8.065,8.065,8.065,8.065,132.7,133.1
1976-04-01,8.065,8.065,8.065,8.065,132.7,132.7
1976-04-02,8.032,8.032,8.032,8.032,132.6,132.7
1976-04-05,8.032,8.032,8.032,8.032,130.9,132.6
1976-04-06,8.032,8.032,8.032,8.032,131.3,130.9
1976-04-07,8.032,8.032,8.032,8.032,131.0,131.3
1976-04-08,8.032,8.032,8.032,8.032,132.4,131.0
1976-04-09,8.065,8.065,8.065,8.065,130.5,132.4
1976-04-12,8.065,8.065,8.065,8.065,131.6,130.5
1976-04-13,8.065,8.065,8.065,8.065,131.7,131.6
1976-04-14,8.065,8.065,8.065,8.065,131.3,131.7
1976-04-15,8.065,8.065,8.065,8.065,131.3,131.3
1976-04-19,8.065,8.065,8.065,8.065,132.0,131.3
1976-04-20,8.065,8.065,8.065,8.065,132.1,132.0
1976-04-21,8.368,8.368,8.368,8.368,131.0,132.1
1976-04-22,8.368,8.368,8.368,8.368,131.1,131.0
1976-04-23,8.403,8.403,8.403,8.403,131.1,131.1
1976-04-26,8.403,8.403,8.403,8.403,131.9,131.1
1976-04-27,8.403,8.403,8.403,8.403,132.8,131.9
1976-04-28,8.403,8.403,8.403,8.403,132.1,132.8
1976-04-29,8.403,8.403,8.403,8.403,132.1,132.1
1976-04-30,8.403,8.403,8.403,8.403,132.5,132.1
1976-05-03,8.403,8.403,8.403,8.403,132.5,132.5
1976-05-04,8.403,8.403,8.403,8.403,131.8,132.5
1976-05-05,8.403,8.403,8.403,8.403,131.8,131.8
1976-05-06,8.403,8.403,8.403,8.403,132.7,131.8
1976-05-07,8.403,8.403,8.403,8.403,132.3,132.7
1976-05-10,8.403,8.403,8.403,8.403,132.1,132.3
1976-05-11,8.403,8.403,8.403,8.403,131.9,132.1
1976-05-12,8.403,8.403,8.403,8.403,131.8,131.9
1976-05-13,8.403,8.403,8.403,8.403,131.2,131.8
1976-05-14,8.368,8.368,8.368,8.368,131.1,131.2
1976-05-17,8.368,8.368,8.368,8.368,130.7,131.1
1976-05-18,8.368,8.368,8.368,8.368,130.5,130.7
1976-05-19,8.368,8.368,8.368,8.368,128.6,130.5
1976-05-20,8.368,8.368,8.368,8.368,128.8,128.6
1976-05-21,8.368,8.368,8.368,8.368,129.1,128.8
1976-05-24,8.368,8.368,8.368,8.368,128.5,129.1
1976-05-25,8.368,8.368,8.368,8.368,128.1,128.5
1976-05-26,8.368,8.368,8.368,8.368,130.7,128.1
1976-05-27,8.368,8.368,8.368,8.368,130.8,130.7
1976-05-28,8.696,8.696,8.696,8.696,130.1,130.8
1976-06-01,8.696,8.696,8.696,8.696,132.9,130.1
1976-06-02,8.696,8.696,8.696,8.696,134.4,132.9
1976-06-03,8.696,8.696,8.696,8.696,132.5,134.4
1976-06-04,8.584,8.584,8.584,8.584,131.0,132.5
1976-06-07,8.584,8.584,8.584,8.584,132.0,131.0
1976-06-08,8.584,8.584,8.584,8.584,131.9,132.0
1976-06-09,8.584,8.584,8.584,8.584,131.2,131.9
1976-06-10,8.584,8.584,8.584,8.584,131.0,131.2
1976-06-11,8.696,8.696,8.696,8.696,130.0,131.0
1976-06-14,8.696,8.696,8.696,8.696,130.3,130.0
1976-06-15,8.696,8.696,8.696,8.696,130.1,130.3
1976-06-16,8.696,8.696,8.696,8.696,129.4,130.1
1976-06-17,8.696,8.696,8.696,8.696,130.0,129.4
1976-06-18,8.696,8.696,8.696,8.696,130.1,130.0
1976-06-21,8.696,8.696,8.696,8.696,130.2,130.1
1976-06-22,8.696,8.696,8.696,8.696,128.9,130.2
1976-06-23,8.696,8.696,8.696,8.696,128.3,128.9
1976-06-24,8.696,8.696,8.696,8.696,128.3,128.3
1976-06-25,8.696,8.696,8.696,8.696,128.1,128.3
1976-06-28,8.696,8.696,8.696,8.696,126.2,128.1
1976-06-29,8.696,8.696,8.696,8.696,126.3,126.2
1976-06-30,8.696,8.696,8.696,8.696,126.0,126.3
1976-07-01,8.696,8.696,8.696,8.696,125.8,126.0
1976-07-02,8.696,8.696,8.696,8.696,126.3,125.8
1976-07-06,8.696,8.696,8.696,8.696,126.6,126.3
1976-07-07,8.696,8.696,8.696,8.696,126.4,126.6
1976-07-08,8.696,8.696,8.696,8.696,126.2,126.4
1976-07-09,8.734,8.734,8.734,8.734,125.5,126.2
1976-07-12,8.734,8.734,8.734,8.734,124.7,125.5
1976-07-13,8.734,8.734,8.734,8.734,125.6,124.7
1976-07-14,8.889,8.889,8.889,8.889,125.7,125.6
1976-07-15,8.889,8.889,8.889,8.889,120.0,125.7
1976-07-16,8.696,8.696,8.696,8.696,120.1,120.0
1976-07-19,8.696,8.696,8.696,8.696,114.6,120.1
1976-07-20,8.696,8.696,8.696,8.696,110.9,114.6
1976-07-21,8.696,8.696,8.696,8.696,114.8,110.9
1976-07-22,8.696,8.696,8.696,8.696,113.0,114.8
1976-07-23,8.696,8.696,8.696,8.696,113.3,113.0
1976-07-26,8.696,8.696,8.696,8.696,114.3,113.3
1976-07-27,8.696,8.696,8.696,8.696,115.4,114.3
1976-07-28,8.696,8.696,8.696,8.696,115.2,115.4
1976-07-29,8.696,8.696,8.696,8.696,113.7,115.2
1976-07-30,8.696,8.696,8.696,8.696,114.2,113.7
1976-08-02,8.696,8.696,8.696,8.696,113.3,114.2
1976-08-03,8.696,8.696,8.696,8.696,113.9,113.3
1976-08-04,8.696,8.696,8.696,8.696,114.3,113.9
1976-08-05,8.696,8.696,8.696,8.696,113.3,114.3
1976-08-06,8.696,8.696,8.696,8.696,113.8,113.3
1976-08-09,8.696,8.696,8.696,8.696,113.6,113.8
1976-08-10,8.696,8.696,8.696,8.696,114.7,113.6
1976-08-11,8.696,8.696,8.696,8.696,114.5,114.7
1976-08-12,8.696,8.696,8.696,8.696,113.9,114.5
1976-08-13,8.696,8.696,8.696,8.696,114.5,113.9
1976-08-16,8.696,8.696,8.696,8.696,114.0,114.5
1976-08-17,8.696,8.696,8.696,8.696,112.2,114.0
1976-08-18,8.696,8.696,8.696,8.696,108.8,112.2
1976-08-19,8.696,8.696,8.696,8.696,108.9,108.8
1976-08-20,8.696,8.696,8.696,8.696,108.6,108.9
1976-08-23,8.696,8.696,8.696,8.696,104.5,108.6
1976-08-24,8.696,8.696,8.696,8.696,103.4,104.5
1976-08-25,8.696,8.696,8.696,8.696,106.1,103.4
1976-08-26,8.696,8.696,8.696,8.696,104.9,106.1
1976-08-27,8.673,8.673,8.673,8.673,103.1,104.9
1976-08-30,8.673,8.673,8.673,8.673,102.8,103.1
1976-08-31,8.673,8.673,8.673,8.673,103.2,102.8
1976-09-01,8.673,8.673,8.673,8.673,105.4,103.2
1976-09-02,8.673,8.673,8.673,8.673,105.4,105.4
1976-09-03,8.673,8.673,8.673,8.673,108.0,105.4
1976-09-07,8.673,8.673,8.673,8.673,111.8,108.0
1976-09-08,8.673,8.673,8.673,8.673,112.4,111.8
1976-09-09,8.673,8.673,8.673,8.673,113.9,112.4
1976-09-10,8.696,8.696,8.696,8.696,118.4,113.9
1976-09-13,8.696,8.696,8.696,8.696,114.7,118.4
1976-09-14,8.696,8.696,8.696,8.696,110.8,114.7
1976-09-15,8.696,8.696,8.696,8.696,112.3,110.8
1976-09-16,8.696,8.696,8.696,8.696,114.0,112.3
1976-09-17,8.696,8.696,8.696,8.696,117.5,114.0
1976-09-20,8.696,8.696,8.696,8.696,115.0,117.5
1976-09-21,8.696,8.696,8.696,8.696,119.1,115.0
1976-09-22,8.696,8.696,8.696,8.696,118.5,119.1
1976-09-23,8.696,8.696,8.696,8.696,117.8,118.5
1976-09-24,8.658,8.658,8.658,8.658,118.6,117.8
1976-09-27,8.658,8.658,8.658,8.658,117.7,118.6
1976-09-28,8.658,8.658,8.658,8.658,116.2,117.7
1976-09-29,8.658,8.658,8.658,8.658,116.1,116.2
1976-09-30,8.734,8.734,8.734,8.734,116.1,116.1
1976-10-01,8.734,8.734,8.734,8.734,116.0,116.1
1976-10-04,8.734,8.734,8.734,8.734,114.2,116.0
1976-10-05,8.734,8.734,8.734,8.734,114.5,114.2
1976-10-06,8.734,8.734,8.734,8.734,116.6,114.5
1976-10-07,8.734,8.734,8.734,8.734,115.5,116.6
1976-10-08,8.734,8.734,8.734,8.734,114.0,115.5
1976-10-12,8.734,8.734,8.734,8.734,114.7,114.6
1976-10-13,8.734,8.734,8.734,8.734,115.0,114.7
1976-10-14,8.734,8.734,8.734,8.734,114.9,115.0
1976-10-15,8.772,8.772,8.772,8.772,117.0,114.9
1976-10-18,8.772,8.772,8.772,8.772,116.9,117.0
1976-10-19,8.772,8.772,8.772,8.772,115.3,116.9
1976-10-20,8.772,8.772,8.772,8.772,114.9,115.3
1976-10-21,8.772,8.772,8.772,8.772,116.3,114.9
1976-10-22,8.696,8.696,8.696,8.696,115.8,116.3
1976-10-25,8.696,8.696,8.696,8.696,116.9,115.8
1976-10-26,8.696,8.696,8.696,8.696,118.4,116.9
1976-10-27,8.696,8.696,8.696,8.696,120.0,118.4
1976-10-28,8.696,8.696,8.696,8.696,125.8,120.0
1976-10-29,8.696,8.696,8.696,8.696,123.8,125.8
1976-11-01,8.696,8.696,8.696,8.696,123.7,123.8
1976-11-03,8.696,8.696,8.696,8.696,125.2,123.7
1976-11-04,8.696,8.696,8.696,8.696,126.0,125.2
1976-11-05,8.734,8.734,8.734,8.734,128.0,126.0
1976-11-08,8.734,8.734,8.734,8.734,133.0,128.0
1976-11-09,8.734,8.734,8.734,8.734,133.2,133.0
1976-11-10,8.734,8.734,8.734,8.734,137.1,133.2
1976-11-12,8.734,8.734,8.734,8.734,136.9,135.8
1976-11-15,8.734,8.734,8.734,8.734,135.9,136.9
1976-11-16,8.734,8.734,8.734,8.734,133.3,135.9
1976-11-17,8.734,8.734,8.734,8.734,136.9,133.3
1976-11-18,8.696,8.696,8.696,8.696,128.6,136.9
1976-11-19,8.696,8.696,8.696,8.696,130.8,128.6
1976-11-22,8.696,8.696,8.696,8.696,138.3,130.8
1976-11-23,8.696,8.696,8.696,8.696,135.6,138.3
1976-11-24,8.696,8.696,8.696,8.696,136.1,135.6
1976-11-26,8.696,8.696,8.696,8.696,132.6,136.1
1976-11-29,8.696,8.696,8.696,8.696,133.4,132.6
1976-11-30,8.696,8.696,8.696,8.696,132.6,133.4
1976-12-01,8.696,8.696,8.696,8.696,132.2,132.6
1976-12-02,8.696,8.696,8.696,8.696,132.1,132.2
1976-12-03,8.929,8.929,8.929,8.929,133.3,132.1
1976-12-06,8.929,8.929,8.929,8.929,136.0,133.3
1976-12-07,8.929,8.929,8.929,8.929,140.8,136.0
1976-12-08,8.929,8.929,8.929,8.929,138.1,140.8
1976-12-09,8.929,8.929,8.929,8.929,138.6,138.1
1976-12-10,8.929,8.929,8.929,8.929,143.7,138.6
1976-12-13,8.929,8.929,8.929,8.929,140.9,143.7
1976-12-14,8.929,8.929,8.929,8.929,139.0,140.9
1976-12-15,8.929,8.929,8.929,8.929,138.0,139.0
1976-12-16,8.929,8.929,8.929,8.929,139.3,138.0
1976-12-17,8.929,8.929,8.929,8.929,133.9,139.3
1976-12-20,8.929,8.929,8.929,8.929,134.2,133.9
1976-12-21,8.929,8.929,8.929,8.929,137.0,134.2
1976-12-22,8.929,8.929,8.929,8.929,136.2,137.0
1976-12-23,8.929,8.929,8.929,8.929,135.7,136.2
1976-12-27,8.889,8.889,8.889,8.889,138.5,135.7
1976-12-28,8.889,8.889,8.889,8.889,136.5,138.5
1976-12-29,8.889,8.889,8.889,8.889,137.1,136.5
1976-12-30,8.889,8.889,8.889,8.889,137.7,137.1
1977-01-03,8.772,8.772,8.772,8.772,138.2,137.7
1977-01-04,8.772,8.772,8.772,8.772,138.6,138.2
1977-01-05,8.772,8.772,8.772,8.772,137.8,138.6
1977-01-06,8.772,8.772,8.772,8.772,140.8,137.8
1977-01-07,8.772,8.772,8.772,8.772,138.8,140.8
1977-01-10,8.734,8.734,8.734,8.734,127.6,138.8
1977-01-11,8.734,8.734,8.734,8.734,130.7,127.6
1977-01-12,8.734,8.734,8.734,8.734,131.7,130.7
1977-01-13,8.734,8.734,8.734,8.734,132.3,131.7
1977-01-14,8.772,8.772,8.772,8.772,136.9,132.3
1977-01-17,8.772,8.772,8.772,8.772,138.1,136.9
1977-01-18,8.772,8.772,8.772,8.772,132.5,138.1
1977-01-19,8.772,8.772,8.772,8.772,138.7,132.5
1977-01-20,8.772,8.772,8.772,8.772,138.7,138.7
1977-01-21,8.734,8.734,8.734,8.734,133.4,138.7
1977-01-24,8.734,8.734,8.734,8.734,138.5,133.4
1977-01-25,8.734,8.734,8.734,8.734,140.3,138.5
1977-01-26,8.734,8.734,8.734,8.734,132.7,140.3
1977-01-27,8.734,8.734,8.734,8.734,132.2,132.7
1977-01-28,8.772,8.772,8.772,8.772,132.9,132.2
1977-01-31,8.772,8.772,8.772,8.772,138.8,132.9
1977-02-01,8.772,8.772,8.772,8.772,136.0,138.8
1977-02-02,8.772,8.772,8.772,8.772,138.7,136.2
1977-02-03,8.772,8.772,8.772,8.772,137.2,138.7
1977-02-04,8.734,8.734,8.734,8.734,138.7,138.0
1977-02-07,8.734,8.734,8.734,8.734,136.4,138.7
1977-02-08,8.734,8.734,8.734,8.734,140.6,136.55
1977-02-09,8.734,8.734,8.734,8.734,137.1,140.65
1977-02-10,8.734,8.734,8.734,8.734,141.2,137.75
1977-02-11,8.734,8.734,8.734,8.734,141.8,141.2
1977-02-14,8.734,8.734,8.734,8.734,141.4,142.1
1977-02-15,8.734,8.734,8.734,8.734,141.1,142.15
1977-02-16,8.734,8.734,8.734,8.734,142.1,141.75
1977-02-17,8.734,8.734,8.734,8.734,142.6,142.7
1977-02-18,8.734,8.734,8.734,8.734,143.2,142.85
1977-02-22,8.734,8.734,8.734,8.734,141.0,143.55
1977-02-23,8.734,8.734,8.734,8.734,142.0,141.8
1977-02-24,8.734,8.734,8.734,8.734,143.4,142.75
1977-02-25,8.734,8.734,8.734,8.734,143.6,144.2
1977-02-28,8.734,8.734,8.734,8.734,146.0,144.15
1977-03-01,8.734,8.734,8.734,8.734,145.0,146.65
1977-03-02,8.734,8.734,8.734,8.734,148.9,145.35
1977-03-03,8.734,8.734,8.734,8.734,147.5,149.8
1977-03-04,8.734,8.734,8.734,8.734,149.7,147.9
1977-03-07,8.734,8.734,8.734,8.734,149.7,149.85
1977-03-08,8.734,8.734,8.734,8.734,149.6,149.8
1977-03-09,8.734,8.734,8.734,8.734,149.5,149.85
1977-03-10,8.734,8.734,8.734,8.734,148.3,149.5
1977-03-11,8.734,8.734,8.734,8.734,147.7,149.1
1977-03-14,7.299,7.299,7.299,7.299,147.2,148.65
1977-03-15,7.299,7.299,7.299,7.299,149.6,148.05
1977-03-16,7.299,7.299,7.299,7.299,150.7,150.4
1977-03-17,7.299,7.299,7.299,7.299,151.8,151.4
1977-03-18,7.299,7.299,7.299,7.299,152.6,152.35
1977-03-21,7.299,7.299,7.299,7.299,155.3,153.25
1977-03-22,7.299,7.299,7.299,7.299,152.6,156.3
1977-03-23,7.299,7.299,7.299,7.299,155.5,153.1
1977-03-24,7.299,7.299,7.299,7.299,154.6,156.35
1977-03-25,7.299,7.299,7.299,7.299,154.8,155.4
1977-03-28,7.299,7.299,7.299,7.299,151.5,155.0
1977-03-29,7.299,7.299,7.299,7.299,150.2,151.65
1977-03-30,7.299,7.299,7.299,7.299,151.5,150.25
1977-03-31,7.299,7.299,7.299,7.299,151.0,152.1
1977-04-01,7.299,7.299,7.299,7.299,152.2,151.5
1977-04-04,7.299,7.299,7.299,7.299,151.1,152.75
1977-04-05,7.299,7.299,7.299,7.299,147.7,151.75
1977-04-06,7.299,7.299,7.299,7.299,149.0,148.4
1977-04-07,7.299,7.299,7.299,7.299,149.5,149.55
1977-04-11,7.299,7.299,7.299,7.299,150.7,150.05
1977-04-12,7.299,7.299,7.299,7.299,151.3,151.55
1977-04-13,7.299,7.299,7.299,7.299,153.8,151.9
1977-04-14,7.299,7.299,7.299,7.299,153.3,153.95
1977-04-15,7.353,7.353,7.353,7.353,152.7,153.3
1977-04-18,7.353,7.353,7.353,7.353,152.3,152.95
1977-04-19,7.353,7.353,7.353,7.353,151.1,152.95
1977-04-20,7.353,7.353,7.353,7.353,149.2,151.2
1977-04-21,7.353,7.353,7.353,7.353,150.0,150.0
1977-04-22,7.299,7.299,7.299,7.299,150.1,150.15
1977-04-25,7.299,7.299,7.299,7.299,148.3,150.45
1977-04-26,7.299,7.299,7.299,7.299,146.7,148.85
1977-04-27,7.299,7.299,7.299,7.299,146.9,146.75
1977-04-28,7.299,7.299,7.299,7.299,146.2,147.7
1977-04-29,7.299,7.299,7.299,7.299,148.0,146.85
1977-05-02,7.299,7.299,7.299,7.299,149.6,148.3
1977-05-03,7.299,7.299,7.299,7.299,147.9,150.15
1977-05-04,7.299,7.299,7.299,7.299,148.0,148.65
1977-05-05,7.299,7.299,7.299,7.299,147.6,148.5
1977-05-06,7.299,7.299,7.299,7.299,148.5,147.8
1977-05-09,7.299,7.299,7.299,7.299,148.2,148.55
1977-05-10,7.299,7.299,7.299,7.299,148.0,148.45
1977-05-11,7.299,7.299,7.299,7.299,147.5,148.9
1977-05-12,7.299,7.299,7.299,7.299,148.0,148.0
1977-05-13,7.299,7.299,7.299,7.299,148.3,148.9
1977-05-16,7.299,7.299,7.299,7.299,148.5,149.1
1977-05-17,7.299,7.299,7.299,7.299,147.5,148.5
1977-05-18,7.299,7.299,7.299,7.299,146.8,148.45
1977-05-19,7.299,7.299,7.299,7.299,151.5,147.75
1977-05-20,7.299,7.299,7.299,7.299,151.4,151.55
1977-05-23,7.299,7.299,7.299,7.299,149.5,152.25
1977-05-24,7.299,7.299,7.299,7.299,148.2,149.9
1977-05-25,7.299,7.299,7.299,7.299,148.3,149.15
1977-05-26,7.299,7.299,7.299,7.299,146.6,148.8
1977-05-27,7.299,7.299,7.299,7.299,148.1,146.8
1977-05-31,7.299,7.299,7.299,7.299,147.1,148.25
1977-06-01,7.299,7.299,7.299,7.299,147.9,147.25
1977-06-02,7.299,7.299,7.299,7.299,146.4,147.95
1977-06-03,7.299,7.299,7.299,7.299,146.4,146.7
1977-06-06,7.407,7.407,7.407,7.407,147.1,146.4
1977-06-07,7.407,7.407,7.407,7.407,146.4,147.8
1977-06-08,7.407,7.407,7.407,7.407,145.5,146.65
1977-06-09,7.407,7.407,7.407,7.407,143.4,145.95
1977-06-10,7.299,7.299,7.299,7.299,142.1,144.05
1977-06-13,7.299,7.299,7.299,7.299,141.1,142.1
1977-06-14,7.299,7.299,7.299,7.299,140.1,141.4
1977-06-15,7.299,7.299,7.299,7.299,142.9,140.45
1977-06-16,7.299,7.299,7.299,7.299,142.7,143.5
1977-06-17,7.299,7.299,7.299,7.299,143.1,142.9
1977-06-20,7.299,7.299,7.299,7.299,143.5,143.35
1977-06-21,7.299,7.299,7.299,7.299,144.2,143.75
1977-06-22,7.299,7.299,7.299,7.299,143.2,144.9
1977-06-23,7.299,7.299,7.299,7.299,144.1,143.8
1977-06-24,7.299,7.299,7.299,7.299,144.3,144.85
1977-06-27,7.299,7.299,7.299,7.299,147.0,144.7
1977-06-28,7.299,7.299,7.299,7.299,145.5,147.2
1977-06-29,7.299,7.299,7.299,7.299,146.2,146.4
1977-06-30,7.299,7.299,7.299,7.299,146.1,146.35
1977-07-01,7.299,7.299,7.299,7.299,144.4,146.65
1977-07-05,7.299,7.299,7.299,7.299,143.1,144.5
1977-07-06,7.299,7.299,7.299,7.299,143.6,144.0
1977-07-07,7.299,7.299,7.299,7.299,144.3,144.0
1977-07-08,7.299,7.299,7.299,7.299,144.7,144.45
1977-07-11,7.299,7.299,7.299,7.299,143.9,145.6
1977-07-12,7.299,7.299,7.299,7.299,145.9,144.85
1977-07-13,7.299,7.299,7.299,7.299,147.5,146.85
1977-07-15,7.299,7.299,7.299,7.299,147.2,148.15
1977-07-18,7.299,7.299,7.299,7.299,148.3,147.35
1977-07-19,7.299,7.299,7.299,7.299,147.7,148.85
1977-07-20,7.299,7.299,7.299,7.299,147.3,148.35
1977-07-21,7.299,7.299,7.299,7.299,146.6,147.8
1977-07-22,7.299,7.299,7.299,7.299,147.7,147.4
1977-07-25,7.299,7.299,7.299,7.299,149.7,147.9
1977-07-26,7.299,7.299,7.299,7.299,149.1,150.15
1977-07-27,7.299,7.299,7.299,7.299,147.8,149.1
1977-07-28,7.299,7.299,7.299,7.299,146.4,148.3
1977-07-29,7.299,7.299,7.299,7.299,147.1,147.35
1977-08-01,7.299,7.299,7.299,7.299,148.2,147.75
1977-08-02,7.299,7.299,7.299,7.299,148.3,148.4
1977-08-03,7.299,7.299,7.299,7.299,149.1,148.85
1977-08-04,7.299,7.299,7.299,7.299,148.6,149.6
1977-08-05,7.283,7.283,7.283,7.283,149.2,149.25
1977-08-08,7.283,7.283,7.283,7.283,149.3,150.05
1977-08-09,7.283,7.283,7.283,7.283,148.5,149.9
1977-08-10,7.283,7.283,7.283,7.283,148.6,148.9
1977-08-11,7.283,7.283,7.283,7.283,148.6,149.05
1977-08-12,7.283,7.283,7.283,7.283,146.0,148.9
1977-08-15,7.283,7.283,7.283,7.283,144.7,146.5
1977-08-16,7.283,7.283,7.283,7.283,145.9,145.45
1977-08-17,7.283,7.283,7.283,7.283,146.4,146.55
1977-08-18,7.283,7.283,7.283,7.283,147.0,146.65
1977-08-19,7.283,7.283,7.283,7.283,146.8,147.45
1977-08-22,7.283,7.283,7.283,7.283,146.2,147.15
1977-08-23,7.283,7.283,7.283,7.283,146.4,146.6
1977-08-24,7.283,7.283,7.283,7.283,146.9,147.3
1977-08-25,7.273,7.273,7.273,7.273,146.4,147.35
1977-08-26,7.299,7.299,7.299,7.299,148.6,146.8
1977-08-29,7.299,7.299,7.299,7.299,148.1,149.5
1977-08-30,7.299,7.299,7.299,7.299,148.5,148.9
1977-08-31,7.299,7.299,7.299,7.299,148.1,149.45
1977-09-01,7.299,7.299,7.299,7.299,148.3,148.35
1977-09-02,7.299,7.299,7.299,7.299,150.8,149.05
1977-09-06,7.299,7.299,7.299,7.299,149.3,151.6
1977-09-07,7.299,7.299,7.299,7.299,150.6,149.5
1977-09-08,7.299,7.299,7.299,7.299,149.4,150.65
1977-09-09,7.299,7.299,7.299,7.299,150.4,149.6
1977-09-12,7.299,7.299,7.299,7.299,150.3,151.2
1977-09-13,8.613,8.613,8.613,8.613,150.0,151.2
1977-09-14,8.584,8.584,8.584,8.584,150.4,150.9
1977-09-15,8.658,8.658,8.658,8.658,150.3,150.55
1977-09-16,8.621,8.621,8.621,8.621,151.5,151.1
1977-09-19,8.621,8.621,8.621,8.621,152.0,151.55
1977-09-20,8.621,8.621,8.621,8.621,153.5,152.15
1977-09-21,8.621,8.621,8.621,8.621,154.0,153.5
1977-09-22,8.621,8.621,8.621,8.621,154.1,154.45
1977-09-23,8.621,8.621,8.621,8.621,154.0,154.65
1977-09-26,8.621,8.621,8.621,8.621,155.9,154.35
1977-09-27,8.621,8.621,8.621,8.621,155.3,156.2
1977-09-28,8.621,8.621,8.621,8.621,155.6,156.0
1977-09-29,8.621,8.621,8.621,8.621,156.0,155.6
1977-09-30,8.621,8.621,8.621,8.621,156.4,156.3
1977-10-03,8.621,8.621,8.621,8.621,157.8,156.6
1977-10-04,8.621,8.621,8.621,8.621,157.8,158.2
1977-10-05,8.621,8.621,8.621,8.621,156.8,158.0
1977-10-06,8.621,8.621,8.621,8.621,155.5,157.25
1977-10-07,8.621,8.621,8.621,8.621,157.3,156.0
1977-10-11,8.621,8.621,8.621,8.621,160.2,159.75
1977-10-12,8.621,8.621,8.621,8.621,160.0,160.45
1977-10-13,8.621,8.621,8.621,8.621,159.5,160.2
1977-10-14,8.599,8.599,8.599,8.599,162.1,159.7
1977-10-17,8.599,8.599,8.599,8.599,164.1,163.05
1977-10-18,8.599,8.599,8.599,8.599,162.6,164.65
1977-10-19,8.599,8.599,8.599,8.599,160.2,162.9
1977-10-20,8.599,8.599,8.599,8.599,162.5,161.1
1977-10-21,8.599,8.599,8.599,8.599,164.3,162.55
1977-10-24,8.599,8.599,8.599,8.599,166.6,164.55
1977-10-25,8.599,8.599,8.599,8.599,166.5,167.05
1977-10-26,8.599,8.599,8.599,8.599,164.1,166.9
1977-10-27,8.599,8.599,8.599,8.599,161.7,164.65
1977-10-28,8.599,8.599,8.599,8.599,162.0,162.3
1977-10-31,8.599,8.599,8.599,8.599,162.7,162.75
1977-11-01,8.599,8.599,8.599,8.599,163.6,163.0
1977-11-02,8.599,8.599,8.599,8.599,163.4,163.75
1977-11-03,8.599,8.599,8.599,8.599,166.1,163.5
1977-11-04,8.599,8.599,8.599,8.599,168.3,167.05
1977-11-07,8.599,8.599,8.599,8.599,166.2,168.55
1977-11-09,8.599,8.599,8.599,8.599,168.2,167.5
1977-11-10,8.599,8.599,8.599,8.599,168.7,168.9
1977-11-14,8.599,8.599,8.599,8.599,164.3,169.65
1977-11-15,8.599,8.599,8.599,8.599,163.5,164.95
1977-11-16,16.129,16.129,16.129,16.129,158.4,164.2
1977-11-17,16.129,16.129,16.129,16.129,160.6,159.15
1977-11-18,16.129,16.129,16.129,16.129,161.5,161.25
1977-11-21,16.129,16.129,16.129,16.129,155.2,161.9
1977-11-22,16.129,16.129,16.129,16.129,155.9,155.4
1977-11-23,16.129,16.129,16.129,16.129,160.7,156.25
1977-11-25,16.129,16.129,16.129,16.129,161.8,161.45
1977-11-28,16.129,16.129,16.129,16.129,163.0,162.65
1977-11-29,16.129,16.129,16.129,16.129,162.8,163.35
1977-11-30,16.129,16.129,16.129,16.129,162.3,163.6
1977-12-01,16.129,16.129,16.129,16.129,159.6,162.3
1977-12-02,16.129,16.129,16.129,16.129,160.1,160.2
1977-12-05,16.129,16.129,16.129,16.129,161.7,160.45
1977-12-06,16.129,16.129,16.129,16.129,161.8,161.75
1977-12-07,16.129,16.129,16.129,16.129,163.6,162.45
1977-12-08,16.129,16.129,16.129,16.129,162.0,164.05
1977-12-09,16.129,16.129,16.129,16.129,160.0,162.95
1977-12-12,16.129,16.129,16.129,16.129,157.2,160.55
1977-12-13,16.129,16.129,16.129,16.129,159.5,157.65
1977-12-14,16.129,16.129,16.129,16.129,161.5,160.2
1977-12-15,16.129,16.129,16.129,16.129,161.5,162.05
1977-12-16,16.129,16.129,16.129,16.129,161.6,162.0
1977-12-19,16.129,16.129,16.129,16.129,160.8,161.95
1977-12-20,16.129,16.129,16.129,16.129,161.5,161.35
1977-12-21,16.129,16.129,16.129,16.129,161.2,162.1
1977-12-22,16.129,16.129,16.129,16.129,162.9,161.75
1977-12-23,16.129,16.129,16.129,16.129,164.7,163.6
1977-12-27,16.129,16.129,16.129,16.129,166.2,164.75
1977-12-28,16.129,16.129,16.129,16.129,166.2,166.6
1977-12-29,16.129,16.129,16.129,16.129,167.7,166.6
1977-12-30,16.129,16.129,16.129,16.129,167.5,168.2
1978-01-03,16.129,16.129,16.129,16.129,173.0,168.1
1978-01-04,16.129,16.129,16.129,16.129,168.0,173.85
1978-01-05,16.129,16.129,16.129,16.129,170.8,168.2
1978-01-06,16.129,16.129,16.129,16.129,171.3,171.55
1978-01-09,16.129,16.129,16.129,16.129,173.3,171.5
1978-01-10,16.129,16.129,16.129,16.129,172.8,174.1
1978-01-11,16.129,16.129,16.129,16.129,175.0,173.45
1978-01-12,16.129,16.129,16.129,16.129,172.6,175.45
1978-01-13,16.129,16.129,16.129,16.129,175.5,173.35
1978-01-16,16.129,16.129,16.129,16.129,181.3,175.65
1978-01-17,16.129,16.129,16.129,16.129,179.0,182.05
1978-01-18,16.129,16.129,16.129,16.129,177.3,179.8
1978-01-19,16.129,16.129,16.129,16.129,178.7,177.5
1978-01-23,16.0,16.0,16.0,16.0,182.0,179.0
1978-01-24,16.0,16.0,16.0,16.0,182.0,182.9
1978-01-25,16.0,16.0,16.0,16.0,181.9,182.6
1978-01-26,16.0,16.0,16.0,16.0,181.4,182.4
1978-01-27,16.0,16.0,16.0,16.0,180.0,181.5
1978-01-30,16.0,16.0,16.0,16.0,179.3,180.05
1978-01-31,16.0,16.0,16.0,16.0,181.5,180.15
1978-02-01,16.0,16.0,16.0,16.0,180.5,181.85
1978-02-02,16.0,16.0,16.0,16.0,178.6,181.2
1978-02-03,16.0,16.0,16.0,16.0,179.1,179.6
1978-02-06,16.0,16.0,16.0,16.0,179.9,179.75
1978-02-08,16.0,16.0,16.0,16.0,178.2,180.15
1978-02-09,16.0,16.0,16.0,16.0,178.8,179.15
1978-02-10,15.385,15.385,15.385,15.385,180.5,178.8
1978-02-14,15.385,15.385,15.385,15.385,181.8,182.35
1978-02-15,15.385,15.385,15.385,15.385,184.6,182.75
1978-02-16,15.385,15.385,15.385,15.385,185.2,184.65
1978-02-17,15.385,15.385,15.385,15.385,183.9,185.7
1978-02-21,15.385,15.385,15.385,15.385,185.7,184.65
1978-02-22,15.385,15.385,15.385,15.385,184.7,186.05
1978-02-23,15.385,15.385,15.385,15.385,187.3,184.9
1978-02-24,15.385,15.385,15.385,15.385,184.2,187.7
1978-02-27,15.385,15.385,15.385,15.385,185.3,185.1
1978-02-28,15.385,15.385,15.385,15.385,187.1,185.45
1978-03-01,15.385,15.385,15.385,15.385,186.7,187.95
1978-03-02,15.385,15.385,15.385,15.385,187.7,187.55
1978-03-03,15.385,15.385,15.385,15.385,187.3,188.35
1978-03-06,15.385,15.385,15.385,15.385,189.8,187.95
1978-03-07,15.385,15.385,15.385,15.385,192.0,190.55
1978-03-08,15.385,15.385,15.385,15.385,193.5,192.25
1978-03-09,15.385,15.385,15.385,15.385,190.8,194.25
1978-03-10,15.385,15.385,15.385,15.385,191.6,191.35
1978-03-13,15.385,15.385,15.385,15.385,192.2,192.5
1978-03-14,15.385,15.385,15.385,15.385,188.9,192.8
1978-03-15,15.385,15.385,15.385,15.385,186.3,189.7
1978-03-16,15.385,15.385,15.385,15.385,188.3,186.45
1978-03-17,15.385,15.385,15.385,15.385,184.5,189.05
1978-03-20,15.385,15.385,15.385,15.385,178.5,184.95
1978-03-21,15.385,15.385,15.385,15.385,179.7,178.65
1978-03-22,15.385,15.385,15.385,15.385,182.9,180.45
1978-03-23,15.385,15.385,15.385,15.385,183.4,183.5
1978-03-27,15.385,15.385,15.385,15.385,185.8,183.85
1978-03-28,15.385,15.385,15.385,15.385,185.1,186.05
1978-03-29,15.385,15.385,15.385,15.385,181.7,185.9
1978-03-30,15.385,15.385,15.385,15.385,182.9,182.0
1978-03-31,15.385,15.385,15.385,15.385,186.2,183.2
1978-04-03,15.385,15.385,15.385,15.385,179.8,186.35
1978-04-04,15.385,15.385,15.385,15.385,179.2,180.65
1978-04-05,15.385,15.385,15.385,15.385,180.4,180.05
1978-04-06,15.385,15.385,15.385,15.385,182.5,180.6
1978-04-07,15.385,15.385,15.385,15.385,179.5,183.3
1978-04-10,15.385,15.385,15.385,15.385,180.5,180.4
1978-04-11,15.385,15.385,15.385,15.385,182.0,180.9
1978-04-12,15.385,15.385,15.385,15.385,181.2,182.5
1978-04-13,15.385,15.385,15.385,15.385,179.6,182.0
1978-04-14,15.385,15.385,15.385,15.385,178.3,179.75
1978-04-17,15.385,15.385,15.385,15.385,173.0,178.5
1978-04-18,15.385,15.385,15.385,15.385,174.6,173.55
1978-04-19,15.385,15.385,15.385,15.385,174.3,175.1
1978-04-20,15.385,15.385,15.385,15.385,171.4,174.7
1978-04-21,15.385,15.385,15.385,15.385,171.5,172.2
1978-04-24,15.385,15.385,15.385,15.385,168.4,172.45
1978-04-25,15.385,15.385,15.385,15.385,168.4,169.35
1978-04-26,15.385,15.385,15.385,15.385,169.4,169.25
1978-04-27,15.385,15.385,15.385,15.385,171.7,169.9
1978-04-28,15.625,15.625,15.625,15.625,170.6,172.1
1978-05-01,15.625,15.625,15.625,15.625,169.8,170.95
1978-05-02,15.625,15.625,15.625,15.625,170.7,170.05
1978-05-03,15.625,15.625,15.625,15.625,172.2,170.95
1978-05-04,15.625,15.625,15.625,15.625,174.1,172.25
1978-05-05,16.0,16.0,16.0,16.0,174.0,174.75
1978-05-08,16.0,16.0,16.0,16.0,172.6,174.1
1978-05-09,16.0,16.0,16.0,16.0,172.8,173.45
1978-05-10,16.0,16.0,16.0,16.0,174.9,173.0
1978-05-11,16.0,16.0,16.0,16.0,174.4,175.3
1978-05-12,16.0,16.0,16.0,16.0,174.4,174.9
1978-05-15,15.898,15.898,15.898,15.898,176.6,175.2
1978-05-16,15.898,15.898,15.898,15.898,177.6,177.35
1978-05-17,15.898,15.898,15.898,15.898,177.2,177.95
1978-05-18,15.898,15.898,15.898,15.898,179.0,177.7
1978-05-19,15.898,15.898,15.898,15.898,178.6,179.75
1978-05-22,15.924,15.924,15.924,15.924,179.9,178.6
1978-05-23,15.924,15.924,15.924,15.924,181.8,180.15
1978-05-24,15.924,15.924,15.924,15.924,179.4,182.1
1978-05-25,15.924,15.924,15.924,15.924,188.3,180.25
1978-05-26,15.949,15.949,15.949,15.949,188.2,188.6
1978-05-31,15.949,15.949,15.949,15.949,192.8,192.75
1978-06-01,15.949,15.949,15.949,15.949,192.5,193.25
1978-06-02,15.949,15.949,15.949,15.949,190.9,193.25
1978-06-05,15.949,15.949,15.949,15.949,189.6,191.3
1978-06-06,15.949,15.949,15.949,15.949,189.9,190.3
1978-06-07,15.949,15.949,15.949,15.949,188.2,190.3
1978-06-08,15.949,15.949,15.949,15.949,189.5,188.25
1978-06-09,15.949,15.949,15.949,15.949,189.0,190.35
1978-06-12,15.748,15.748,15.748,15.748,188.8,189.2
1978-06-13,15.748,15.748,15.748,15.748,191.1,189.05
1978-06-14,15.748,15.748,15.748,15.748,190.6,191.2
1978-06-15,15.748,15.748,15.748,15.748,191.5,190.8
1978-06-16,15.873,15.873,15.873,15.873,193.5,192.3
1978-06-19,15.873,15.873,15.873,15.873,194.3,194.3
1978-06-20,15.873,15.873,15.873,15.873,193.8,195.05
1978-06-21,15.873,15.873,15.873,15.873,193.7,194.2
1978-06-22,15.873,15.873,15.873,15.873,194.0,194.35
1978-06-23,15.873,15.873,15.873,15.873,193.4,194.65
1978-06-26,16.026,16.026,16.026,16.026,192.4,193.5
1978-06-27,16.026,16.026,16.026,16.026,192.4,192.75
1978-06-28,16.026,16.026,16.026,16.026,191.9,192.75
1978-06-29,16.026,16.026,16.026,16.026,189.5,192.75
1978-06-30,16.026,16.026,16.026,16.026,189.2,190.15
1978-07-03,16.129,16.129,16.129,16.129,190.4,190.0
1978-07-05,16.129,16.129,16.129,16.129,190.5,190.85
1978-07-06,16.129,16.129,16.129,16.129,189.4,191.0
1978-07-07,15.873,15.873,15.873,15.873,192.2,189.8
1978-07-10,15.873,15.873,15.873,15.873,193.1,193.15
1978-07-11,15.873,15.873,15.873,15.873,192.5,194.05
1978-07-12,15.873,15.873,15.873,15.873,193.1,192.7
1978-07-13,15.873,15.873,15.873,15.873,192.0,193.3
1978-07-14,15.601,15.601,15.601,15.601,192.5,192.9
1978-07-17,15.601,15.601,15.601,15.601,190.4,193.45
1978-07-18,15.601,15.601,15.601,15.601,191.6,190.4
1978-07-19,15.601,15.601,15.601,15.601,193.2,191.95
1978-07-20,15.601,15.601,15.601,15.601,198.3,193.6
1978-07-21,15.601,15.601,15.601,15.601,202.5,198.55
1978-07-24,15.873,15.873,15.873,15.873,200.0,202.95
1978-07-25,15.873,15.873,15.873,15.873,201.7,200.9
1978-07-26,15.873,15.873,15.873,15.873,201.2,202.05
1978-07-27,15.873,15.873,15.873,15.873,204.5,202.0
1978-07-28,15.873,15.873,15.873,15.873,206.9,204.65
1978-07-31,15.552,15.552,15.552,15.552,209.8,207.15
1978-08-01,15.552,15.552,15.552,15.552,207.5,209.9
1978-08-02,15.552,15.552,15.552,15.552,208.4,207.7
1978-08-03,15.552,15.552,15.552,15.552,205.7,209.15
1978-08-04,15.552,15.552,15.552,15.552,209.6,206.25
1978-08-07,15.873,15.873,15.873,15.873,213.1,210.05
1978-08-08,15.873,15.873,15.873,15.873,214.0,213.85
1978-08-09,15.873,15.873,15.873,15.873,210.8,214.4
1978-08-10,15.873,15.873,15.873,15.873,215.3,211.75
1978-08-11,15.873,15.873,15.873,15.873,216.0,215.95
1978-08-14,15.625,15.625,15.625,15.625,220.3,216.7
1978-08-15,15.625,15.625,15.625,15.625,218.0,220.6
1978-08-16,15.625,15.625,15.625,15.625,217.3,218.05
1978-08-17,15.625,15.625,15.625,15.625,211.7,217.9
1978-08-18,15.625,15.625,15.625,15.625,212.7,211.95
1978-08-21,15.504,15.504,15.504,15.504,212.7,213.55
1978-08-22,15.504,15.504,15.504,15.504,209.5,213.25
1978-08-23,15.504,15.504,15.504,15.504,207.1,209.95
1978-08-24,15.504,15.504,15.504,15.504,204.8,207.4
1978-08-25,15.504,15.504,15.504,15.504,202.6,205.6
1978-08-28,15.65,15.65,15.65,15.65,202.8,203.3
1978-08-29,15.65,15.65,15.65,15.65,211.4,203.1
1978-08-30,15.65,15.65,15.65,15.65,211.6,211.55
1978-08-31,15.65,15.65,15.65,15.65,210.6,212.5
1978-09-01,15.65,15.65,15.65,15.65,215.5,211.25
1978-09-05,15.674,15.674,15.674,15.674,217.6,215.9
1978-09-06,15.674,15.674,15.674,15.674,216.5,218.55
1978-09-07,15.674,15.674,15.674,15.674,211.3,216.8
1978-09-08,15.674,15.674,15.674,15.674,210.2,211.45
1978-09-11,15.699,15.699,15.699,15.699,210.4,210.9
1978-09-12,15.699,15.699,15.699,15.699,211.5,211.15
1978-09-13,15.699,15.699,15.699,15.699,215.6,212.15
1978-09-14,15.699,15.699,15.699,15.699,214.2,215.9
1978-09-15,15.699,15.699,15.699,15.699,214.5,215.0
1978-09-18,15.576,15.576,15.576,15.576,216.3,214.65
1978-09-19,15.576,15.576,15.576,15.576,214.4,216.4
1978-09-20,15.576,15.576,15.576,15.576,219.4,214.95
1978-09-21,15.576,15.576,15.576,15.576,220.1,219.65
1978-09-22,15.576,15.576,15.576,15.576,222.8,220.45
1978-09-25,15.699,15.699,15.699,15.699,221.7,223.35
1978-09-26,15.699,15.699,15.699,15.699,219.7,222.1
1978-09-27,15.699,15.699,15.699,15.699,222.3,219.9
1978-09-28,15.699,15.699,15.699,15.699,221.4,222.45
1978-09-29,15.699,15.699,15.699,15.699,220.9,222.35
1978-10-02,15.699,15.699,15.699,15.699,223.1,221.2
1978-10-03,15.699,15.699,15.699,15.699,226.4,223.45
1978-10-04,15.699,15.699,15.699,15.699,227.0,226.75
1978-10-05,15.699,15.699,15.699,15.699,227.2,227.65
1978-10-06,15.699,15.699,15.699,15.699,225.5,227.95
1978-10-10,15.699,15.699,15.699,15.699,227.9,227.6
1978-10-11,15.699,15.699,15.699,15.699,230.7,228.45
1978-10-12,15.699,15.699,15.699,15.699,226.3,231.15
1978-10-13,15.699,15.699,15.699,15.699,226.9,227.05
1978-10-16,15.699,15.699,15.699,15.699,229.6,227.05
1978-10-17,15.699,15.699,15.699,15.699,231.1,230.4
1978-10-18,15.699,15.699,15.699,15.699,230.9,231.35
1978-10-19,15.699,15.699,15.699,15.699,227.7,231.45
1978-10-20,15.699,15.699,15.699,15.699,230.0,228.4
1978-10-23,15.699,15.699,15.699,15.699,227.8,230.55
1978-10-24,15.699,15.699,15.699,15.699,229.8,228.05
1978-10-25,15.699,15.699,15.699,15.699,235.5,230.4
1978-10-26,15.699,15.699,15.699,15.699,236.5,235.75
1978-10-27,15.699,15.699,15.699,15.699,239.4,236.6
1978-10-30,15.552,15.552,15.552,15.552,247.0,239.85
1978-10-31,15.552,15.552,15.552,15.552,240.7,247.2
1978-11-01,15.552,15.552,15.552,15.552,230.7,241.4
1978-11-02,15.552,15.552,15.552,15.552,220.7,231.55
1978-11-03,15.552,15.552,15.552,15.552,215.0,221.5
1978-11-06,15.625,15.625,15.625,15.625,213.2,215.75
1978-11-08,15.625,15.625,15.625,15.625,218.3,214.05
1978-11-09,15.625,15.625,15.625,15.625,208.5,219.15
1978-11-10,15.625,15.625,15.625,15.625,210.2,208.5
1978-11-13,15.748,15.748,15.748,15.748,211.2,210.35
1978-11-14,15.748,15.748,15.748,15.748,209.0,212.1
1978-11-15,15.748,15.748,15.748,15.748,199.1,209.8
1978-11-16,15.748,15.748,15.748,15.748,199.3,199.95
1978-11-17,15.625,15.625,15.625,15.625,200.0,199.95
1978-11-20,15.625,15.625,15.625,15.625,198.3,200.8
1978-11-21,15.625,15.625,15.625,15.625,197.9,198.45
1978-11-22,15.625,15.625,15.625,15.625,205.0,198.7
1978-11-24,14.925,14.925,14.925,14.925,205.1,205.3
1978-11-27,14.925,14.925,14.925,14.925,200.4,205.4
1978-11-28,14.925,14.925,14.925,14.925,196.2,201.25
1978-11-29,14.925,14.925,14.925,14.925,195.4,197.1
1978-11-30,14.925,14.925,14.925,14.925,196.4,196.2
1978-12-01,15.625,15.625,15.625,15.625,200.1,197.1
1978-12-04,15.625,15.625,15.625,15.625,199.9,200.7
1978-12-05,15.625,15.625,15.625,15.625,199.1,200.05
1978-12-06,15.625,15.625,15.625,15.625,200.9,199.25
1978-12-07,15.625,15.625,15.625,15.625,202.2,201.7
1978-12-08,15.625,15.625,15.625,15.625,207.6,202.3
1978-12-11,15.576,15.576,15.576,15.576,206.2,208.5
1978-12-12,15.576,15.576,15.576,15.576,208.3,207.0
1978-12-13,15.576,15.576,15.576,15.576,204.6,209.25
1978-12-14,15.576,15.576,15.576,15.576,207.1,205.2
1978-12-15,15.576,15.576,15.576,15.576,208.1,207.3
1978-12-18,14.925,14.925,14.925,14.925,217.6,208.7
1978-12-19,14.925,14.925,14.925,14.925,223.7,218.35
1978-12-20,14.925,14.925,14.925,14.925,217.6,223.75
1978-12-21,14.925,14.925,14.925,14.925,217.6,218.05
1978-12-22,15.576,15.576,15.576,15.576,216.7,217.7
1978-12-26,15.576,15.576,15.576,15.576,221.6,217.65
1978-12-27,15.576,15.576,15.576,15.576,249.6,222.55
1978-12-28,15.576,15.576,15.576,15.576,225.1,250.4
1978-12-29,15.576,15.576,15.576,15.576,229.0,225.55
1979-01-02,15.65,15.65,15.65,15.65,224.1,229.35
1979-01-03,15.65,15.65,15.65,15.65,223.0,224.35
1979-01-04,15.65,15.65,15.65,15.65,226.9,223.9
1979-01-05,15.385,15.385,15.385,15.385,224.8,227.55
1979-01-08,15.385,15.385,15.385,15.385,226.7,225.7
1979-01-09,15.385,15.385,15.385,15.385,222.0,227.0
1979-01-10,15.385,15.385,15.385,15.385,223.4,222.35
1979-01-11,15.385,15.385,15.385,15.385,218.6,223.5
1979-01-12,15.504,15.504,15.504,15.504,219.4,219.6
1979-01-15,15.504,15.504,15.504,15.504,220.0,220.15
1979-01-16,15.504,15.504,15.504,15.504,226.3,220.8
1979-01-17,15.504,15.504,15.504,15.504,227.4,227.1
1979-01-18,15.504,15.504,15.504,15.504,230.8,228.3
1979-01-19,15.528,15.528,15.528,15.528,237.0,231.0
1979-01-22,15.528,15.528,15.528,15.528,235.7,237.5
1979-01-23,15.528,15.528,15.528,15.528,237.7,236.35
1979-01-24,15.528,15.528,15.528,15.528,242.7,238.55
1979-01-25,15.528,15.528,15.528,15.528,239.0,242.85
1979-01-26,15.528,15.528,15.528,15.528,240.2,239.05
1979-01-29,15.528,15.528,15.528,15.528,236.2,240.25
1979-01-30,15.528,15.528,15.528,15.528,238.0,237.1
1979-01-31,15.528,15.528,15.528,15.528,236.6,238.3
1979-02-01,15.528,15.528,15.528,15.528,235.2,237.25
1979-02-02,15.528,15.528,15.528,15.528,242.5,235.85
1979-02-05,15.54,15.54,15.54,15.54,250.4,242.55
1979-02-06,15.54,15.54,15.54,15.54,247.0,251.3
1979-02-07,15.54,15.54,15.54,15.54,257.0,247.7
1979-02-08,15.54,15.54,15.54,15.54,247.0,257.55
1979-02-09,15.54,15.54,15.54,15.54,247.3,247.25
1979-02-13,15.516,15.516,15.516,15.516,241.9,249.45
1979-02-14,15.516,15.516,15.516,15.516,249.0,242.15
1979-02-15,15.516,15.516,15.516,15.516,248.0,249.25
1979-02-16,15.504,15.504,15.504,15.504,250.6,248.6
1979-02-20,15.504,15.504,15.504,15.504,252.7,251.0
1979-02-21,15.504,15.504,15.504,15.504,252.6,252.95
1979-02-22,15.504,15.504,15.504,15.504,253.8,252.65
1979-02-23,15.504,15.504,15.504,15.504,255.7,254.45
1979-02-26,15.504,15.504,15.504,15.504,247.7,255.85
1979-02-27,15.504,15.504,15.504,15.504,251.2,247.8
1979-02-28,15.504,15.504,15.504,15.504,252.9,251.75
1979-03-01,15.504,15.504,15.504,15.504,252.0,253.8
1979-03-02,15.504,15.504,15.504,15.504,243.2,252.45
1979-03-05,15.504,15.504,15.504,15.504,236.7,243.65
1979-03-06,15.504,15.504,15.504,15.504,239.7,237.65
1979-03-07,15.504,15.504,15.504,15.504,242.5,240.35
1979-03-08,15.504,15.504,15.504,15.504,244.3,242.85
1979-03-09,15.504,15.504,15.504,15.504,245.9,245.15
1979-03-12,15.385,15.385,15.385,15.385,244.3,246.8
1979-03-13,15.385,15.385,15.385,15.385,244.4,245.15
1979-03-14,15.385,15.385,15.385,15.385,244.4,244.95
1979-03-15,15.385,15.385,15.385,15.385,248.3,245.4
1979-03-16,15.504,15.504,15.504,15.504,248.0,249.0
1979-03-19,15.504,15.504,15.504,15.504,248.4,248.1
1979-03-20,15.504,15.504,15.504,15.504,243.7,248.65
1979-03-21,15.504,15.504,15.504,15.504,247.4,244.25
1979-03-22,15.504,15.504,15.504,15.504,246.6,247.5
1979-03-23,15.504,15.504,15.504,15.504,246.4,247.25
1979-03-26,15.504,15.504,15.504,15.504,251.0,247.3
1979-03-27,15.504,15.504,15.504,15.504,247.6,251.3
1979-03-28,15.504,15.504,15.504,15.504,246.9,248.2
1979-03-29,15.504,15.504,15.504,15.504,243.9,247.05
1979-03-30,15.492,15.492,15.492,15.492,243.8,244.35
1979-04-02,15.492,15.492,15.492,15.492,243.8,244.0
1979-04-03,15.492,15.492,15.492,15.492,242.8,244.7
1979-04-04,15.492,15.492,15.492,15.492,245.3,243.25
1979-04-05,15.492,15.492,15.492,15.492,243.5,245.8
1979-04-06,15.492,15.492,15.492,15.492,244.3,243.55
1979-04-09,15.492,15.492,15.492,15.492,243.2,245.25
1979-04-10,15.492,15.492,15.492,15.492,242.4,244.15
1979-04-11,15.492,15.492,15.492,15.492,235.3,242.85
1979-04-12,15.492,15.492,15.492,15.492,235.6,236.0
1979-04-16,15.492,15.492,15.492,15.492,233.1,236.15
1979-04-17,15.492,15.492,15.492,15.492,235.6,233.55
1979-04-18,15.492,15.492,15.492,15.492,242.5,236.45
1979-04-19,15.492,15.492,15.492,15.492,240.5,242.65
1979-04-20,15.552,15.552,15.552,15.552,239.0,241.35
1979-04-23,15.552,15.552,15.552,15.552,243.8,239.65
1979-04-24,15.552,15.552,15.552,15.552,244.2,244.65
1979-04-25,15.552,15.552,15.552,15.552,245.4,244.6
1979-04-26,15.552,15.552,15.552,15.552,245.1,245.65
1979-04-27,15.564,15.564,15.564,15.564,248.5,245.35
1979-04-30,15.564,15.564,15.564,15.564,249.2,248.55
1979-05-01,15.564,15.564,15.564,15.564,247.8,249.75
1979-05-02,15.564,15.564,15.564,15.564,248.5,248.45
1979-05-03,15.564,15.564,15.564,15.564,249.5,249.35
1979-05-04,15.564,15.564,15.564,15.564,250.3,250.4
1979-05-07,15.564,15.564,15.564,15.564,251.7,250.65
1979-05-08,15.564,15.564,15.564,15.564,247.7,252.3
1979-05-09,15.564,15.564,15.564,15.564,252.3,248.65
1979-05-10,15.564,15.564,15.564,15.564,252.6,252.85
1979-05-11,15.564,15.564,15.564,15.564,249.8,252.75
1979-05-14,15.564,15.564,15.564,15.564,254.2,250.1
1979-05-15,15.564,15.564,15.564,15.564,255.8,254.7
1979-05-16,15.564,15.564,15.564,15.564,258.7,256.75
1979-05-17,15.564,15.564,15.564,15.564,259.7,259.2
1979-05-18,15.564,15.564,15.564,15.564,274.4,260.2
1979-05-21,15.564,15.564,15.564,15.564,272.4,275.4
1979-05-22,15.564,15.564,15.564,15.564,270.6,272.65
1979-05-23,15.564,15.564,15.564,15.564,279.1,270.7
1979-05-24,15.564,15.564,15.564,15.564,280.0,279.6
1979-05-25,15.625,15.625,15.625,15.625,275.3,280.85
1979-05-29,15.564,15.564,15.564,15.564,274.4,275.85
1979-05-31,15.564,15.564,15.564,15.564,281.1,277.1
1979-06-01,15.564,15.564,15.564,15.564,276.9,281.35
1979-06-04,15.564,15.564,15.564,15.564,279.9,277.8
1979-06-05,15.564,15.564,15.564,15.564,283.9,280.3
1979-06-06,15.564,15.564,15.564,15.564,293.9,284.55
1979-06-07,15.564,15.564,15.564,15.564,281.6,294.75
1979-06-08,15.625,15.625,15.625,15.625,284.6,282.1
1979-06-11,15.625,15.625,15.625,15.625,284.6,285.25
1979-06-12,15.625,15.625,15.625,15.625,279.4,285.35
1979-06-13,15.625,15.625,15.625,15.625,283.0,279.6
1979-06-14,15.625,15.625,15.625,15.625,281.1,283.05
1979-06-15,15.625,15.625,15.625,15.625,283.1,281.9
1979-06-18,15.625,15.625,15.625,15.625,281.2,283.9
1979-06-19,15.625,15.625,15.625,15.625,285.0,281.35
1979-06-20,15.625,15.625,15.625,15.625,282.6,285.7
1979-06-21,15.625,15.625,15.625,15.625,284.5,282.75
1979-06-22,15.625,15.625,15.625,15.625,284.6,284.7
1979-06-25,15.625,15.625,15.625,15.625,286.5,285.35
1979-06-26,15.625,15.625,15.625,15.625,281.9,286.75
1979-06-27,15.625,15.625,15.625,15.625,280.0,282.75
1979-06-28,15.625,15.625,15.625,15.625,280.3,280.5
1979-06-29,15.625,15.625,15.625,15.625,283.8,281.1
1979-07-02,15.625,15.625,15.625,15.625,284.0,284.55
1979-07-03,15.625,15.625,15.625,15.625,296.1,284.0
1979-07-05,15.625,15.625,15.625,15.625,292.8,296.35
1979-07-06,15.601,15.601,15.601,15.601,301.4,292.9
1979-07-09,15.601,15.601,15.601,15.601,303.6,301.55
1979-07-10,15.601,15.601,15.601,15.601,302.9,304.15
1979-07-11,15.601,15.601,15.601,15.601,303.9,303.55
1979-07-12,15.601,15.601,15.601,15.601,302.0,304.3
1979-07-13,15.601,15.601,15.601,15.601,301.4,302.35
1979-07-16,15.601,15.601,15.601,15.601,308.2,302.35
1979-07-17,15.601,15.601,15.601,15.601,310.1,308.55
1979-07-18,15.601,15.601,15.601,15.601,312.6,310.7
1979-07-19,15.601,15.601,15.601,15.601,312.2,312.7
1979-07-20,15.601,15.601,15.601,15.601,313.7,312.6
1979-07-23,15.601,15.601,15.601,15.601,317.5,314.05
1979-07-24,15.601,15.601,15.601,15.601,318.7,317.9
1979-07-25,15.601,15.601,15.601,15.601,316.4,319.25
1979-07-26,15.601,15.601,15.601,15.601,317.2,316.8
1979-07-27,16.129,16.129,16.129,16.129,317.3,317.6
1979-07-30,16.129,16.129,16.129,16.129,307.3,317.5
1979-07-31,16.129,16.129,16.129,16.129,297.3,307.3
1979-08-01,16.129,16.129,16.129,16.129,300.9,297.9
1979-08-02,16.129,16.129,16.129,16.129,295.5,301.0
1979-08-03,15.625,15.625,15.625,15.625,295.8,295.75
1979-08-06,15.625,15.625,15.625,15.625,290.4,296.4
1979-08-07,15.625,15.625,15.625,15.625,294.2,290.45
1979-08-08,15.625,15.625,15.625,15.625,303.0,294.7
1979-08-09,15.625,15.625,15.625,15.625,309.1,303.9
1979-08-10,15.625,15.625,15.625,15.625,312.7,309.35
1979-08-13,15.625,15.625,15.625,15.625,305.8,313.2
1979-08-14,15.625,15.625,15.625,15.625,308.8,306.1
1979-08-15,15.625,15.625,15.625,15.625,309.6,309.75
1979-08-16,15.625,15.625,15.625,15.625,310.2,310.5
1979-08-17,15.432,15.432,15.432,15.432,307.3,310.6
1979-08-20,15.432,15.432,15.432,15.432,307.0,307.95
1979-08-21,15.432,15.432,15.432,15.432,316.2,307.8
1979-08-22,15.432,15.432,15.432,15.432,320.4,316.55
1979-08-23,15.432,15.432,15.432,15.432,324.7,321.05
1979-08-24,15.432,15.432,15.432,15.432,320.7,325.65
1979-08-27,15.432,15.432,15.432,15.432,323.9,320.95
1979-08-28,15.432,15.432,15.432,15.432,326.8,324.25
1979-08-29,15.432,15.432,15.432,15.432,326.0,326.95
1979-08-30,15.432,15.432,15.432,15.432,329.2,326.6
1979-08-31,15.625,15.625,15.625,15.625,326.7,329.3
1979-09-04,15.432,15.432,15.432,15.432,330.6,327.05
1979-09-05,15.432,15.432,15.432,15.432,340.6,330.75
1979-09-06,15.432,15.432,15.432,15.432,339.0,341.0
1979-09-07,15.625,15.625,15.625,15.625,346.3,339.6
1979-09-10,15.625,15.625,15.625,15.625,348.9,347.05
1979-09-11,15.625,15.625,15.625,15.625,346.0,349.05
1979-09-12,15.625,15.625,15.625,15.625,343.3,346.5
1979-09-13,15.625,15.625,15.625,15.625,352.9,344.15
1979-09-14,15.625,15.625,15.625,15.625,354.4,353.0
1979-09-17,15.625,15.625,15.625,15.625,364.4,355.3
1979-09-18,15.625,15.625,15.625,15.625,374.4,365.1
1979-09-19,15.625,15.625,15.625,15.625,384.8,374.45
1979-09-20,15.625,15.625,15.625,15.625,381.5,385.6
1979-09-21,15.625,15.625,15.625,15.625,384.2,381.55
1979-09-24,15.625,15.625,15.625,15.625,383.2,384.3
1979-09-25,15.625,15.625,15.625,15.625,381.0,383.45
1979-09-26,15.625,15.625,15.625,15.625,389.0,381.8
1979-09-27,15.625,15.625,15.625,15.625,408.0,389.25
1979-09-28,15.625,15.625,15.625,15.625,404.5,408.35
1979-10-01,15.625,15.625,15.625,15.625,424.5,405.15
1979-10-02,15.625,15.625,15.625,15.625,421.0,424.9
1979-10-03,15.625,15.625,15.625,15.625,402.5,421.65
1979-10-04,15.625,15.625,15.625,15.625,382.5,402.6
1979-10-05,15.625,15.625,15.625,15.625,393.0,383.35
1979-10-09,15.625,15.625,15.625,15.625,399.5,375.25
1979-10-10,15.625,15.625,15.625,15.625,424.5,400.3
1979-10-11,15.625,15.625,15.625,15.625,396.0,424.5
1979-10-12,15.625,15.625,15.625,15.625,404.0,396.65
1979-10-15,15.625,15.625,15.625,15.625,407.0,404.15
1979-10-16,15.625,15.625,15.625,15.625,396.0,407.4
1979-10-17,15.625,15.625,15.625,15.625,393.0,396.4
1979-10-18,15.625,15.625,15.625,15.625,393.5,393.25
1979-10-19,15.625,15.625,15.625,15.625,400.0,394.45
1979-10-22,15.625,15.625,15.625,15.625,396.8,400.6
1979-10-23,15.625,15.625,15.625,15.625,392.5,397.15
1979-10-24,15.625,15.625,15.625,15.625,402.5,393.5
1979-10-25,15.625,15.625,15.625,15.625,394.7,403.3
1979-10-26,15.625,15.625,15.625,15.625,377.7,395.15
1979-10-29,15.625,15.625,15.625,15.625,379.5,377.85
1979-10-30,15.625,15.625,15.625,15.625,383.5,380.3
1979-10-31,15.625,15.625,15.625,15.625,385.7,384.1
1979-11-01,15.625,15.625,15.625,15.625,372.0,386.2
1979-11-02,15.625,15.625,15.625,15.625,378.5,372.5
1979-11-05,15.625,15.625,15.625,15.625,383.3,379.5
1979-11-07,15.625,15.625,15.625,15.625,396.0,398.1
1979-11-08,15.625,15.625,15.625,15.625,394.0,396.95
1979-11-09,15.65,15.65,15.65,15.65,391.2,394.5
1979-11-13,15.65,15.65,15.65,15.65,387.0,397.6
1979-11-14,15.65,15.65,15.65,15.65,392.4,387.1
1979-11-15,15.65,15.65,15.65,15.65,388.3,393.1
1979-11-16,15.65,15.65,15.65,15.65,410.9,388.4
1979-11-19,15.65,15.65,15.65,15.65,408.6,411.1
1979-11-20,15.65,15.65,15.65,15.65,393.5,409.6
1979-11-21,15.65,15.65,15.65,15.65,394.2,394.4
1979-11-23,15.552,15.552,15.552,15.552,415.7,395.0
1979-11-26,15.552,15.552,15.552,15.552,401.0,416.3
1979-11-27,15.552,15.552,15.552,15.552,408.6,401.75
1979-11-28,15.552,15.552,15.552,15.552,422.5,409.45
1979-11-29,15.552,15.552,15.552,15.552,419.5,422.75
1979-11-30,15.552,15.552,15.552,15.552,430.5,420.05
1979-12-03,15.552,15.552,15.552,15.552,443.7,430.95
1979-12-04,15.552,15.552,15.552,15.552,438.5,443.7
1979-12-05,15.552,15.552,15.552,15.552,444.0,439.3
1979-12-06,15.552,15.552,15.552,15.552,436.7,444.85
1979-12-07,15.552,15.552,15.552,15.552,436.0,437.5
1979-12-10,15.552,15.552,15.552,15.552,446.0,436.4
1979-12-11,15.552,15.552,15.552,15.552,460.0,446.7
1979-12-12,15.552,15.552,15.552,15.552,459.3,460.05
1979-12-13,15.552,15.552,15.552,15.552,472.0,459.7
1979-12-14,15.552,15.552,15.552,15.552,474.5,472.95
1979-12-17,15.552,15.552,15.552,15.552,479.0,474.65
1979-12-18,15.552,15.552,15.552,15.552,492.0,479.95
1979-12-19,15.552,15.552,15.552,15.552,480.0,492.85
1979-12-20,15.552,15.552,15.552,15.552,481.0,480.8
1979-12-21,15.552,15.552,15.552,15.552,495.5,481.25
1979-12-26,15.552,15.552,15.552,15.552,514.3,495.9
1979-12-27,15.552,15.552,15.552,15.552,523.5,515.1
1979-12-28,15.552,15.552,15.552,15.552,525.0,524.05
1979-12-31,15.552,15.552,15.552,15.552,541.0,525.95
1980-01-02,15.552,15.552,15.552,15.552,582.8,541.0
1980-01-03,15.552,15.552,15.552,15.552,607.8,583.15
1980-01-04,15.552,15.552,15.552,15.552,611.0,608.15
1980-01-07,15.552,15.552,15.552,15.552,634.0,611.0
1980-01-08,15.552,15.552,15.552,15.552,609.0,634.6
1980-01-09,15.552,15.552,15.552,15.552,605.0,609.1
1980-01-10,15.552,15.552,15.552,15.552,603.0,605.3
1980-01-11,15.552,15.552,15.552,15.552,628.0,603.75
1980-01-14,15.552,15.552,15.552,15.552,722.4,628.35
1980-01-15,15.552,15.552,15.552,15.552,704.8,722.85
1980-01-16,15.552,15.552,15.552,15.552,754.8,705.65
1980-01-17,15.552,15.552,15.552,15.552,790.5,755.3
1980-01-18,15.54,15.54,15.54,15.54,845.0,790.7
1980-01-21,15.54,15.54,15.54,15.54,834.0,845.6
1980-01-22,15.54,15.54,15.54,15.54,909.9,834.75
1980-01-23,15.54,15.54,15.54,15.54,859.9,910.6
1980-01-24,15.54,15.54,15.54,15.54,809.9,860.1
1980-01-25,15.54,15.54,15.54,15.54,661.0,810.5
1980-01-28,15.54,15.54,15.54,15.54,659.2,661.9
1980-01-29,15.54,15.54,15.54,15.54,709.2,660.15
1980-01-30,15.54,15.54,15.54,15.54,681.0,709.3
1980-01-31,15.54,15.54,15.54,15.54,704.0,681.9
1980-02-01,15.54,15.54,15.54,15.54,704.0,704.65
1980-02-04,15.54,15.54,15.54,15.54,677.0,704.95
1980-02-05,15.54,15.54,15.54,15.54,702.0,677.0
1980-02-06,15.54,15.54,15.54,15.54,727.0,702.75
1980-02-07,15.54,15.54,15.54,15.54,710.0,727.55
1980-02-08,15.54,15.54,15.54,15.54,717.5,710.4
1980-02-11,15.54,15.54,15.54,15.54,726.0,718.35
1980-02-13,15.54,15.54,15.54,15.54,709.0,719.45
1980-02-14,15.54,15.54,15.54,15.54,690.5,709.85
1980-02-15,15.54,15.54,15.54,15.54,680.5,691.4
1980-02-19,15.54,15.54,15.54,15.54,655.5,681.4
1980-02-20,15.54,15.54,15.54,15.54,673.0,656.1
1980-02-21,15.54,15.54,15.54,15.54,666.5,673.35
1980-02-22,15.54,15.54,15.54,15.54,641.5,666.75
1980-02-25,15.54,15.54,15.54,15.54,659.0,641.6
1980-02-26,15.54,15.54,15.54,15.54,635.5,659.1
1980-02-27,15.54,15.54,15.54,15.54,639.0,636.3
1980-02-28,15.54,15.54,15.54,15.54,650.5,639.15
1980-02-29,15.54,15.54,15.54,15.54,640.0,650.8
1980-03-03,15.54,15.54,15.54,15.54,641.0,640.65
1980-03-04,15.54,15.54,15.54,15.54,651.5,641.8
1980-03-05,15.54,15.54,15.54,15.54,643.0,652.5
1980-03-06,15.54,15.54,15.54,15.54,618.0,643.25
1980-03-07,15.54,15.54,15.54,15.54,605.0,618.65
1980-03-10,15.54,15.54,15.54,15.54,567.5,605.7
1980-03-11,15.54,15.54,15.54,15.54,570.5,568.1
1980-03-12,15.54,15.54,15.54,15.54,581.5,570.8
1980-03-13,15.54,15.54,15.54,15.54,544.0,582.1
1980-03-14,15.54,15.54,15.54,15.54,530.0,544.35
1980-03-17,15.54,15.54,15.54,15.54,480.0,530.95
1980-03-18,15.54,15.54,15.54,15.54,488.5,480.75
1980-03-19,15.54,15.54,15.54,15.54,538.5,488.85
1980-03-20,15.54,15.54,15.54,15.54,538.5,538.55
1980-03-21,15.54,15.54,15.54,15.54,565.0,539.0
1980-03-24,15.54,15.54,15.54,15.54,549.0,565.8
1980-03-25,15.54,15.54,15.54,15.54,529.0,549.1
1980-03-26,15.54,15.54,15.54,15.54,521.0,529.3
1980-03-27,15.54,15.54,15.54,15.54,463.0,521.8
1980-03-28,16.207,16.207,16.207,16.207,525.0,463.4
1980-03-31,16.207,16.207,16.207,16.207,519.0,525.4
1980-04-01,16.207,16.207,16.207,16.207,515.0,519.75
1980-04-02,16.207,16.207,16.207,16.207,506.0,515.25
1980-04-03,16.287,16.287,16.287,16.287,501.5,506.4
1980-04-07,16.287,16.287,16.287,16.287,526.5,502.35
1980-04-08,16.287,16.287,16.287,16.287,551.5,526.6
1980-04-09,16.287,16.287,16.287,16.287,550.0,552.1
1980-04-10,16.287,16.287,16.287,16.287,544.5,550.75
1980-04-11,16.287,16.287,16.287,16.287,544.0,545.15
1980-04-14,16.287,16.287,16.287,16.287,519.5,544.3
1980-04-15,16.287,16.287,16.287,16.287,530.0,520.3
1980-04-16,16.287,16.287,16.287,16.287,516.0,530.15
1980-04-17,16.287,16.287,16.287,16.287,522.0,516.65
1980-04-18,16.287,16.287,16.287,16.287,520.0,522.6
1980-04-21,16.287,16.287,16.287,16.287,497.0,520.9
1980-04-22,16.287,16.287,16.287,16.287,510.0,497.5
1980-04-23,16.287,16.287,16.287,16.287,515.0,510.2
1980-04-24,16.287,16.287,16.287,16.287,538.0,515.45
1980-04-25,16.26,16.26,16.26,16.26,547.0,538.7
1980-04-28,16.155,16.155,16.155,16.155,522.0,547.8
1980-04-29,16.155,16.155,16.155,16.155,529.0,522.5
1980-04-30,16.155,16.155,16.155,16.155,507.0,530.0
1980-05-01,16.155,16.155,16.155,16.155,520.0,507.65
1980-05-02,16.155,16.155,16.155,16.155,516.0,520.8
1980-05-05,16.155,16.155,16.155,16.155,523.0,516.75
1980-05-06,16.155,16.155,16.155,16.155,510.0,523.2
1980-05-07,16.155,16.155,16.155,16.155,517.0,510.7
1980-05-08,16.155,16.155,16.155,16.155,512.5,517.55
1980-05-09,16.155,16.155,16.155,16.155,515.7,512.75
1980-05-12,16.155,16.155,16.155,16.155,510.0,516.05
1980-05-13,16.155,16.155,16.155,16.155,520.0,510.75
1980-05-14,16.155,16.155,16.155,16.155,524.5,520.7
1980-05-15,16.155,16.155,16.155,16.155,514.5,525.35
1980-05-16,16.155,16.155,16.155,16.155,514.8,515.15
1980-05-19,16.155,16.155,16.155,16.155,511.0,515.25
1980-05-20,16.155,16.155,16.155,16.155,512.0,511.15
1980-05-21,16.155,16.155,16.155,16.155,506.5,512.5
1980-05-22,16.155,16.155,16.155,16.155,515.0,507.5
1980-05-23,16.155,16.155,16.155,16.155,510.0,515.65
1980-05-27,16.155,16.155,16.155,16.155,524.0,510.8
1980-05-28,16.155,16.155,16.155,16.155,529.0,524.25
1980-05-29,16.155,16.155,16.155,16.155,537.5,529.75
1980-05-30,16.155,16.155,16.155,16.155,555.0,538.25
1980-06-02,16.155,16.155,16.155,16.155,576.5,555.2
1980-06-03,16.155,16.155,16.155,16.155,569.0,576.8
1980-06-04,16.155,16.155,16.155,16.155,592.5,569.05
1980-06-05,16.155,16.155,16.155,16.155,597.0,593.35
1980-06-06,16.155,16.155,16.155,16.155,616.0,597.85
1980-06-09,16.155,16.155,16.155,16.155,633.5,616.4
1980-06-10,16.155,16.155,16.155,16.155,608.5,634.15
1980-06-11,16.155,16.155,16.155,16.155,594.5,608.7
1980-06-12,16.155,16.155,16.155,16.155,609.5,595.4
1980-06-13,16.026,16.026,16.026,16.026,613.0,610.05
1980-06-16,16.026,16.026,16.026,16.026,598.0,613.75
1980-06-17,16.026,16.026,16.026,16.026,606.5,598.45
1980-06-18,16.026,16.026,16.026,16.026,603.0,606.9
1980-06-19,16.026,16.026,16.026,16.026,613.0,603.45
1980-06-20,16.026,16.026,16.026,16.026,609.5,613.85
1980-06-23,16.026,16.026,16.026,16.026,610.0,609.8
1980-06-24,16.026,16.026,16.026,16.026,624.0,610.35
1980-06-25,16.026,16.026,16.026,16.026,623.5,624.85
1980-06-26,16.026,16.026,16.026,16.026,633.0,624.0
1980-06-27,16.026,16.026,16.026,16.026,657.5,633.8
1980-06-30,16.026,16.026,16.026,16.026,654.0,658.35
1980-07-01,16.026,16.026,16.026,16.026,676.0,654.75
1980-07-02,16.026,16.026,16.026,16.026,667.5,676.35
1980-07-03,16.026,16.026,16.026,16.026,676.0,668.4
1980-07-07,16.026,16.026,16.026,16.026,684.0,676.25
1980-07-08,16.026,16.026,16.026,16.026,678.5,684.85
1980-07-09,16.026,16.026,16.026,16.026,666.5,679.4
1980-07-10,16.026,16.026,16.026,16.026,672.0,667.4
1980-07-11,16.026,16.026,16.026,16.026,670.5,672.45
1980-07-14,15.5,15.5,15.5,15.5,645.5,670.85
1980-07-15,15.5,15.5,15.5,15.5,620.5,646.25
1980-07-16,15.5,15.5,15.5,15.5,628.5,621.35
1980-07-17,15.5,15.5,15.5,15.5,620.2,628.8
1980-07-18,15.5,15.5,15.5,15.5,614.0,620.45
1980-07-21,15.5,15.5,15.5,15.5,635.1,614.5
1980-07-22,15.5,15.5,15.5,15.5,638.0,635.5
1980-07-23,15.5,15.5,15.5,15.5,631.5,638.3
1980-07-24,15.5,15.5,15.5,15.5,639.5,631.8
1980-07-25,16.0,16.0,16.0,16.0,678.0,639.65
1980-07-28,16.0,16.0,16.0,16.0,673.2,678.6
1980-07-29,16.0,16.0,16.0,16.0,661.0,673.6
1980-07-30,16.0,16.0,16.0,16.0,636.0,661.5
1980-07-31,16.0,16.0,16.0,16.0,642.0,636.2
1980-08-01,16.0,16.0,16.0,16.0,640.0,642.2
1980-08-04,16.0,16.0,16.0,16.0,650.0,640.65
1980-08-05,16.0,16.0,16.0,16.0,649.5,650.3
1980-08-06,16.0,16.0,16.0,16.0,654.0,649.95
1980-08-07,16.0,16.0,16.0,16.0,656.0,654.95
1980-08-08,16.0,16.0,16.0,16.0,647.0,656.9
1980-08-11,16.0,16.0,16.0,16.0,623.0,647.35
1980-08-12,16.0,16.0,16.0,16.0,633.0,623.7
1980-08-13,16.0,16.0,16.0,16.0,635.0,633.1
1980-08-14,16.0,16.0,16.0,16.0,647.4,636.0
1980-08-15,16.0,16.0,16.0,16.0,635.0,647.75
1980-08-18,16.0,16.0,16.0,16.0,640.5,635.9
1980-08-19,16.0,16.0,16.0,16.0,642.0,640.95
1980-08-20,16.0,16.0,16.0,16.0,667.0,642.75
1980-08-21,16.0,16.0,16.0,16.0,659.0,667.95
1980-08-22,16.0,16.0,16.0,16.0,658.0,659.2
1980-08-25,15.5,15.5,15.5,15.5,643.3,658.3
1980-08-26,15.5,15.5,15.5,15.5,651.0,644.0
1980-08-27,15.5,15.5,15.5,15.5,653.5,651.25
1980-08-28,15.5,15.5,15.5,15.5,654.0,653.85
1980-08-29,15.5,15.5,15.5,15.5,656.0,654.8
1980-09-02,15.5,15.5,15.5,15.5,660.0,656.35
1980-09-03,15.5,15.5,15.5,15.5,658.0,660.9
1980-09-04,15.5,15.5,15.5,15.5,673.0,658.9
1980-09-05,15.5,15.5,15.5,15.5,670.0,673.55
1980-09-08,15.5,15.5,15.5,15.5,695.0,670.15
1980-09-09,15.5,15.5,15.5,15.5,693.5,695.95
1980-09-10,15.5,15.5,15.5,15.5,703.5,693.55
1980-09-11,15.5,15.5,15.5,15.5,713.5,703.8
1980-09-12,16.03,16.03,16.03,16.03,704.0,714.05
1980-09-15,16.03,16.03,16.03,16.03,685.0,704.45
1980-09-16,16.03,16.03,16.03,16.03,700.0,685.8
1980-09-17,16.03,16.03,16.03,16.03,692.0,700.85
1980-09-18,16.03,16.03,16.03,16.03,693.0,692.25
1980-09-19,16.03,16.03,16.03,16.03,708.0,693.05
1980-09-22,16.03,16.03,16.03,16.03,733.0,708.7
1980-09-23,16.03,16.03,16.03,16.03,731.5,733.55
1980-09-24,16.03,16.03,16.03,16.03,729.5,731.9
1980-09-25,16.03,16.03,16.03,16.03,728.5,730.45
1980-09-26,16.03,16.03,16.03,16.03,703.5,729.25
1980-09-29,16.03,16.03,16.03,16.03,678.5,703.55
1980-09-30,16.03,16.03,16.03,16.03,688.5,679.05
1980-10-01,16.03,16.03,16.03,16.03,696.5,688.95
1980-10-02,16.03,16.03,16.03,16.03,685.0,697.4
1980-10-03,16.03,16.03,16.03,16.03,684.5,685.2
1980-10-06,16.03,16.03,16.03,16.03,693.5,685.15
1980-10-07,16.03,16.03,16.03,16.03,688.0,694.25
1980-10-08,16.03,16.03,16.03,16.03,690.0,688.55
1980-10-09,16.03,16.03,16.03,16.03,699.5,690.25
1980-10-10,17.1,17.1,17.1,17.1,700.0,700.35
1980-10-14,17.1,17.1,17.1,17.1,691.5,692.1
1980-10-15,17.1,17.1,17.1,17.1,686.0,691.85
1980-10-16,17.1,17.1,17.1,17.1,677.5,686.95
1980-10-17,17.0,17.0,17.0,17.0,665.0,678.3
1980-10-20,17.0,17.0,17.0,17.0,667.0,665.25
1980-10-21,17.0,17.0,17.0,17.0,668.0,667.35
1980-10-22,17.0,17.0,17.0,17.0,660.0,668.3
1980-10-23,17.0,17.0,17.0,17.0,635.0,660.65
1980-10-24,17.2,17.2,17.2,17.2,639.0,635.9
1980-10-27,17.2,17.2,17.2,17.2,640.5,639.55
1980-10-28,17.2,17.2,17.2,17.2,642.0,641.05
1980-10-29,17.2,17.2,17.2,17.2,645.0,642.85
1980-10-30,17.2,17.2,17.2,17.2,647.5,645.5
1980-10-31,17.2,17.2,17.2,17.2,642.0,648.25
1980-11-03,17.2,17.2,17.2,17.2,655.0,642.85
1980-11-05,17.2,17.2,17.2,17.2,643.0,655.15
1980-11-06,17.2,17.2,17.2,17.2,618.0,643.8
1980-11-07,17.2,17.2,17.2,17.2,607.0,618.7
1980-11-10,17.2,17.2,17.2,17.2,609.5,607.35
1980-11-12,17.2,17.2,17.2,17.2,618.5,617.65
1980-11-13,17.2,17.2,17.2,17.2,611.0,619.15
1980-11-14,17.2,17.2,17.2,17.2,621.0,611.95
1980-11-17,17.2,17.2,17.2,17.2,617.0,621.75
1980-11-18,17.2,17.2,17.2,17.2,621.5,617.35
1980-11-19,17.2,17.2,17.2,17.2,634.0,622.3
1980-11-20,17.2,17.2,17.2,17.2,645.0,634.9
1980-11-21,17.2,17.2,17.2,17.2,638.5,645.35
1980-11-24,17.2,17.2,17.2,17.2,637.5,638.95
1980-11-25,17.2,17.2,17.2,17.2,647.8,637.5
1980-11-26,17.2,17.2,17.2,17.2,642.5,648.15
1980-11-28,17.2,17.2,17.2,17.2,644.5,643.35
1980-12-01,17.2,17.2,17.2,17.2,647.0,645.05
1980-12-02,17.2,17.2,17.2,17.2,641.5,647.45
1980-12-03,17.2,17.2,17.2,17.2,647.3,641.75
1980-12-04,17.2,17.2,17.2,17.2,639.5,647.45
1980-12-05,17.2,17.2,17.2,17.2,638.0,640.4
1980-12-08,17.2,17.2,17.2,17.2,630.4,638.05
1980-12-09,17.2,17.2,17.2,17.2,608.0,631.0
1980-12-10,17.2,17.2,17.2,17.2,583.0,608.95
1980-12-11,17.2,17.2,17.2,17.2,558.0,583.3
1980-12-12,17.73,17.73,17.73,17.73,587.0,558.25
1980-12-15,17.73,17.73,17.73,17.73,587.5,587.05
1980-12-16,17.73,17.73,17.73,17.73,580.0,587.7
1980-12-17,17.73,17.73,17.73,17.73,588.0,580.2
1980-12-18,17.73,17.73,17.73,17.73,583.0,588.25
1980-12-19,17.53,17.53,17.53,17.53,607.5,583.1
1980-12-22,17.53,17.53,17.53,17.53,604.0,608.35
1980-12-23,17.53,17.53,17.53,17.53,616.0,604.85
1980-12-24,17.53,17.53,17.53,17.53,617.0,616.8
1980-12-29,17.73,17.73,17.73,17.73,595.0,617.85
1980-12-30,17.73,17.73,17.73,17.73,595.0,595.9
1980-12-31,16.75,16.75,16.75,16.75,599.5,595.2
1981-01-02,16.75,16.75,16.75,16.75,594.5,599.85
1981-01-05,16.75,16.75,16.75,16.75,601.5,594.9
1981-01-06,16.75,16.75,16.75,16.75,605.0,602.45
1981-01-07,16.75,16.75,16.75,16.75,580.0,605.35
1981-01-08,16.75,16.75,16.75,16.75,577.5,580.5
1981-01-09,16.75,16.75,16.75,16.75,581.0,577.7
1981-01-12,16.75,16.75,16.75,16.75,566.5,581.6
1981-01-13,16.75,16.75,16.75,16.75,565.5,566.9
1981-01-14,16.75,16.75,16.75,16.75,573.5,565.7
1981-01-15,16.75,16.75,16.75,16.75,562.0,573.75
1981-01-16,16.75,16.75,16.75,16.75,567.5,562.85
1981-01-19,16.75,16.75,16.75,16.75,565.5,568.2
1981-01-20,16.75,16.75,16.75,16.75,571.0,566.3
1981-01-21,16.75,16.75,16.75,16.75,568.0,571.1
1981-01-22,16.75,16.75,16.75,16.75,557.0,568.35
1981-01-23,16.75,16.75,16.75,16.75,552.5,557.0
1981-01-26,16.75,16.75,16.75,16.75,527.5,552.75
1981-01-27,16.75,16.75,16.75,16.75,520.5,528.25
1981-01-28,16.75,16.75,16.75,16.75,521.4,520.9
1981-01-29,16.75,16.75,16.75,16.75,529.0,522.4
1981-01-30,17.86,17.86,17.86,17.86,512.5,529.75
1981-02-02,17.86,17.86,17.86,17.86,492.5,513.2
1981-02-03,17.86,17.86,17.86,17.86,505.0,493.3
1981-02-04,17.86,17.86,17.86,17.86,500.0,505.55
1981-02-05,17.86,17.86,17.86,17.86,510.0,500.3
1981-02-06,17.86,17.86,17.86,17.86,514.0,510.8
1981-02-09,17.86,17.86,17.86,17.86,527.5,514.4
1981-02-10,17.86,17.86,17.86,17.86,517.5,527.85
1981-02-11,17.86,17.86,17.86,17.86,507.0,518.0
1981-02-13,17.86,17.86,17.86,17.86,501.0,504.1
1981-02-17,17.86,17.86,17.86,17.86,507.0,501.6
1981-02-18,17.86,17.86,17.86,17.86,500.5,507.5
1981-02-19,17.86,17.86,17.86,17.86,515.5,500.55
1981-02-20,17.86,17.86,17.86,17.86,514.5,516.3
1981-02-23,17.86,17.86,17.86,17.86,505.0,514.75
1981-02-24,17.86,17.86,17.86,17.86,511.0,505.55
1981-02-25,17.86,17.86,17.86,17.86,504.0,511.65
1981-02-26,17.86,17.86,17.86,17.86,499.0,504.5
1981-02-27,17.95,17.95,17.95,17.95,486.5,499.1
1981-03-02,17.95,17.95,17.95,17.95,465.0,487.45
1981-03-03,17.95,17.95,17.95,17.95,476.0,465.85
1981-03-04,17.86,17.86,17.86,17.86,461.0,476.4
1981-03-05,17.86,17.86,17.86,17.86,466.5,461.65
1981-03-06,17.86,17.86,17.86,17.86,467.0,467.35
1981-03-09,17.86,17.86,17.86,17.86,475.0,467.7
1981-03-10,17.86,17.86,17.86,17.86,485.5,475.8
1981-03-11,17.86,17.86,17.86,17.86,478.0,485.85
1981-03-12,17.86,17.86,17.86,17.86,485.0,478.75
1981-03-13,18.1,18.1,18.1,18.1,488.5,485.5
1981-03-16,18.1,18.1,18.1,18.1,495.5,489.5
1981-03-17,18.1,18.1,18.1,18.1,509.0,495.75
1981-03-18,18.1,18.1,18.1,18.1,508.5,510.0
1981-03-19,18.1,18.1,18.1,18.1,512.0,509.15
1981-03-20,18.1,18.1,18.1,18.1,537.0,512.3
1981-03-23,18.1,18.1,18.1,18.1,527.0,537.8
1981-03-24,18.1,18.1,18.1,18.1,536.5,527.15
1981-03-25,18.1,18.1,18.1,18.1,544.0,536.55
1981-03-26,18.1,18.1,18.1,18.1,558.4,544.8
1981-03-27,18.1,18.1,18.1,18.1,542.5,558.55
1981-03-30,18.1,18.1,18.1,18.1,524.5,543.45
1981-03-31,18.1,18.1,18.1,18.1,525.5,524.95
1981-04-01,18.1,18.1,18.1,18.1,528.0,525.6
1981-04-02,18.1,18.1,18.1,18.1,528.5,528.5
1981-04-03,18.02,18.02,18.02,18.02,532.5,528.85
1981-04-06,18.02,18.02,18.02,18.02,538.0,532.65
1981-04-07,18.02,18.02,18.02,18.02,522.5,538.25
1981-04-08,18.02,18.02,18.02,18.02,524.5,522.9
1981-04-09,18.02,18.02,18.02,18.02,501.5,525.5
1981-04-10,18.8,18.8,18.8,18.8,496.0,502.35
1981-04-13,18.8,18.8,18.8,18.8,487.0,496.25
1981-04-14,18.8,18.8,18.8,18.8,492.0,487.4
1981-04-15,18.8,18.8,18.8,18.8,482.3,492.8
1981-04-16,18.8,18.8,18.8,18.8,495.5,483.05
1981-04-20,18.8,18.8,18.8,18.8,495.7,495.5
1981-04-21,18.8,18.8,18.8,18.8,497.5,496.2
1981-04-22,18.8,18.8,18.8,18.8,496.0,498.25
1981-04-23,18.8,18.8,18.8,18.8,498.0,496.7
1981-04-24,18.37,18.37,18.37,18.37,491.3,498.95
1981-04-27,18.37,18.37,18.37,18.37,491.0,492.15
1981-04-28,18.37,18.37,18.37,18.37,489.8,491.75
1981-04-29,18.37,18.37,18.37,18.37,484.5,490.3
1981-04-30,18.37,18.37,18.37,18.37,489.0,485.35
1981-05-01,18.37,18.37,18.37,18.37,496.0,489.15
1981-05-04,18.37,18.37,18.37,18.37,486.5,496.45
1981-05-05,18.37,18.37,18.37,18.37,486.5,487.35
1981-05-06,18.37,18.37,18.37,18.37,484.5,487.2
1981-05-07,18.37,18.37,18.37,18.37,487.0,485.05
1981-05-08,18.37,18.37,18.37,18.37,496.5,487.15
1981-05-11,18.37,18.37,18.37,18.37,488.0,496.95
1981-05-12,18.37,18.37,18.37,18.37,491.5,488.05
1981-05-13,18.37,18.37,18.37,18.37,482.0,491.95
1981-05-14,18.37,18.37,18.37,18.37,486.5,482.25
1981-05-15,18.37,18.37,18.37,18.37,479.5,487.3
1981-05-18,18.37,18.37,18.37,18.37,485.0,479.75
1981-05-19,18.37,18.37,18.37,18.37,478.5,485.1
1981-05-20,18.37,18.37,18.37,18.37,482.5,478.75
1981-05-21,18.37,18.37,18.37,18.37,468.0,482.85
1981-05-22,18.37,18.37,18.37,18.37,471.0,468.9
1981-05-26,18.37,18.37,18.37,18.37,465.5,471.6
1981-05-27,18.37,18.37,18.37,18.37,483.5,466.15
1981-05-28,18.37,18.37,18.37,18.37,494.5,483.7
1981-05-29,18.37,18.37,18.37,18.37,492.5,495.2
1981-06-01,18.47,18.47,18.47,18.47,487.5,492.9
1981-06-02,18.47,18.47,18.47,18.47,487.0,487.8
1981-06-03,18.47,18.47,18.47,18.47,481.5,487.6
1981-06-04,18.47,18.47,18.47,18.47,476.0,481.6
1981-06-05,18.47,18.47,18.47,18.47,462.5,476.5
1981-06-08,18.47,18.47,18.47,18.47,473.0,463.15
1981-06-09,18.47,18.47,18.47,18.47,469.0,473.2
1981-06-10,18.47,18.47,18.47,18.47,477.0,469.6
1981-06-11,18.47,18.47,18.47,18.47,476.0,477.95
1981-06-12,18.57,18.57,18.57,18.57,476.0,476.45
1981-06-15,18.57,18.57,18.57,18.57,472.0,476.8
1981-06-16,18.57,18.57,18.57,18.57,472.5,472.55
1981-06-17,18.57,18.57,18.57,18.57,469.0,473.4
1981-06-18,18.57,18.57,18.57,18.57,467.0,469.5
1981-06-19,18.57,18.57,18.57,18.57,467.5,467.7
1981-06-22,18.57,18.57,18.57,18.57,472.3,467.8
1981-06-23,18.57,18.57,18.57,18.57,471.2,473.1
1981-06-24,18.57,18.57,18.57,18.57,460.5,471.95
1981-06-25,18.57,18.57,18.57,18.57,451.0,461.15
1981-06-26,18.57,18.57,18.57,18.57,447.0,451.6
1981-06-29,18.57,18.57,18.57,18.57,432.0,447.7
1981-06-30,18.57,18.57,18.57,18.57,428.5,432.4
1981-07-01,18.57,18.57,18.57,18.57,419.0,429.0
1981-07-02,18.57,18.57,18.57,18.57,416.5,419.45
1981-07-06,18.671,18.671,18.671,18.671,404.0,416.5
1981-07-07,18.671,18.671,18.671,18.671,409.5,404.85
1981-07-08,18.671,18.671,18.671,18.671,407.0,409.95
1981-07-09,18.671,18.671,18.671,18.671,415.5,407.0
1981-07-10,18.91,18.91,18.91,18.91,422.0,416.15
1981-07-13,18.91,18.91,18.91,18.91,409.0,422.6
1981-07-14,18.691,18.691,18.691,18.691,414.5,409.7
1981-07-15,18.691,18.691,18.691,18.691,414.0,414.85
1981-07-16,18.691,18.691,18.691,18.691,417.5,414.05
1981-07-17,18.691,18.691,18.691,18.691,420.0,417.9
1981-07-20,18.691,18.691,18.691,18.691,411.0,420.3
1981-07-21,18.691,18.691,18.691,18.691,411.5,411.1
1981-07-22,18.691,18.691,18.691,18.691,408.0,412.2
1981-07-23,18.691,18.691,18.691,18.691,408.7,408.55
1981-07-24,18.691,18.691,18.691,18.691,408.2,409.2
1981-07-27,18.691,18.691,18.691,18.691,402.0,408.2
1981-07-28,18.691,18.691,18.691,18.691,406.5,402.55
1981-07-29,18.691,18.691,18.691,18.691,403.5,406.9
1981-07-30,18.691,18.691,18.691,18.691,424.4,403.9
1981-07-31,18.691,18.691,18.691,18.691,423.2,424.8
1981-08-03,18.691,18.691,18.691,18.691,406.5,423.3
1981-08-04,18.691,18.691,18.691,18.691,408.5,407.05
1981-08-05,18.691,18.691,18.691,18.691,409.3,408.6
1981-08-06,18.691,18.691,18.691,18.691,418.2,409.4
1981-08-07,18.691,18.691,18.691,18.691,414.8,418.6
1981-08-10,19.358,19.358,19.358,19.358,415.5,415.0
1981-08-11,19.358,19.358,19.358,19.358,429.0,415.9
1981-08-12,19.358,19.358,19.358,19.358,423.0,429.05
1981-08-13,19.459,19.459,19.459,19.459,429.0,423.1
1981-08-14,19.459,19.459,19.459,19.459,430.5,429.0
1981-08-17,19.459,19.459,19.459,19.459,433.0,431.5
1981-08-18,19.459,19.459,19.459,19.459,455.5,433.05
1981-08-19,19.459,19.459,19.459,19.459,456.0,455.7
1981-08-20,19.459,19.459,19.459,19.459,448.0,456.0
1981-08-21,19.459,19.459,19.459,19.459,452.5,448.55
1981-08-24,19.459,19.459,19.459,19.459,433.0,453.35
1981-08-25,19.459,19.459,19.459,19.459,427.5,433.9
1981-08-26,19.459,19.459,19.459,19.459,430.5,428.35
1981-08-27,19.459,19.459,19.459,19.459,436.0,430.6
1981-08-28,19.459,19.459,19.459,19.459,445.0,436.1
1981-08-31,19.459,19.459,19.459,19.459,443.5,445.95
1981-09-01,19.459,19.459,19.459,19.459,444.7,444.1
1981-09-02,19.459,19.459,19.459,19.459,452.5,445.4
1981-09-03,19.459,19.459,19.459,19.459,462.5,453.3
1981-09-04,19.459,19.459,19.459,19.459,455.5,462.8
1981-09-08,19.459,19.459,19.459,19.459,448.5,456.05
1981-09-09,19.459,19.459,19.459,19.459,463.5,448.95
1981-09-10,19.459,19.459,19.459,19.459,464.5,463.9
1981-09-11,19.935,19.935,19.935,19.935,470.0,464.7
1981-09-14,19.935,19.935,19.935,19.935,476.4,470.45
1981-09-15,19.935,19.935,19.935,19.935,469.0,476.75
1981-09-16,19.935,19.935,19.935,19.935,466.0,469.9
1981-09-17,19.935,19.935,19.935,19.935,456.5,466.6
1981-09-18,20.37,20.37,20.37,20.37,465.0,457.15
1981-09-21,20.37,20.37,20.37,20.37,482.0,465.9
1981-09-22,20.37,20.37,20.37,20.37,475.0,482.3
1981-09-23,20.37,20.37,20.37,20.37,469.5,475.3
1981-09-24,20.37,20.37,20.37,20.37,459.5,469.75
1981-09-25,20.495,20.495,20.495,20.495,441.5,460.1
1981-09-28,20.495,20.495,20.495,20.495,441.8,441.6
1981-09-29,20.495,20.495,20.495,20.495,441.5,441.95
1981-09-30,20.495,20.495,20.495,20.495,443.0,442.35
1981-10-01,20.495,20.495,20.495,20.495,440.0,444.0
1981-10-02,20.495,20.495,20.495,20.495,447.5,440.45
1981-10-05,20.495,20.495,20.495,20.495,445.5,448.4
1981-10-06,20.495,20.495,20.495,20.495,461.5,446.25
1981-10-07,20.495,20.495,20.495,20.495,453.5,461.75
1981-10-08,20.495,20.495,20.495,20.495,457.5,454.1
1981-10-09,20.745,20.745,20.745,20.745,457.0,457.55
1981-10-13,20.745,20.745,20.745,20.745,456.0,452.85
1981-10-14,20.745,20.745,20.745,20.745,452.0,456.25
1981-10-15,20.745,20.745,20.745,20.745,450.2,452.05
1981-10-16,20.745,20.745,20.745,20.745,447.5,450.95
1981-10-19,20.745,20.745,20.745,20.745,442.7,447.9
1981-10-20,20.745,20.745,20.745,20.745,437.5,443.3
1981-10-21,20.745,20.745,20.745,20.745,438.0,438.05
1981-10-22,20.745,20.745,20.745,20.745,439.2,439.0
1981-10-23,20.745,20.745,20.745,20.745,436.0,440.0
1981-10-26,20.745,20.745,20.745,20.745,429.8,436.25
1981-10-27,20.745,20.745,20.745,20.745,435.3,429.95
1981-10-28,20.745,20.745,20.745,20.745,428.0,436.15
1981-10-29,20.745,20.745,20.745,20.745,433.3,428.4
1981-10-30,20.745,20.745,20.745,20.745,431.2,434.0
1981-11-02,20.745,20.745,20.745,20.745,432.5,431.5
1981-11-04,20.745,20.745,20.745,20.745,433.3,434.3
1981-11-05,20.745,20.745,20.745,20.745,431.2,434.0
1981-11-06,20.955,20.955,20.955,20.955,430.9,431.9
1981-11-09,20.955,20.955,20.955,20.955,423.5,430.95
1981-11-10,20.955,20.955,20.955,20.955,414.5,423.95
1981-11-12,20.955,20.955,20.955,20.955,414.0,412.1
1981-11-13,20.955,20.955,20.955,20.955,415.2,414.4
1981-11-16,20.955,20.955,20.955,20.955,401.4,415.4
1981-11-17,20.955,20.955,20.955,20.955,405.0,402.35
1981-11-18,20.955,20.955,20.955,20.955,398.0,405.5
1981-11-19,20.955,20.955,20.955,20.955,400.5,398.45
1981-11-20,20.705,20.705,20.705,20.705,398.0,401.15
1981-11-23,20.705,20.705,20.705,20.705,394.0,398.5
1981-11-24,20.705,20.705,20.705,20.705,401.8,394.05
1981-11-25,20.705,20.705,20.705,20.705,419.0,402.2
1981-11-27,20.605,20.605,20.605,20.605,419.8,419.1
1981-11-30,20.605,20.605,20.605,20.605,413.3,420.45
1981-12-01,20.605,20.605,20.605,20.605,412.0,413.6
1981-12-02,20.605,20.605,20.605,20.605,429.0,412.1
1981-12-03,20.605,20.605,20.605,20.605,428.0,429.2
1981-12-04,20.205,20.205,20.205,20.205,429.0,428.5
1981-12-07,20.205,20.205,20.205,20.205,424.0,429.4
1981-12-08,20.205,20.205,20.205,20.205,415.8,424.85
1981-12-09,20.205,20.205,20.205,20.205,416.8,415.95
1981-12-10,20.205,20.205,20.205,20.205,413.5,417.4
1981-12-11,20.205,20.205,20.205,20.205,412.5,413.75
1981-12-14,20.205,20.205,20.205,20.205,419.5,413.15
1981-12-15,20.205,20.205,20.205,20.205,423.0,419.55
1981-12-16,20.205,20.205,20.205,20.205,428.3,423.4
1981-12-17,20.205,20.205,20.205,20.205,422.3,428.7
1981-12-18,20.205,20.205,20.205,20.205,418.2,422.85
1981-12-21,20.205,20.205,20.205,20.205,405.8,419.0
1981-12-22,20.205,20.205,20.205,20.205,408.4,405.9
1981-12-23,20.205,20.205,20.205,20.205,408.0,408.7
1981-12-24,20.205,20.205,20.205,20.205,406.3,408.4
1981-12-28,20.205,20.205,20.205,20.205,397.2,407.25
1981-12-29,20.205,20.205,20.205,20.205,399.0,397.4
1981-12-30,20.205,20.205,20.205,20.205,403.0,399.6
1981-12-31,20.205,20.205,20.205,20.205,402.8,403.45
1982-01-04,20.205,20.205,20.205,20.205,407.3,403.2
1982-01-05,20.205,20.205,20.205,20.205,405.6,407.5
1982-01-06,20.205,20.205,20.205,20.205,403.0,406.4
1982-01-07,20.205,20.205,20.205,20.205,402.0,403.1
1982-01-08,20.205,20.205,20.205,20.205,397.5,402.1
1982-01-11,20.205,20.205,20.205,20.205,388.0,397.55
1982-01-12,20.205,20.205,20.205,20.205,390.0,388.85
1982-01-13,20.205,20.205,20.205,20.205,379.6,390.55
1982-01-14,20.205,20.205,20.205,20.205,378.6,380.35
1982-01-15,20.205,20.205,20.205,20.205,372.0,379.1
1982-01-18,20.205,20.205,20.205,20.205,377.0,372.95
1982-01-19,20.205,20.205,20.205,20.205,371.2,377.5
1982-01-20,20.205,20.205,20.205,20.205,374.5,372.0
1982-01-21,20.205,20.205,20.205,20.205,376.5,374.6
1982-01-22,20.28,20.28,20.28,20.28,378.5,376.8
1982-01-25,20.28,20.28,20.28,20.28,375.6,378.7
1982-01-26,20.28,20.28,20.28,20.28,376.4,376.05
1982-01-27,20.28,20.28,20.28,20.28,391.6,377.2
1982-01-28,20.28,20.28,20.28,20.28,392.4,392.15
1982-01-29,20.3,20.3,20.3,20.3,391.8,393.3
1982-02-01,20.3,20.3,20.3,20.3,389.2,392.45
1982-02-02,20.3,20.3,20.3,20.3,384.7,389.7
1982-02-03,20.3,20.3,20.3,20.3,386.8,385.1
1982-02-04,20.3,20.3,20.3,20.3,393.8,387.0
1982-02-05,20.7,20.7,20.7,20.7,392.0,394.1
1982-02-08,20.7,20.7,20.7,20.7,386.8,392.7
1982-02-09,20.7,20.7,20.7,20.7,387.6,386.9
1982-02-10,20.7,20.7,20.7,20.7,391.3,387.85
1982-02-11,20.7,20.7,20.7,20.7,384.0,392.25
1982-02-16,20.7,20.7,20.7,20.7,381.8,385.3
1982-02-17,20.7,20.7,20.7,20.7,381.1,381.95
1982-02-18,20.7,20.7,20.7,20.7,374.1,382.0
1982-02-19,20.7,20.7,20.7,20.7,369.3,374.6
1982-02-22,20.7,20.7,20.7,20.7,368.8,369.4
1982-02-23,20.7,20.7,20.7,20.7,367.7,369.6
1982-02-24,20.7,20.7,20.7,20.7,372.4,368.15
1982-02-25,20.7,20.7,20.7,20.7,369.8,372.9
1982-02-26,20.7,20.7,20.7,20.7,364.5,370.45
1982-03-01,20.7,20.7,20.7,20.7,365.8,365.2
1982-03-02,20.7,20.7,20.7,20.7,361.6,366.5
1982-03-03,20.7,20.7,20.7,20.7,354.2,362.05
1982-03-04,20.7,20.7,20.7,20.7,346.8,355.2
1982-03-05,20.7,20.7,20.7,20.7,336.3,347.35
1982-03-08,20.7,20.7,20.7,20.7,331.0,336.75
1982-03-09,20.7,20.7,20.7,20.7,336.0,331.5
1982-03-10,20.7,20.7,20.7,20.7,338.8,336.85
1982-03-11,20.7,20.7,20.7,20.7,330.0,339.15
1982-03-12,20.7,20.7,20.7,20.7,319.6,330.35
1982-03-15,20.7,20.7,20.7,20.7,326.2,320.0
1982-03-16,20.7,20.7,20.7,20.7,314.5,326.9
1982-03-17,20.7,20.7,20.7,20.7,319.3,315.3
1982-03-18,20.7,20.7,20.7,20.7,325.2,319.75
1982-03-19,20.7,20.7,20.7,20.7,317.7,325.65
1982-03-22,20.7,20.7,20.7,20.7,324.6,318.4
1982-03-23,20.7,20.7,20.7,20.7,327.0,324.75
1982-03-24,20.7,20.7,20.7,20.7,334.2,327.8
1982-03-25,20.7,20.7,20.7,20.7,333.6,335.15
1982-03-26,20.7,20.7,20.7,20.7,329.2,333.9
1982-03-29,20.7,20.7,20.7,20.7,330.5,330.05
1982-03-30,20.7,20.7,20.7,20.7,326.5,331.45
1982-03-31,20.7,20.7,20.7,20.7,334.2,327.3
1982-04-01,20.7,20.7,20.7,20.7,332.8,334.4
1982-04-02,20.7,20.7,20.7,20.7,336.8,333.25
1982-04-05,20.7,20.7,20.7,20.7,353.3,337.75
1982-04-06,20.7,20.7,20.7,20.7,367.0,353.35
1982-04-07,20.7,20.7,20.7,20.7,357.0,367.65
1982-04-08,20.7,20.7,20.7,20.7,366.0,357.95
1982-04-12,20.55,20.55,20.55,20.55,357.5,366.85
1982-04-13,20.55,20.55,20.55,20.55,362.7,357.6
1982-04-14,20.55,20.55,20.55,20.55,376.0,362.95
1982-04-15,20.55,20.55,20.55,20.55,371.8,376.6
1982-04-16,20.45,20.45,20.45,20.45,366.0,372.6
1982-04-19,20.45,20.45,20.45,20.45,346.5,366.5
1982-04-20,20.45,20.45,20.45,20.45,350.5,346.7
1982-04-21,20.45,20.45,20.45,20.45,349.1,350.55
1982-04-22,20.45,20.45,20.45,20.45,349.6,349.55
1982-04-23,20.55,20.55,20.55,20.55,356.7,349.95
1982-04-26,20.55,20.55,20.55,20.55,356.5,357.0
1982-04-27,20.55,20.55,20.55,20.55,360.0,356.6
1982-04-28,20.55,20.55,20.55,20.55,359.1,360.1
1982-04-29,20.55,20.55,20.55,20.55,360.5,359.8
1982-04-30,20.7,20.7,20.7,20.7,346.5,361.25
1982-05-03,20.7,20.7,20.7,20.7,349.0,346.6
1982-05-04,20.7,20.7,20.7,20.7,346.5,349.7
1982-05-05,20.7,20.7,20.7,20.7,339.8,346.8
1982-05-06,20.7,20.7,20.7,20.7,335.0,340.35
1982-05-07,20.45,20.45,20.45,20.45,336.5,335.45
1982-05-10,20.45,20.45,20.45,20.45,331.5,337.05
1982-05-11,20.45,20.45,20.45,20.45,335.8,331.55
1982-05-12,20.45,20.45,20.45,20.45,335.0,336.2
1982-05-13,20.45,20.45,20.45,20.45,333.5,335.6
1982-05-14,20.15,20.15,20.15,20.15,340.0,333.9
1982-05-17,20.15,20.15,20.15,20.15,336.2,340.2
1982-05-18,20.15,20.15,20.15,20.15,342.1,336.8
1982-05-19,20.15,20.15,20.15,20.15,342.5,342.9
1982-05-20,20.15,20.15,20.15,20.15,344.0,342.55
1982-05-21,20.15,20.15,20.15,20.15,337.2,344.75
1982-05-24,20.15,20.15,20.15,20.15,328.8,337.55
1982-05-25,20.15,20.15,20.15,20.15,329.5,329.55
1982-05-26,20.15,20.15,20.15,20.15,331.7,330.1
1982-05-27,20.15,20.15,20.15,20.15,333.3,332.25
1982-05-28,20.75,20.75,20.75,20.75,329.0,333.65
1982-06-01,20.75,20.75,20.75,20.75,323.8,329.3
1982-06-02,20.75,20.75,20.75,20.75,326.4,324.1
1982-06-03,20.75,20.75,20.75,20.75,323.5,326.65
1982-06-04,20.75,20.75,20.75,20.75,325.3,324.3
1982-06-07,20.75,20.75,20.75,20.75,342.5,325.45
1982-06-08,20.75,20.75,20.75,20.75,337.3,343.2
1982-06-09,20.75,20.75,20.75,20.75,333.2,337.7
1982-06-10,20.75,20.75,20.75,20.75,332.6,333.65
1982-06-11,20.75,20.75,20.75,20.75,333.2,332.9
1982-06-14,20.75,20.75,20.75,20.75,322.5,333.95
1982-06-15,20.75,20.75,20.75,20.75,321.0,323.25
1982-06-16,20.75,20.75,20.75,20.75,321.4,321.45
1982-06-17,20.75,20.75,20.75,20.75,312.2,322.1
1982-06-18,20.75,20.75,20.75,20.75,308.5,312.2
1982-06-21,20.75,20.75,20.75,20.75,305.0,309.35
1982-06-22,20.75,20.75,20.75,20.75,301.5,305.15
1982-06-23,20.75,20.75,20.75,20.75,311.0,302.15
1982-06-24,20.75,20.75,20.75,20.75,307.5,311.4
1982-06-25,20.75,20.75,20.75,20.75,310.2,308.2
1982-06-28,20.75,20.75,20.75,20.75,313.7,310.65
1982-06-29,20.75,20.75,20.75,20.75,318.0,313.95
1982-06-30,20.75,20.75,20.75,20.75,317.8,318.65
1982-07-01,20.75,20.75,20.75,20.75,316.5,318.2
1982-07-02,20.9,20.9,20.9,20.9,315.0,317.45
1982-07-06,20.9,20.9,20.9,20.9,311.5,315.15
1982-07-07,20.9,20.9,20.9,20.9,313.5,311.95
1982-07-08,20.9,20.9,20.9,20.9,324.7,314.15
1982-07-09,20.9,20.9,20.9,20.9,348.0,324.75
1982-07-12,20.9,20.9,20.9,20.9,343.5,348.15
1982-07-13,20.9,20.9,20.9,20.9,359.5,343.8
1982-07-14,20.9,20.9,20.9,20.9,349.2,360.2
1982-07-15,20.9,20.9,20.9,20.9,345.7,349.3
1982-07-16,20.9,20.9,20.9,20.9,351.5,346.65
1982-07-19,20.9,20.9,20.9,20.9,346.5,352.0
1982-07-20,20.9,20.9,20.9,20.9,360.3,346.9
1982-07-21,20.9,20.9,20.9,20.9,356.2,361.0
1982-07-22,20.9,20.9,20.9,20.9,359.5,356.65
1982-07-23,20.9,20.9,20.9,20.9,361.2,359.85
1982-07-26,20.9,20.9,20.9,20.9,355.5,362.15
1982-07-27,20.9,20.9,20.9,20.9,352.2,355.6
1982-07-28,20.9,20.9,20.9,20.9,339.5,353.0
1982-07-29,20.9,20.9,20.9,20.9,338.6,339.8
1982-07-30,20.95,20.95,20.95,20.95,355.5,339.25
1982-08-02,20.95,20.95,20.95,20.95,366.1,356.05
1982-08-03,20.95,20.95,20.95,20.95,358.0,366.85
1982-08-04,20.95,20.95,20.95,20.95,363.1,358.75
1982-08-05,20.95,20.95,20.95,20.95,356.8,363.95
1982-08-06,20.91,20.91,20.91,20.91,355.5,356.85
1982-08-09,20.91,20.91,20.91,20.91,346.5,356.35
1982-08-10,20.91,20.91,20.91,20.91,343.3,346.8
1982-08-11,20.91,20.91,20.91,20.91,344.5,343.6
1982-08-12,20.91,20.91,20.91,20.91,348.5,344.6
1982-08-13,20.89,20.89,20.89,20.89,344.9,349.25
1982-08-16,20.89,20.89,20.89,20.89,348.4,345.7
1982-08-17,20.89,20.89,20.89,20.89,354.5,348.65
1982-08-18,20.89,20.89,20.89,20.89,368.9,355.2
1982-08-19,20.89,20.89,20.89,20.89,384.5,369.45
1982-08-20,20.84,20.84,20.84,20.84,396.0,385.15
1982-08-23,20.84,20.84,20.84,20.84,408.7,397.0
1982-08-24,20.84,20.84,20.84,20.84,413.2,409.1
1982-08-25,20.84,20.84,20.84,20.84,417.0,414.1
1982-08-26,20.84,20.84,20.84,20.84,437.5,417.7
1982-08-27,20.9,20.9,20.9,20.9,413.0,438.35
1982-08-30,20.9,20.9,20.9,20.9,419.5,413.65
1982-08-31,20.9,20.9,20.9,20.9,418.5,420.3
1982-09-01,20.9,20.9,20.9,20.9,415.5,419.05
1982-09-02,20.9,20.9,20.9,20.9,440.5,416.4
1982-09-03,20.92,20.92,20.92,20.92,465.5,440.9
1982-09-07,20.92,20.92,20.92,20.92,481.0,466.35
1982-09-08,20.92,20.92,20.92,20.92,497.0,481.45
1982-09-09,20.92,20.92,20.92,20.92,472.0,497.4
1982-09-10,20.92,20.92,20.92,20.92,452.0,472.75
1982-09-13,20.92,20.92,20.92,20.92,457.0,452.75
1982-09-14,20.92,20.92,20.92,20.92,447.0,457.8
1982-09-15,20.92,20.92,20.92,20.92,454.5,447.65
1982-09-16,20.92,20.92,20.92,20.92,454.0,455.45
1982-09-17,20.92,20.92,20.92,20.92,443.0,454.9
1982-09-20,20.92,20.92,20.92,20.92,436.0,443.05
1982-09-21,20.92,20.92,20.92,20.92,447.0,436.35
1982-09-22,20.92,20.92,20.92,20.92,445.5,447.9
1982-09-23,20.92,20.92,20.92,20.92,447.3,445.9
1982-09-24,20.92,20.92,20.92,20.92,424.3,447.3
1982-09-27,20.92,20.92,20.92,20.92,412.0,424.95
1982-09-28,20.92,20.92,20.92,20.92,420.5,412.9
1982-09-29,20.92,20.92,20.92,20.92,400.0,420.9
1982-09-30,20.92,20.92,20.92,20.92,404.8,400.75
1982-10-01,20.96,20.96,20.96,20.96,413.0,404.85
1982-10-04,20.96,20.96,20.96,20.96,392.5,413.45
1982-10-05,20.96,20.96,20.96,20.96,398.4,392.55
1982-10-06,20.96,20.96,20.96,20.96,403.8,399.05
1982-10-07,20.96,20.96,20.96,20.96,428.8,403.8
1982-10-08,20.9,20.9,20.9,20.9,424.5,429.6
1982-10-12,20.9,20.9,20.9,20.9,443.5,450.45
1982-10-13,20.9,20.9,20.9,20.9,460.0,443.85
1982-10-14,20.9,20.9,20.9,20.9,445.5,460.85
1982-10-15,20.87,20.87,20.87,20.87,433.0,445.7
1982-10-18,20.87,20.87,20.87,20.87,439.5,433.25
1982-10-19,20.87,20.87,20.87,20.87,427.0,439.7
1982-10-20,20.87,20.87,20.87,20.87,437.0,427.45
1982-10-21,20.87,20.87,20.87,20.87,427.5,437.05
1982-10-22,20.86,20.86,20.86,20.86,435.5,427.6
1982-10-25,20.86,20.86,20.86,20.86,420.5,435.65
1982-10-26,20.86,20.86,20.86,20.86,426.7,421.05
1982-10-27,20.86,20.86,20.86,20.86,425.0,426.95
1982-10-28,20.86,20.86,20.86,20.86,422.7,425.1
1982-10-29,20.91,20.91,20.91,20.91,423.0,423.3
1982-11-01,20.91,20.91,20.91,20.91,432.5,423.7
1982-11-03,20.91,20.91,20.91,20.91,426.0,432.7
1982-11-04,20.91,20.91,20.91,20.91,429.3,426.1
1982-11-05,20.95,20.95,20.95,20.95,419.0,429.45
1982-11-08,20.95,20.95,20.95,20.95,407.5,419.85
1982-11-09,20.95,20.95,20.95,20.95,414.0,408.35
1982-11-10,20.95,20.95,20.95,20.95,405.0,414.75
1982-11-12,21.03,21.03,21.03,21.03,410.5,406.4
1982-11-15,21.03,21.03,21.03,21.03,406.5,411.45
1982-11-16,21.03,21.03,21.03,21.03,411.5,407.4
1982-11-17,21.03,21.03,21.03,21.03,408.5,411.65
1982-11-18,21.03,21.03,21.03,21.03,413.2,409.2
1982-11-19,21.03,21.03,21.03,21.03,414.8,413.95
1982-11-22,21.03,21.03,21.03,21.03,406.0,415.0
1982-11-23,21.03,21.03,21.03,21.03,405.3,406.3
1982-11-24,21.1,21.1,21.1,21.1,411.5,405.4
1982-11-26,21.1,21.1,21.1,21.1,433.9,411.6
1982-11-29,21.1,21.1,21.1,21.1,440.6,434.85
1982-11-30,21.1,21.1,21.1,21.1,449.0,441.35
1982-12-01,21.1,21.1,21.1,21.1,441.7,449.85
1982-12-02,21.1,21.1,21.1,21.1,449.5,442.3
1982-12-03,21.16,21.16,21.16,21.16,447.8,449.65
1982-12-06,21.16,21.16,21.16,21.16,452.0,448.35
1982-12-07,21.16,21.16,21.16,21.16,458.5,452.2
1982-12-08,21.16,21.16,21.16,21.16,444.5,458.8
1982-12-09,21.16,21.16,21.16,21.16,449.2,444.7
1982-12-10,21.16,21.16,21.16,21.16,441.5,449.75
1982-12-13,21.16,21.16,21.16,21.16,449.5,442.25
1982-12-14,21.16,21.16,21.16,21.16,436.8,450.2
1982-12-15,21.16,21.16,21.16,21.16,443.7,437.75
1982-12-16,21.16,21.16,21.16,21.16,446.0,444.05
1982-12-17,21.16,21.16,21.16,21.16,444.2,446.75
1982-12-20,21.11,21.11,21.11,21.11,446.9,444.55
1982-12-21,21.16,21.16,21.16,21.16,455.5,446.95
1982-12-22,21.16,21.16,21.16,21.16,448.0,456.4
1982-12-23,21.16,21.16,21.16,21.16,450.8,448.35
1982-12-27,21.16,21.16,21.16,21.16,462.2,451.05
1982-12-28,21.16,21.16,21.16,21.16,460.0,463.1
1982-12-29,21.26,21.26,21.26,21.26,465.5,460.45
1982-12-30,21.26,21.26,21.26,21.26,453.0,465.85
1983-01-03,21.16,21.16,21.16,21.16,453.4,453.5
1983-01-04,21.16,21.16,21.16,21.16,456.7,454.05
1983-01-05,21.26,21.26,21.26,21.26,461.0,456.85
1983-01-06,21.26,21.26,21.26,21.26,456.5,461.8
1983-01-07,21.41,21.41,21.41,21.41,469.5,457.0
1983-01-10,21.41,21.41,21.41,21.41,483.2,469.85
1983-01-11,21.41,21.41,21.41,21.41,482.4,483.9
1983-01-12,21.41,21.41,21.41,21.41,492.6,482.95
1983-01-13,21.41,21.41,21.41,21.41,490.0,493.3
1983-01-14,21.42,21.42,21.42,21.42,490.0,490.95
1983-01-17,21.42,21.42,21.42,21.42,492.5,490.75
1983-01-18,21.42,21.42,21.42,21.42,503.8,492.85
1983-01-19,21.42,21.42,21.42,21.42,489.6,504.75
1983-01-20,21.42,21.42,21.42,21.42,492.5,490.6
1983-01-21,21.42,21.42,21.42,21.42,485.0,493.45
1983-01-24,21.42,21.42,21.42,21.42,482.5,485.65
1983-01-25,21.42,21.42,21.42,21.42,490.0,482.55
1983-01-26,21.42,21.42,21.42,21.42,499.1,490.8
1983-01-27,21.42,21.42,21.42,21.42,504.1,499.55
1983-01-28,21.42,21.42,21.42,21.42,502.8,504.4
1983-01-31,21.42,21.42,21.42,21.42,518.2,503.1
1983-02-01,21.42,21.42,21.42,21.42,511.5,519.05
1983-02-02,21.42,21.42,21.42,21.42,515.0,512.25
1983-02-03,21.42,21.42,21.42,21.42,504.0,515.95
1983-02-04,21.47,21.47,21.47,21.47,501.0,504.95
1983-02-07,21.47,21.47,21.47,21.47,501.0,501.4
1983-02-08,21.47,21.47,21.47,21.47,499.2,501.2
1983-02-09,21.47,21.47,21.47,21.47,498.3,500.0
1983-02-10,21.47,21.47,21.47,21.47,509.5,498.4
1983-02-11,23.06,23.06,23.06,23.06,510.0,510.0
1983-02-14,23.06,23.06,23.06,23.06,514.2,510.2
1983-02-15,23.06,23.06,23.06,23.06,511.5,515.15
1983-02-16,23.06,23.06,23.06,23.06,511.0,512.45
1983-02-17,23.06,23.06,23.06,23.06,508.0,511.9
1983-02-18,23.06,23.06,23.06,23.06,510.5,508.75
1983-02-22,22.955,22.955,22.955,22.955,485.5,510.55
1983-02-23,22.955,22.955,22.955,22.955,471.5,485.6
1983-02-24,22.955,22.955,22.955,22.955,473.7,471.6
1983-02-25,22.96,22.96,22.96,22.96,448.7,474.2
1983-02-28,22.96,22.96,22.96,22.96,423.7,449.25
1983-03-01,22.96,22.96,22.96,22.96,415.0,424.7
1983-03-02,22.96,22.96,22.96,22.96,436.0,415.15
1983-03-03,22.96,22.96,22.96,22.96,433.0,436.0
1983-03-04,23.0,23.0,23.0,23.0,420.0,433.75
1983-03-07,23.0,23.0,23.0,23.0,429.5,420.4
1983-03-08,23.0,23.0,23.0,23.0,424.5,430.25
1983-03-09,23.0,23.0,23.0,23.0,426.3,424.65
1983-03-10,23.0,23.0,23.0,23.0,433.0,426.6
1983-03-11,22.99,22.99,22.99,22.99,429.3,433.9
1983-03-14,22.99,22.99,22.99,22.99,438.5,429.45
1983-03-15,22.99,22.99,22.99,22.99,427.8,438.75
1983-03-16,22.99,22.99,22.99,22.99,419.5,428.55
1983-03-17,22.99,22.99,22.99,22.99,420.8,419.7
1983-03-18,22.98,22.98,22.98,22.98,416.5,421.1
1983-03-21,22.98,22.98,22.98,22.98,421.0,416.6
1983-03-22,22.98,22.98,22.98,22.98,419.5,421.95
1983-03-23,22.98,22.98,22.98,22.98,418.5,419.7
1983-03-24,22.98,22.98,22.98,22.98,410.5,418.6
1983-03-25,22.97,22.97,22.97,22.97,414.5,410.7
1983-03-28,22.97,22.97,22.97,22.97,412.3,415.15
1983-03-29,22.97,22.97,22.97,22.97,422.2,412.3
1983-03-30,22.97,22.97,22.97,22.97,419.5,423.1
1983-03-31,22.97,22.97,22.97,22.97,422.0,420.3
1983-04-04,22.96,22.96,22.96,22.96,433.5,422.15
1983-04-05,22.96,22.96,22.96,22.96,434.8,433.8
1983-04-06,22.96,22.96,22.96,22.96,435.5,435.35
1983-04-07,22.96,22.96,22.96,22.96,431.0,436.25
1983-04-08,22.97,22.97,22.97,22.97,427.2,431.75
1983-04-11,23.0,23.0,23.0,23.0,436.8,427.9
1983-04-12,23.0,23.0,23.0,23.0,437.0,437.05
1983-04-13,23.0,23.0,23.0,23.0,437.4,437.35
1983-04-14,23.0,23.0,23.0,23.0,443.0,437.55
1983-04-15,22.96,22.96,22.96,22.96,442.2,443.05
1983-04-18,22.96,22.96,22.96,22.96,449.8,442.75
1983-04-19,22.96,22.96,22.96,22.96,437.5,449.8
1983-04-20,22.96,22.96,22.96,22.96,443.0,437.9
1983-04-21,22.96,22.96,22.96,22.96,439.7,443.65
1983-04-22,22.97,22.97,22.97,22.97,443.3,440.45
1983-04-25,22.97,22.97,22.97,22.97,440.8,443.75
1983-04-26,22.97,22.97,22.97,22.97,442.3,441.6
1983-04-27,22.97,22.97,22.97,22.97,435.0,443.1
1983-04-28,22.97,22.97,22.97,22.97,434.2,435.9
1983-04-29,22.97,22.97,22.97,22.97,433.5,435.2
1983-05-02,22.97,22.97,22.97,22.97,432.3,433.75
1983-05-03,22.97,22.97,22.97,22.97,436.4,433.05
1983-05-04,22.97,22.97,22.97,22.97,437.7,437.35
1983-05-05,22.97,22.97,22.97,22.97,434.8,438.5
1983-05-06,22.96,22.96,22.96,22.96,439.5,435.0
1983-05-09,22.96,22.96,22.96,22.96,443.8,440.3
1983-05-10,22.96,22.96,22.96,22.96,445.3,444.15
1983-05-11,22.94,22.94,22.94,22.94,445.7,446.05
1983-05-12,22.96,22.96,22.96,22.96,440.4,446.1
1983-05-13,22.97,22.97,22.97,22.97,442.8,441.05
1983-05-16,22.97,22.97,22.97,22.97,440.2,443.2
1983-05-17,22.97,22.97,22.97,22.97,444.3,440.85
1983-05-18,22.97,22.97,22.97,22.97,441.2,444.6
1983-05-19,22.97,22.97,22.97,22.97,439.3,441.45
1983-05-20,22.98,22.98,22.98,22.98,438.0,440.05
1983-05-23,22.98,22.98,22.98,22.98,439.0,438.9
1983-05-24,22.98,22.98,22.98,22.98,437.5,439.8
1983-05-25,22.98,22.98,22.98,22.98,440.1,438.3
1983-05-26,22.98,22.98,22.98,22.98,444.4,440.6
1983-05-27,22.98,22.98,22.98,22.98,442.8,444.45
1983-05-31,22.98,22.98,22.98,22.98,418.5,443.05
1983-06-01,22.98,22.98,22.98,22.98,411.5,418.8
1983-06-02,22.98,22.98,22.98,22.98,417.8,412.5
1983-06-03,23.05,23.05,23.05,23.05,418.0,417.9
1983-06-06,23.05,23.05,23.05,23.05,407.5,418.0
1983-06-07,23.05,23.05,23.05,23.05,409.9,408.45
1983-06-08,23.05,23.05,23.05,23.05,408.0,410.4
1983-06-09,23.05,23.05,23.05,23.05,418.0,408.2
1983-06-10,23.06,23.06,23.06,23.06,412.4,418.95
1983-06-13,23.06,23.06,23.06,23.06,418.5,413.35
1983-06-14,23.06,23.06,23.06,23.06,416.2,419.2
1983-06-15,23.06,23.06,23.06,23.06,413.9,417.05
1983-06-16,23.06,23.06,23.06,23.06,419.7,414.5
1983-06-17,23.06,23.06,23.06,23.06,417.8,420.05
1983-06-20,23.06,23.06,23.06,23.06,420.3,418.55
1983-06-21,23.06,23.06,23.06,23.06,422.8,421.2
1983-06-22,23.06,23.06,23.06,23.06,424.2,423.5
1983-06-23,23.06,23.06,23.06,23.06,425.3,425.05
1983-06-24,23.06,23.06,23.06,23.06,426.8,426.2
1983-06-27,23.06,23.06,23.06,23.06,419.0,427.2
1983-06-28,23.06,23.06,23.06,23.06,417.5,419.35
1983-06-29,23.06,23.06,23.06,23.06,419.3,417.95
1983-06-30,23.06,23.06,23.06,23.06,418.5,420.2
1983-07-01,23.04,23.04,23.04,23.04,421.2,419.45
1983-07-05,23.04,23.04,23.04,23.04,416.0,422.05
1983-07-06,24.208,24.208,24.208,24.208,415.5,416.0
1983-07-07,24.208,24.208,24.208,24.208,432.8,415.9
1983-07-08,24.208,24.208,24.208,24.208,430.3,433.1
1983-07-11,24.208,24.208,24.208,24.208,432.7,430.85
1983-07-12,24.208,24.208,24.208,24.208,430.0,432.9
1983-07-13,24.208,24.208,24.208,24.208,426.5,430.9
1983-07-14,24.208,24.208,24.208,24.208,422.3,426.75
1983-07-15,24.208,24.208,24.208,24.208,421.7,422.6
1983-07-18,24.208,24.208,24.208,24.208,426.3,422.65
1983-07-19,24.208,24.208,24.208,24.208,424.8,426.75
1983-07-20,24.208,24.208,24.208,24.208,430.2,424.8
1983-07-21,24.208,24.208,24.208,24.208,423.8,430.85
1983-07-22,24.18,24.18,24.18,24.18,425.7,424.35
1983-07-25,24.18,24.18,24.18,24.18,428.3,425.75
1983-07-26,24.18,24.18,24.18,24.18,426.7,429.0
1983-07-27,24.18,24.18,24.18,24.18,425.0,426.75
1983-07-28,24.18,24.18,24.18,24.18,440.2,425.8
1983-07-29,24.18,24.18,24.18,24.18,427.4,440.8
1983-08-01,24.18,24.18,24.18,24.18,426.5,428.1
1983-08-02,24.18,24.18,24.18,24.18,428.0,427.4
1983-08-03,24.18,24.18,24.18,24.18,429.2,428.95
1983-08-04,24.18,24.18,24.18,24.18,424.4,430.15
1983-08-05,24.22,24.22,24.22,24.22,426.8,424.45
1983-08-08,24.22,24.22,24.22,24.22,425.3,427.4
1983-08-09,24.22,24.22,24.22,24.22,423.0,426.25
1983-08-10,24.22,24.22,24.22,24.22,424.9,423.2
1983-08-11,24.22,24.22,24.22,24.22,423.6,425.2
1983-08-12,24.26,24.26,24.26,24.26,426.2,423.95
1983-08-15,24.26,24.26,24.26,24.26,432.8,426.45
1983-08-16,24.26,24.26,24.26,24.26,432.2,433.1
1983-08-17,24.26,24.26,24.26,24.26,434.0,432.7
1983-08-18,24.26,24.26,24.26,24.26,432.7,434.6
1983-08-19,24.27,24.27,24.27,24.27,430.3,433.65
1983-08-22,24.27,24.27,24.27,24.27,437.6,431.3
1983-08-23,24.27,24.27,24.27,24.27,436.8,438.1
1983-08-24,24.27,24.27,24.27,24.27,433.4,437.25
1983-08-25,24.27,24.27,24.27,24.27,428.7,433.45
1983-08-26,24.36,24.36,24.36,24.36,430.8,429.6
1983-08-29,24.36,24.36,24.36,24.36,428.5,431.65
1983-08-30,24.36,24.36,24.36,24.36,428.5,429.25
1983-08-31,24.36,24.36,24.36,24.36,424.8,429.45
1983-09-01,24.36,24.36,24.36,24.36,425.8,425.2
1983-09-02,24.37,24.37,24.37,24.37,427.0,426.15
1983-09-06,24.37,24.37,24.37,24.37,422.3,427.1
1983-09-07,24.37,24.37,24.37,24.37,423.9,422.85
1983-09-08,24.37,24.37,24.37,24.37,424.3,424.85
1983-09-09,24.37,24.37,24.37,24.37,422.9,425.05
1983-09-12,24.37,24.37,24.37,24.37,414.0,423.2
1983-09-13,24.37,24.37,24.37,24.37,415.7,414.85
1983-09-14,24.37,24.37,24.37,24.37,416.5,416.4
1983-09-15,24.37,24.37,24.37,24.37,413.2,416.75
1983-09-16,24.42,24.42,24.42,24.42,418.7,413.25
1983-09-19,24.42,24.42,24.42,24.42,421.5,419.0
1983-09-20,24.42,24.42,24.42,24.42,419.2,421.85
1983-09-21,24.42,24.42,24.42,24.42,419.1,420.1
1983-09-22,24.42,24.42,24.42,24.42,419.5,419.15
1983-09-23,24.43,24.43,24.43,24.43,423.6,419.95
1983-09-26,24.43,24.43,24.43,24.43,421.9,424.0
1983-09-27,24.43,24.43,24.43,24.43,420.2,422.45
1983-09-28,24.43,24.43,24.43,24.43,417.6,420.95
1983-09-29,24.43,24.43,24.43,24.43,411.5,417.75
1983-09-30,24.4,24.4,24.4,24.4,407.8,412.35
1983-10-03,24.4,24.4,24.4,24.4,396.4,408.45
1983-10-04,24.4,24.4,24.4,24.4,398.8,397.25
1983-10-05,24.4,24.4,24.4,24.4,402.3,399.4
1983-10-06,24.4,24.4,24.4,24.4,400.5,402.55
1983-10-07,24.39,24.39,24.39,24.39,405.3,401.25
1983-10-11,24.39,24.39,24.39,24.39,403.0,408.8
1983-10-12,24.39,24.39,24.39,24.39,401.8,403.15
1983-10-13,24.39,24.39,24.39,24.39,403.7,402.75
1983-10-14,24.405,24.405,24.405,24.405,403.7,403.8
1983-10-17,24.405,24.405,24.405,24.405,401.6,403.9
1983-10-18,24.405,24.405,24.405,24.405,400.3,402.3
1983-10-19,24.405,24.405,24.405,24.405,394.8,401.25
1983-10-20,24.405,24.405,24.405,24.405,397.5,395.65
1983-10-21,24.413,24.413,24.413,24.413,396.8,397.95
1983-10-24,24.413,24.413,24.413,24.413,401.8,397.0
1983-10-25,24.413,24.413,24.413,24.413,400.8,402.7
1983-10-26,24.413,24.413,24.413,24.413,389.3,401.15
1983-10-27,24.413,24.413,24.413,24.413,389.0,389.7
1983-10-28,24.48,24.48,24.48,24.48,389.8,389.5
1983-10-31,24.48,24.48,24.48,24.48,378.8,390.65
1983-11-01,24.48,24.48,24.48,24.48,380.8,379.2
1983-11-02,24.48,24.48,24.48,24.48,385.5,381.7
1983-11-03,24.48,24.48,24.48,24.48,385.0,386.2
1983-11-04,24.5,24.5,24.5,24.5,382.3,385.35
1983-11-07,24.5,24.5,24.5,24.5,383.4,383.1
1983-11-09,24.5,24.5,24.5,24.5,383.5,383.15
1983-11-10,24.55,24.55,24.55,24.55,383.4,384.3
1983-11-14,24.55,24.55,24.55,24.55,384.1,386.55
1983-11-15,24.55,24.55,24.55,24.55,384.2,384.55
1983-11-16,24.55,24.55,24.55,24.55,376.3,384.35
1983-11-17,24.55,24.55,24.55,24.55,378.2,376.4
1983-11-18,24.55,24.55,24.55,24.55,376.3,378.35
1983-11-21,24.66,24.66,24.66,24.66,376.7,376.85
1983-11-22,24.66,24.66,24.66,24.66,376.2,377.15
1983-11-23,24.66,24.66,24.66,24.66,375.7,376.8
1983-11-25,24.66,24.66,24.66,24.66,377.2,376.3
1983-11-28,24.66,24.66,24.66,24.66,401.7,377.9
1983-11-29,24.66,24.66,24.66,24.66,403.8,402.5
1983-11-30,24.66,24.66,24.66,24.66,409.0,404.0
1983-12-01,24.66,24.66,24.66,24.66,406.9,409.85
1983-12-02,23.69,23.69,23.69,23.69,404.1,407.85
1983-12-05,24.69,24.69,24.69,24.69,404.5,405.1
1983-12-06,24.69,24.69,24.69,24.69,404.4,405.45
1983-12-07,24.69,24.69,24.69,24.69,408.8,405.3
1983-12-08,24.69,24.69,24.69,24.69,394.0,409.75
1983-12-09,24.79,24.79,24.79,24.79,393.4,394.4
1983-12-12,24.79,24.79,24.79,24.79,395.5,394.2
1983-12-13,24.79,24.79,24.79,24.79,395.3,395.55
1983-12-14,24.79,24.79,24.79,24.79,393.4,395.85
1983-12-15,24.79,24.79,24.79,24.79,385.1,393.55
1983-12-16,24.79,24.79,24.79,24.79,377.0,385.75
1983-12-19,24.79,24.79,24.79,24.79,377.3,377.65
1983-12-20,24.79,24.79,24.79,24.79,383.4,377.4
1983-12-21,24.79,24.79,24.79,24.79,381.7,383.45
1983-12-22,24.79,24.79,24.79,24.79,385.7,381.85
1983-12-23,25.02,25.02,25.02,25.02,383.6,386.0
1983-12-27,25.02,25.02,25.02,25.02,382.9,383.75
1983-12-28,25.02,25.02,25.02,25.02,381.6,382.9
1983-12-29,25.02,25.02,25.02,25.02,385.5,382.35
1983-12-30,25.02,25.02,25.02,25.02,388.0,385.75
1984-01-03,25.02,25.02,25.02,25.02,381.7,388.95
1984-01-04,25.02,25.02,25.02,25.02,379.7,382.4
1984-01-05,25.02,25.02,25.02,25.02,377.7,379.8
1984-01-06,25.18,25.18,25.18,25.18,370.0,378.3
1984-01-09,25.18,25.18,25.18,25.18,367.7,370.3
1984-01-10,25.18,25.18,25.18,25.18,370.2,368.6
1984-01-11,25.18,25.18,25.18,25.18,372.9,370.85
1984-01-12,25.18,25.18,25.18,25.18,371.8,373.2
1984-01-13,25.2,25.2,25.2,25.2,372.5,372.2
1984-01-16,25.2,25.2,25.2,25.2,371.3,372.8
1984-01-17,25.2,25.2,25.2,25.2,370.8,372.15
1984-01-18,25.2,25.2,25.2,25.2,370.2,371.55
1984-01-19,25.2,25.2,25.2,25.2,375.3,370.8
1984-01-20,25.2,25.2,25.2,25.2,372.4,375.75
1984-01-23,25.2,25.2,25.2,25.2,366.3,373.1
1984-01-24,25.2,25.2,25.2,25.2,366.8,366.55
1984-01-25,25.2,25.2,25.2,25.2,367.5,366.8
1984-01-26,25.2,25.2,25.2,25.2,366.3,368.0
1984-01-27,25.28,25.28,25.28,25.28,375.4,366.7
1984-01-30,25.28,25.28,25.28,25.28,375.8,376.2
1984-01-31,25.28,25.28,25.28,25.28,379.2,376.65
1984-02-01,25.28,25.28,25.28,25.28,384.9,380.05
1984-02-02,25.28,25.28,25.28,25.28,391.8,384.95
1984-02-03,25.27,25.27,25.27,25.27,391.5,392.7
1984-02-06,25.27,25.27,25.27,25.27,387.0,392.45
1984-02-07,25.27,25.27,25.27,25.27,386.2,387.55
1984-02-08,25.27,25.27,25.27,25.27,387.3,387.1
1984-02-09,25.27,25.27,25.27,25.27,383.6,387.3
1984-02-10,25.29,25.29,25.29,25.29,382.5,383.75
1984-02-14,25.29,25.29,25.29,25.29,387.8,382.35
1984-02-15,25.29,25.29,25.29,25.29,385.7,388.3
1984-02-16,25.29,25.29,25.29,25.29,387.4,386.3
1984-02-17,25.29,25.29,25.29,25.29,388.7,388.1
1984-02-21,25.29,25.29,25.29,25.29,392.4,389.2
1984-02-22,25.28,25.28,25.28,25.28,403.5,392.95
1984-02-23,25.29,25.29,25.29,25.29,402.8,403.85
1984-02-24,25.24,25.24,25.24,25.24,399.5,403.55
1984-02-27,25.24,25.24,25.24,25.24,405.0,399.95
1984-02-28,25.24,25.24,25.24,25.24,398.3,405.8
1984-02-29,25.2,25.2,25.2,25.2,398.9,398.45
1984-03-01,25.21,25.21,25.21,25.21,397.8,399.75
1984-03-02,25.24,25.24,25.24,25.24,403.7,398.5
1984-03-05,25.19,25.19,25.19,25.19,407.3,404.15
1984-03-06,25.19,25.19,25.19,25.19,407.0,407.7
1984-03-07,25.19,25.19,25.19,25.19,401.2,407.25
1984-03-08,25.19,25.19,25.19,25.19,405.3,401.25
1984-03-09,25.16,25.16,25.16,25.16,402.8,406.25
1984-03-12,25.18,25.18,25.18,25.18,398.3,403.25
1984-03-13,25.18,25.18,25.18,25.18,400.4,398.75
1984-03-14,25.17,25.17,25.17,25.17,395.8,400.55
1984-03-15,25.17,25.17,25.17,25.17,394.7,396.65
1984-03-16,25.17,25.17,25.17,25.17,395.3,394.95
1984-03-19,25.17,25.17,25.17,25.17,395.5,395.8
1984-03-20,25.17,25.17,25.17,25.17,395.3,396.2
1984-03-21,25.17,25.17,25.17,25.17,394.0,395.8
1984-03-22,25.17,25.17,25.17,25.17,387.8,394.85
1984-03-23,25.17,25.17,25.17,25.17,386.8,388.25
1984-03-26,25.17,25.17,25.17,25.17,388.5,387.05
1984-03-27,25.17,25.17,25.17,25.17,387.3,389.45
1984-03-28,25.17,25.17,25.17,25.17,397.2,387.65
1984-03-29,25.17,25.17,25.17,25.17,396.7,397.55
1984-03-30,25.13,25.13,25.13,25.13,394.3,397.3
1984-04-02,25.14,25.14,25.14,25.14,385.7,394.65
1984-04-03,25.13,25.13,25.13,25.13,387.5,386.0
1984-04-04,25.14,25.14,25.14,25.14,388.2,387.75
1984-04-05,25.13,25.13,25.13,25.13,385.4,388.55
1984-04-06,25.13,25.13,25.13,25.13,387.1,385.65
1984-04-09,25.13,25.13,25.13,25.13,388.0,387.15
1984-04-10,25.13,25.13,25.13,25.13,387.9,388.35
1984-04-11,25.13,25.13,25.13,25.13,388.7,388.65
1984-04-12,25.13,25.13,25.13,25.13,384.7,389.15
1984-04-13,25.13,25.13,25.13,25.13,387.0,384.8
1984-04-16,25.13,25.13,25.13,25.13,384.5,387.3
1984-04-17,25.13,25.13,25.13,25.13,385.6,385.2
1984-04-18,25.13,25.13,25.13,25.13,392.0,386.35
1984-04-19,25.13,25.13,25.13,25.13,388.8,392.4
1984-04-23,25.13,25.13,25.13,25.13,390.6,388.9
1984-04-24,25.13,25.13,25.13,25.13,386.1,391.3
1984-04-25,25.13,25.13,25.13,25.13,385.9,386.95
1984-04-26,25.13,25.13,25.13,25.13,381.2,386.1
1984-04-27,25.16,25.16,25.16,25.16,381.5,381.3
1984-04-30,25.15,25.15,25.15,25.15,379.6,382.1
1984-05-01,25.15,25.15,25.15,25.15,380.3,380.55
1984-05-02,25.15,25.15,25.15,25.15,381.3,380.8
1984-05-03,25.16,25.16,25.16,25.16,381.3,381.65
1984-05-04,25.15,25.15,25.15,25.15,378.5,381.5
1984-05-07,25.17,25.17,25.17,25.17,374.5,379.3
1984-05-08,25.17,25.17,25.17,25.17,375.9,374.6
1984-05-09,25.17,25.17,25.17,25.17,373.3,376.25
1984-05-10,25.17,25.17,25.17,25.17,375.0,373.55
1984-05-11,25.17,25.17,25.17,25.17,373.3,375.1
1984-05-14,25.17,25.17,25.17,25.17,375.5,373.4
1984-05-15,25.17,25.17,25.17,25.17,376.4,375.95
1984-05-16,25.17,25.17,25.17,25.17,378.1,376.95
1984-05-17,25.17,25.17,25.17,25.17,376.4,378.7
1984-05-18,25.17,25.17,25.17,25.17,379.6,377.2
1984-05-21,25.14,25.14,25.14,25.14,380.2,380.2
1984-05-22,25.14,25.14,25.14,25.14,380.4,381.0
1984-05-23,25.16,25.16,25.16,25.16,377.2,380.5
1984-05-24,25.16,25.16,25.16,25.16,379.0,377.6
1984-05-25,25.16,25.16,25.16,25.16,390.0,379.9
1984-05-29,25.16,25.16,25.16,25.16,392.3,390.05
1984-05-30,25.16,25.16,25.16,25.16,391.6,392.55
1984-05-31,25.16,25.16,25.16,25.16,393.6,392.15
1984-06-01,25.16,25.16,25.16,25.16,397.0,393.95
1984-06-04,25.16,25.16,25.16,25.16,402.2,397.1
1984-06-05,25.16,25.16,25.16,25.16,401.1,402.85
1984-06-06,25.16,25.16,25.16,25.16,398.9,401.95
1984-06-07,25.18,25.18,25.18,25.18,396.4,399.25
1984-06-08,25.18,25.18,25.18,25.18,389.5,396.75
1984-06-11,25.18,25.18,25.18,25.18,378.9,390.35
1984-06-12,25.18,25.18,25.18,25.18,379.5,379.65
1984-06-13,25.18,25.18,25.18,25.18,379.2,380.05
1984-06-14,25.18,25.18,25.18,25.18,379.9,379.35
1984-06-15,25.18,25.18,25.18,25.18,375.3,380.7
1984-06-18,25.18,25.18,25.18,25.18,375.7,376.2
1984-06-19,25.18,25.18,25.18,25.18,375.8,376.65
1984-06-20,25.18,25.18,25.18,25.18,376.6,376.8
1984-06-21,25.18,25.18,25.18,25.18,377.6,377.15
1984-06-22,25.18,25.18,25.18,25.18,376.6,378.5
1984-06-25,25.18,25.18,25.18,25.18,372.5,377.15
1984-06-26,25.18,25.18,25.18,25.18,374.5,372.85
1984-06-27,25.18,25.18,25.18,25.18,373.7,374.65
1984-06-28,25.18,25.18,25.18,25.18,376.9,373.95
1984-06-29,25.18,25.18,25.18,25.18,376.1,377.1
1984-07-02,25.18,25.18,25.18,25.18,373.6,377.1
1984-07-03,25.2,25.2,25.2,25.2,372.4,374.45
1984-07-05,25.2,25.2,25.2,25.2,362.0,373.35
1984-07-06,25.2,25.2,25.2,25.2,347.2,362.35
1984-07-09,25.2,25.2,25.2,25.2,349.8,348.0
1984-07-10,25.2,25.2,25.2,25.2,345.3,350.3
1984-07-11,25.2,25.2,25.2,25.2,343.3,345.55
1984-07-12,25.2,25.2,25.2,25.2,339.5,344.1
1984-07-13,25.22,25.22,25.22,25.22,345.8,340.1
1984-07-16,25.24,25.24,25.24,25.24,349.8,346.35
1984-07-17,25.24,25.24,25.24,25.24,347.3,349.9
1984-07-18,25.24,25.24,25.24,25.24,350.3,347.45
1984-07-19,25.24,25.24,25.24,25.24,348.3,350.4
1984-07-20,25.24,25.24,25.24,25.24,340.0,349.05
1984-07-23,25.24,25.24,25.24,25.24,337.8,340.3
1984-07-24,25.24,25.24,25.24,25.24,337.8,338.35
1984-07-25,25.24,25.24,25.24,25.24,343.7,337.85
1984-07-26,25.24,25.24,25.24,25.24,333.8,344.55
1984-07-27,25.24,25.24,25.24,25.24,342.0,334.7
1984-07-30,25.24,25.24,25.24,25.24,355.1,342.25
1984-07-31,25.24,25.24,25.24,25.24,350.3,355.1
1984-08-01,25.24,25.24,25.24,25.24,358.0,351.05
1984-08-02,25.24,25.24,25.24,25.24,357.1,358.5
1984-08-03,25.24,25.24,25.24,25.24,363.0,357.35
1984-08-06,25.25,25.25,25.25,25.25,361.5,363.45
1984-08-07,25.24,25.24,25.24,25.24,356.3,362.0
1984-08-08,25.25,25.25,25.25,25.25,356.7,356.6
1984-08-09,25.24,25.24,25.24,25.24,361.3,356.75
1984-08-10,25.26,25.26,25.26,25.26,354.8,361.45
1984-08-13,25.29,25.29,25.29,25.29,362.7,355.2
1984-08-14,25.29,25.29,25.29,25.29,366.8,362.85
1984-08-15,25.29,25.29,25.29,25.29,365.7,366.85
1984-08-16,25.28,25.28,25.28,25.28,362.2,365.7
1984-08-17,25.28,25.28,25.28,25.28,362.3,362.45
1984-08-20,25.28,25.28,25.28,25.28,354.8,362.7
1984-08-21,25.28,25.28,25.28,25.28,357.1,355.0
1984-08-22,25.31,25.31,25.31,25.31,365.0,357.85
1984-08-23,25.3,25.3,25.3,25.3,360.4,365.8
1984-08-24,25.3,25.3,25.3,25.3,362.3,361.25
1984-08-27,25.33,25.33,25.33,25.33,358.9,362.5
1984-08-28,25.33,25.33,25.33,25.33,358.7,358.9
1984-08-29,25.36,25.36,25.36,25.36,360.0,359.25
1984-08-30,25.34,25.34,25.34,25.34,358.2,360.95
1984-08-31,25.34,25.34,25.34,25.34,358.0,359.1
1984-09-04,25.38,25.38,25.38,25.38,347.3,358.4
1984-09-05,25.41,25.41,25.41,25.41,348.8,347.3
1984-09-06,25.41,25.41,25.41,25.41,352.7,348.8
1984-09-07,25.41,25.41,25.41,25.41,344.3,353.15
1984-09-10,25.45,25.45,25.45,25.45,347.2,344.8
1984-09-11,25.45,25.45,25.45,25.45,347.7,347.95
1984-09-12,25.5,25.5,25.5,25.5,346.8,348.4
1984-09-13,25.56,25.56,25.56,25.56,346.2,347.15
1984-09-14,25.55,25.55,25.55,25.55,348.1,346.95
1984-09-17,25.61,25.61,25.61,25.61,343.5,348.9
1984-09-18,25.71,25.71,25.71,25.71,348.3,344.1
1984-09-19,25.71,25.71,25.71,25.71,348.0,348.45
1984-09-20,25.71,25.71,25.71,25.71,349.3,348.6
1984-09-21,25.77,25.77,25.77,25.77,354.3,349.8
1984-09-24,25.74,25.74,25.74,25.74,352.3,355.15
1984-09-25,25.74,25.74,25.74,25.74,352.4,352.4
1984-09-26,25.8,25.8,25.8,25.8,348.7,352.45
1984-09-27,25.78,25.78,25.78,25.78,350.3,349.1
1984-09-28,25.78,25.78,25.78,25.78,351.3,350.6
1984-10-01,25.81,25.81,25.81,25.81,350.9,352.1
1984-10-02,25.78,25.78,25.78,25.78,353.4,351.75
1984-10-03,25.75,25.75,25.75,25.75,351.9,354.35
1984-10-04,25.78,25.78,25.78,25.78,352.8,352.45
1984-10-05,25.78,25.78,25.78,25.78,347.0,353.25
1984-10-09,25.81,25.81,25.81,25.81,342.0,348.4
1984-10-10,25.86,25.86,25.86,25.86,343.6,342.55
1984-10-11,25.87,25.87,25.87,25.87,341.3,344.3
1984-10-12,25.87,25.87,25.87,25.87,346.3,341.6
1984-10-15,25.9,25.9,25.9,25.9,345.2,346.45
1984-10-16,25.97,25.97,25.97,25.97,343.2,345.95
1984-10-17,25.97,25.97,25.97,25.97,340.7,343.25
1984-10-18,25.97,25.97,25.97,25.97,344.3,340.8
1984-10-19,25.97,25.97,25.97,25.97,342.4,345.3
1984-10-22,25.97,25.97,25.97,25.97,342.0,343.15
1984-10-23,25.97,25.97,25.97,25.97,343.4,342.0
1984-10-24,25.94,25.94,25.94,25.94,342.9,343.4
1984-10-25,25.94,25.94,25.94,25.94,340.4,343.2
1984-10-26,25.96,25.96,25.96,25.96,340.3,341.3
1984-10-29,25.98,25.98,25.98,25.98,338.0,340.4
1984-10-30,26.03,26.03,26.03,26.03,336.5,338.7
1984-10-31,26.0,26.0,26.0,26.0,336.0,337.25
1984-11-01,26.0,26.0,26.0,26.0,338.0,336.3
1984-11-02,26.03,26.03,26.03,26.03,345.4,338.75
1984-11-05,26.03,26.03,26.03,26.03,349.8,346.1
1984-11-07,26.02,26.02,26.02,26.02,352.5,347.35
1984-11-08,26.02,26.02,26.02,26.02,349.7,353.0
1984-11-09,26.01,26.01,26.01,26.01,347.5,349.85
1984-11-13,26.03,26.03,26.03,26.03,347.7,349.85
1984-11-14,26.06,26.06,26.06,26.06,347.8,348.65
1984-11-15,26.06,26.06,26.06,26.06,345.8,348.4
1984-11-16,26.06,26.06,26.06,26.06,345.0,345.9
1984-11-19,26.08,26.08,26.08,26.08,343.3,345.8
1984-11-20,26.09,26.09,26.09,26.09,343.8,344.0
1984-11-21,26.11,26.11,26.11,26.11,342.9,344.6
1984-11-26,26.14,26.14,26.14,26.14,331.5,346.15
1984-11-27,26.14,26.14,26.14,26.14,327.4,331.9
1984-11-28,26.15,26.15,26.15,26.15,335.6,328.2
1984-11-29,26.15,26.15,26.15,26.15,335.4,336.5
1984-11-30,26.15,26.15,26.15,26.15,333.5,335.7
1984-12-03,26.18,26.18,26.18,26.18,336.1,333.7
1984-12-04,26.18,26.18,26.18,26.18,334.1,336.5
1984-12-05,26.16,26.16,26.16,26.16,334.3,334.35
1984-12-07,26.16,26.16,26.16,26.16,330.8,335.15
1984-12-10,26.18,26.18,26.18,26.18,329.4,331.55
1984-12-11,26.18,26.18,26.18,26.18,329.3,330.05
1984-12-12,26.18,26.18,26.18,26.18,329.5,329.75
1984-12-14,26.21,26.21,26.21,26.21,325.4,327.9
1984-12-17,26.21,26.21,26.21,26.21,316.9,325.5
1984-12-18,26.21,26.21,26.21,26.21,311.5,317.4
1984-12-19,26.19,26.19,26.19,26.19,311.1,311.95
1984-12-20,26.22,26.22,26.22,26.22,309.6,311.9
1984-12-21,26.26,26.26,26.26,26.26,313.2,310.55
1984-12-26,26.26,26.26,26.26,26.26,314.2,313.35
1984-12-27,26.29,26.29,26.29,26.29,309.2,314.85
1984-12-28,26.29,26.29,26.29,26.29,310.0,309.45
1985-01-02,26.29,26.29,26.29,26.29,304.2,309.9
1985-01-03,26.29,26.29,26.29,26.29,303.2,305.05
1985-01-04,26.33,26.33,26.33,26.33,299.7,303.6
1985-01-07,26.33,26.33,26.33,26.33,303.7,300.7
1985-01-08,26.33,26.33,26.33,26.33,298.0,304.0
1985-01-09,26.34,26.34,26.34,26.34,305.5,298.7
1985-01-10,26.33,26.33,26.33,26.33,304.3,305.55
1985-01-11,26.37,26.37,26.37,26.37,300.3,304.3
1985-01-15,26.37,26.37,26.37,26.37,302.3,304.7
1985-01-16,26.37,26.37,26.37,26.37,304.5,302.65
1985-01-17,26.37,26.37,26.37,26.37,308.5,305.3
1985-01-18,26.37,26.37,26.37,26.37,307.2,308.7
1985-01-22,26.41,26.41,26.41,26.41,303.9,309.35
1985-01-23,26.41,26.41,26.41,26.41,301.7,304.1
1985-01-24,26.44,26.44,26.44,26.44,299.7,302.5
1985-01-25,26.46,26.46,26.46,26.46,300.4,299.95
1985-01-28,26.5,26.5,26.5,26.5,306.3,300.75
1985-01-29,26.5,26.5,26.5,26.5,305.3,306.75
1985-01-30,26.5,26.5,26.5,26.5,307.9,306.15
1985-01-31,26.5,26.5,26.5,26.5,307.4,308.55
1985-02-01,26.55,26.55,26.55,26.55,306.5,307.4
1985-02-04,26.55,26.55,26.55,26.55,305.4,306.9
1985-02-05,26.55,26.55,26.55,26.55,305.5,305.5
1985-02-06,26.55,26.55,26.55,26.55,305.3,305.85
1985-02-07,26.55,26.55,26.55,26.55,302.7,305.5
1985-02-08,26.55,26.55,26.55,26.55,303.4,302.7
1985-02-11,26.59,26.59,26.59,26.59,307.5,303.4
1985-02-13,26.59,26.59,26.59,26.59,305.7,305.0
1985-02-14,26.59,26.59,26.59,26.59,305.9,306.2
1985-02-15,26.59,26.59,26.59,26.59,306.9,306.6
1985-02-19,26.63,26.63,26.63,26.63,306.4,307.1
1985-02-20,26.63,26.63,26.63,26.63,306.0,306.7
1985-02-21,26.63,26.63,26.63,26.63,301.1,306.0
1985-02-22,26.63,26.63,26.63,26.63,296.5,301.25
1985-02-25,26.63,26.63,26.63,26.63,284.1,296.85
1985-02-26,26.67,26.67,26.67,26.67,290.0,284.9
1985-02-27,26.67,26.67,26.67,26.67,289.8,290.8
1985-02-28,26.69,26.69,26.69,26.69,288.7,290.6
1985-03-01,26.73,26.73,26.73,26.73,291.6,288.8
1985-03-04,26.73,26.73,26.73,26.73,291.9,291.65
1985-03-05,26.73,26.73,26.73,26.73,287.9,292.25
1985-03-06,26.73,26.73,26.73,26.73,292.9,288.3
1985-03-07,26.78,26.78,26.78,26.78,291.0,293.35
1985-03-08,26.78,26.78,26.78,26.78,288.5,291.6
1985-03-11,26.78,26.78,26.78,26.78,290.1,288.5
1985-03-12,26.78,26.78,26.78,26.78,292.3,290.7
1985-03-13,26.83,26.83,26.83,26.83,291.9,293.15
1985-03-14,26.83,26.83,26.83,26.83,291.8,291.9
1985-03-15,26.86,26.86,26.86,26.86,295.2,292.65
1985-03-18,26.88,26.88,26.88,26.88,303.8,295.55
1985-03-19,26.88,26.88,26.88,26.88,328.8,303.9
1985-03-20,26.86,26.86,26.86,26.86,324.3,329.75
1985-03-21,26.86,26.86,26.86,26.86,317.5,324.7
1985-03-22,26.86,26.86,26.86,26.86,316.8,318.1
1985-03-25,26.91,26.91,26.91,26.91,320.9,317.55
1985-03-26,26.91,26.91,26.91,26.91,324.4,321.65
1985-03-27,26.91,26.91,26.91,26.91,332.4,325.15
1985-03-28,26.91,26.91,26.91,26.91,331.4,332.7
1985-03-29,26.96,26.96,26.96,26.96,334.1,332.1
1985-04-01,26.97,26.97,26.97,26.97,322.7,334.85
1985-04-02,27.02,27.02,27.02,27.02,326.2,323.45
1985-04-03,27.02,27.02,27.02,27.02,320.7,327.15
1985-04-08,27.04,27.04,27.04,27.04,329.0,324.9
1985-04-09,27.04,27.04,27.04,27.04,327.9,329.9
1985-04-10,27.04,27.04,27.04,27.04,330.0,327.95
1985-04-11,27.06,27.06,27.06,27.06,336.4,330.8
1985-04-15,27.06,27.06,27.06,27.06,333.2,332.25
1985-04-16,27.06,27.06,27.06,27.06,330.8,333.5
1985-04-17,27.06,27.06,27.06,27.06,327.9,330.95
1985-04-18,27.11,27.11,27.11,27.11,330.8,328.55
1985-04-19,27.09,27.09,27.09,27.09,331.3,331.0
1985-04-22,27.14,27.14,27.14,27.14,330.1,331.95
1985-04-23,27.19,27.19,27.19,27.19,325.6,330.3
1985-04-24,27.19,27.19,27.19,27.19,325.3,325.9
1985-04-25,27.21,27.21,27.21,27.21,326.2,325.6
1985-04-26,27.26,27.26,27.26,27.26,325.2,326.8
1985-04-29,27.26,27.26,27.26,27.26,327.2,325.5
1985-04-30,27.31,27.31,27.31,27.31,316.5,328.05
1985-05-01,27.3,27.3,27.3,27.3,315.3,317.4
1985-05-03,27.36,27.36,27.36,27.36,313.3,316.95
1985-05-07,27.43,27.43,27.43,27.43,316.5,310.85
1985-05-08,27.43,27.43,27.43,27.43,314.2,316.85
1985-05-09,27.43,27.43,27.43,27.43,314.3,314.65
1985-05-10,27.43,27.43,27.43,27.43,317.5,314.8
1985-05-14,27.43,27.43,27.43,27.43,325.8,327.25
1985-05-15,27.43,27.43,27.43,27.43,323.9,326.25
1985-05-16,27.43,27.43,27.43,27.43,321.5,324.25
1985-05-17,27.43,27.43,27.43,27.43,321.0,322.05
1985-05-20,27.38,27.38,27.38,27.38,314.0,321.25
1985-05-21,27.38,27.38,27.38,27.38,317.9,314.9
1985-05-23,27.36,27.36,27.36,27.36,316.1,316.7
1985-05-24,27.38,27.38,27.38,27.38,314.8,316.45
1985-05-28,27.41,27.41,27.41,27.41,310.3,315.2
1985-05-29,27.41,27.41,27.41,27.41,315.5,310.7
1985-05-30,27.41,27.41,27.41,27.41,316.6,316.4
1985-05-31,27.41,27.41,27.41,27.41,319.5,317.1
1985-06-03,27.36,27.36,27.36,27.36,320.3,319.55
1985-06-04,27.36,27.36,27.36,27.36,319.1,320.6
1985-06-05,27.41,27.41,27.41,27.41,318.4,320.1
1985-06-06,27.41,27.41,27.41,27.41,318.9,318.65
1985-06-07,27.41,27.41,27.41,27.41,317.7,319.7
1985-06-10,27.46,27.46,27.46,27.46,317.2,317.95
1985-06-11,27.46,27.46,27.46,27.46,316.9,317.3
1985-06-12,27.46,27.46,27.46,27.46,316.7,317.3
1985-06-13,27.46,27.46,27.46,27.46,317.4,316.75
1985-06-14,27.46,27.46,27.46,27.46,322.0,318.3
1985-06-17,27.41,27.41,27.41,27.41,321.8,322.1
1985-06-18,27.41,27.41,27.41,27.41,330.5,321.9
1985-06-19,27.41,27.41,27.41,27.41,324.8,331.15
1985-06-21,27.46,27.46,27.46,27.46,316.6,316.75
1985-06-24,27.46,27.46,27.46,27.46,317.9,317.25
1985-06-25,27.46,27.46,27.46,27.46,318.3,318.5
1985-06-26,27.46,27.46,27.46,27.46,317.8,319.0
1985-06-27,27.43,27.43,27.43,27.43,319.0,317.85
1985-06-28,27.43,27.43,27.43,27.43,317.7,319.25
1985-07-01,27.43,27.43,27.43,27.43,310.8,318.55
1985-07-02,27.43,27.43,27.43,27.43,311.4,311.75
1985-07-03,27.43,27.43,27.43,27.43,311.4,311.85
1985-07-08,27.36,27.36,27.36,27.36,316.6,311.45
1985-07-09,27.36,27.36,27.36,27.36,314.5,317.45
1985-07-10,27.36,27.36,27.36,27.36,316.2,315.1
1985-07-11,27.31,27.31,27.31,27.31,315.1,316.5
1985-07-12,27.31,27.31,27.31,27.31,319.2,315.65
1985-07-15,27.31,27.31,27.31,27.31,318.4,319.75
1985-07-16,27.31,27.31,27.31,27.31,321.0,319.15
1985-07-17,27.31,27.31,27.31,27.31,324.0,321.9
1985-07-18,27.26,27.26,27.26,27.26,318.8,324.95
1985-07-19,27.27,27.27,27.27,27.27,318.8,319.25
1985-07-22,27.31,27.31,27.31,27.31,322.3,319.65
1985-07-23,27.31,27.31,27.31,27.31,318.3,322.5
1985-07-24,27.32,27.32,27.32,27.32,319.3,319.0
1985-07-25,27.3,27.3,27.3,27.3,319.6,320.3
1985-07-26,27.31,27.31,27.31,27.31,322.0,320.1
1985-07-29,27.31,27.31,27.31,27.31,324.2,322.9
1985-07-30,27.26,27.26,27.26,27.26,332.0,324.25
1985-07-31,27.26,27.26,27.26,27.26,335.2,332.4
1985-08-01,27.26,27.26,27.26,27.26,328.0,335.3
1985-08-02,27.31,27.31,27.31,27.31,329.7,328.95
1985-08-05,27.36,27.36,27.36,27.36,330.6,330.5
1985-08-06,27.36,27.36,27.36,27.36,328.6,331.35
1985-08-07,27.42,27.42,27.42,27.42,330.2,328.65
1985-08-08,27.42,27.42,27.42,27.42,329.6,330.7
1985-08-09,27.42,27.42,27.42,27.42,336.3,330.2
1985-08-12,27.42,27.42,27.42,27.42,334.7,336.55
1985-08-13,27.39,27.39,27.39,27.39,334.3,334.8
1985-08-14,27.4,27.4,27.4,27.4,334.2,334.35
1985-08-15,27.39,27.39,27.39,27.39,340.4,334.75
1985-08-16,27.39,27.39,27.39,27.39,345.6,341.35
1985-08-19,27.39,27.39,27.39,27.39,345.8,345.8
1985-08-20,27.39,27.39,27.39,27.39,343.0,346.45
1985-08-21,27.4,27.4,27.4,27.4,346.2,343.15
1985-08-22,27.36,27.36,27.36,27.36,345.2,347.05
1985-08-23,27.36,27.36,27.36,27.36,342.7,345.55
1985-08-26,27.36,27.36,27.36,27.36,342.9,343.5
1985-08-27,27.36,27.36,27.36,27.36,344.0,343.25
1985-08-28,27.36,27.36,27.36,27.36,347.3,344.95
1985-08-29,27.36,27.36,27.36,27.36,341.6,347.7
1985-08-30,27.36,27.36,27.36,27.36,339.8,342.2
1985-09-03,27.36,27.36,27.36,27.36,331.0,339.95
1985-09-04,27.41,27.41,27.41,27.41,331.1,331.8
1985-09-05,27.41,27.41,27.41,27.41,326.3,331.95
1985-09-06,27.41,27.41,27.41,27.41,326.6,327.0
1985-09-09,27.46,27.46,27.46,27.46,325.2,326.85
1985-09-10,27.46,27.46,27.46,27.46,327.6,325.5
1985-09-11,27.46,27.46,27.46,27.46,326.7,327.75
1985-09-12,27.46,27.46,27.46,27.46,326.3,327.45
1985-09-13,27.46,27.46,27.46,27.46,324.0,326.7
1985-09-16,27.43,27.43,27.43,27.43,324.5,324.25
1985-09-17,27.43,27.43,27.43,27.43,321.5,324.55
1985-09-18,27.43,27.43,27.43,27.43,319.8,322.2
1985-09-19,27.47,27.47,27.47,27.47,324.6,320.35
1985-09-20,27.47,27.47,27.47,27.47,323.8,325.4
1985-09-23,27.42,27.42,27.42,27.42,333.7,324.45
1985-09-24,27.42,27.42,27.42,27.42,334.8,334.15
1985-09-25,27.42,27.42,27.42,27.42,334.3,335.35
1985-09-26,27.39,27.39,27.39,27.39,332.2,334.5
1985-09-27,27.39,27.39,27.39,27.39,332.9,333.05
1985-09-30,27.39,27.39,27.39,27.39,327.1,333.5
1985-10-01,27.39,27.39,27.39,27.39,327.1,327.6
1985-10-02,27.37,27.37,27.37,27.37,328.3,327.15
1985-10-03,27.37,27.37,27.37,27.37,333.9,329.2
1985-10-07,27.41,27.41,27.41,27.41,330.5,332.35
1985-10-08,27.41,27.41,27.41,27.41,328.6,331.25
1985-10-09,27.4,27.4,27.4,27.4,329.0,328.85
1985-10-10,27.41,27.41,27.41,27.41,329.1,329.15
1985-10-11,27.41,27.41,27.41,27.41,330.7,329.5
1985-10-15,27.41,27.41,27.41,27.41,329.1,330.3
1985-10-16,27.43,27.43,27.43,27.43,326.8,329.9
1985-10-17,27.43,27.43,27.43,27.43,328.4,327.3
1985-10-18,27.42,27.42,27.42,27.42,329.7,328.95
1985-10-21,27.42,27.42,27.42,27.42,329.4,330.25
1985-10-22,27.43,27.43,27.43,27.43,330.1,329.65
1985-10-23,27.42,27.42,27.42,27.42,329.0,330.4
1985-10-24,27.43,27.43,27.43,27.43,328.2,329.45
1985-10-25,27.47,27.47,27.47,27.47,329.4,329.0
1985-10-28,27.47,27.47,27.47,27.47,328.9,330.1
1985-10-29,27.47,27.47,27.47,27.47,329.3,329.75
1985-10-30,27.46,27.46,27.46,27.46,327.8,329.7
1985-10-31,27.46,27.46,27.46,27.46,326.7,327.85
1985-11-01,27.45,27.45,27.45,27.45,328.1,327.0
1985-11-04,27.45,27.45,27.45,27.45,327.1,328.65
1985-11-05,27.45,27.45,27.45,27.45,326.2,327.9
1985-11-06,27.45,27.45,27.45,27.45,325.5,327.1
1985-11-07,27.44,27.44,27.44,27.44,323.1,326.4
1985-11-08,27.49,27.49,27.49,27.49,325.6,323.65
1985-11-12,27.49,27.49,27.49,27.49,325.8,325.05
1985-11-13,27.49,27.49,27.49,27.49,326.2,326.45
1985-11-14,27.49,27.49,27.49,27.49,325.8,326.3
1985-11-15,27.46,27.46,27.46,27.46,324.7,325.95
1985-11-18,27.44,27.44,27.44,27.44,324.7,325.45
1985-11-19,27.47,27.47,27.47,27.47,324.7,325.15
1985-11-20,27.46,27.46,27.46,27.46,326.8,325.5
1985-11-21,27.44,27.44,27.44,27.44,327.4,327.7
1985-11-22,27.44,27.44,27.44,27.44,327.4,327.95
1985-11-25,27.44,27.44,27.44,27.44,332.7,328.1
1985-11-26,27.41,27.41,27.41,27.41,335.6,332.75
1985-11-27,27.41,27.41,27.41,27.41,330.2,335.8
1985-11-29,27.41,27.41,27.41,27.41,327.3,331.1
1985-12-02,27.4,27.4,27.4,27.4,326.5,327.95
1985-12-03,27.41,27.41,27.41,27.41,326.7,327.45
1985-12-04,27.41,27.41,27.41,27.41,325.7,327.4
1985-12-05,27.41,27.41,27.41,27.41,326.9,326.65
1985-12-06,27.42,27.42,27.42,27.42,326.2,327.15
1985-12-09,27.44,27.44,27.44,27.44,319.8,326.6
1985-12-10,27.43,27.43,27.43,27.43,321.2,320.55
1985-12-11,27.42,27.42,27.42,27.42,320.1,322.0
1985-12-12,27.42,27.42,27.42,27.42,320.4,320.9
1985-12-13,27.41,27.41,27.41,27.41,322.2,320.55
1985-12-16,27.41,27.41,27.41,27.41,324.9,322.9
1985-12-17,27.42,27.42,27.42,27.42,323.9,325.0
1985-12-18,27.43,27.43,27.43,27.43,327.3,324.8
1985-12-19,27.42,27.42,27.42,27.42,327.2,327.55
1985-12-20,27.43,27.43,27.43,27.43,328.7,327.55
1985-12-23,27.43,27.43,27.43,27.43,328.3,329.25
1985-12-24,27.43,27.43,27.43,27.43,328.2,328.65
1985-12-26,27.43,27.43,27.43,27.43,327.7,328.85
1985-12-27,27.43,27.43,27.43,27.43,329.0,327.75
1985-12-30,27.42,27.42,27.42,27.42,330.6,329.75
1985-12-31,27.42,27.42,27.42,27.42,331.1,331.2
1986-01-02,27.43,27.43,27.43,27.43,328.9,331.65
1986-01-03,27.43,27.43,27.43,27.43,330.0,329.45
1986-01-06,27.46,27.46,27.46,27.46,330.7,330.85
1986-01-07,27.47,27.47,27.47,27.47,332.8,331.4
1986-01-08,27.47,27.47,27.47,27.47,336.1,333.55
1986-01-09,27.48,27.48,27.48,27.48,339.9,336.15
1986-01-10,27.47,27.47,27.47,27.47,343.3,340.75
1986-01-13,27.48,27.48,27.48,27.48,341.5,344.2
1986-01-14,27.48,27.48,27.48,27.48,341.0,342.2
1986-01-15,27.5,27.5,27.5,27.5,350.7,341.7
1986-01-16,27.49,27.49,27.49,27.49,357.6,351.6
1986-01-17,27.53,27.53,27.53,27.53,358.0,358.3
1986-01-21,27.55,27.55,27.55,27.55,352.8,356.0
1986-01-22,27.57,27.57,27.57,27.57,351.5,353.6
1986-01-23,27.6,27.6,27.6,27.6,351.9,351.6
1986-01-24,27.61,27.61,27.61,27.61,358.4,352.4
1986-01-27,27.59,27.59,27.59,27.59,354.3,359.3
1986-01-28,27.59,27.59,27.59,27.59,357.1,354.8
1986-01-29,27.58,27.58,27.58,27.58,360.2,357.4
1986-01-30,27.59,27.59,27.59,27.59,359.4,361.0
1986-01-31,27.58,27.58,27.58,27.58,352.9,359.45
1986-02-03,27.58,27.58,27.58,27.58,347.4,353.55
1986-02-04,27.58,27.58,27.58,27.58,337.4,347.95
1986-02-05,27.61,27.61,27.61,27.61,339.3,337.95
1986-02-06,27.6,27.6,27.6,27.6,340.4,339.4
1986-02-07,27.61,27.61,27.61,27.61,342.5,340.65
1986-02-10,27.6,27.6,27.6,27.6,340.8,342.7
1986-02-11,27.59,27.59,27.59,27.59,341.6,341.2
1986-02-12,27.59,27.59,27.59,27.59,340.8,342.3
1986-02-13,27.59,27.59,27.59,27.59,335.3,341.35
1986-02-14,27.59,27.59,27.59,27.59,336.2,335.95
1986-02-18,27.6,27.6,27.6,27.6,339.7,336.95
1986-02-19,27.59,27.59,27.59,27.59,339.0,339.95
1986-02-20,27.6,27.6,27.6,27.6,341.4,339.5
1986-02-21,27.6,27.6,27.6,27.6,343.3,341.4
1986-02-24,27.6,27.6,27.6,27.6,351.0,343.7
1986-02-25,27.6,27.6,27.6,27.6,350.0,351.6
1986-02-26,27.6,27.6,27.6,27.6,338.5,350.9
1986-02-27,27.6,27.6,27.6,27.6,339.2,338.9
1986-02-28,27.6,27.6,27.6,27.6,341.0,340.05
1986-03-03,27.61,27.61,27.61,27.61,340.5,341.3
1986-03-04,27.6,27.6,27.6,27.6,346.0,341.4
1986-03-05,27.61,27.61,27.61,27.61,344.5,346.8
1986-03-06,27.62,27.62,27.62,27.62,344.3,345.1
1986-03-07,27.6,27.6,27.6,27.6,345.7,345.1
1986-03-10,27.61,27.61,27.61,27.61,343.3,346.0
1986-03-11,27.61,27.61,27.61,27.61,344.9,343.3
1986-03-12,27.62,27.62,27.62,27.62,353.0,345.05
1986-03-13,27.62,27.62,27.62,27.62,349.2,353.95
1986-03-14,27.62,27.62,27.62,27.62,348.9,349.4
1986-03-17,27.62,27.62,27.62,27.62,350.8,349.25
1986-03-18,27.62,27.62,27.62,27.62,350.3,351.1
1986-03-19,27.63,27.63,27.63,27.63,350.8,350.3
1986-03-20,27.63,27.63,27.63,27.63,352.7,351.75
1986-03-21,27.63,27.63,27.63,27.63,357.4,353.6
1986-03-24,27.64,27.64,27.64,27.64,351.3,357.7
1986-03-25,27.64,27.64,27.64,27.64,344.0,351.5
1986-03-26,27.65,27.65,27.65,27.65,348.5,344.5
1986-03-27,27.65,27.65,27.65,27.65,347.2,349.2
1986-03-31,27.66,27.66,27.66,27.66,334.8,348.05
1986-04-01,27.65,27.65,27.65,27.65,337.0,335.0
1986-04-02,27.66,27.66,27.66,27.66,339.5,337.45
1986-04-03,27.67,27.67,27.67,27.67,338.4,339.55
1986-04-04,27.68,27.68,27.68,27.68,338.4,339.3
1986-04-07,27.72,27.72,27.72,27.72,342.5,339.4
1986-04-08,27.74,27.74,27.74,27.74,342.9,343.05
1986-04-09,27.75,27.75,27.75,27.75,342.2,343.75
1986-04-10,27.79,27.79,27.79,27.79,341.7,342.55
1986-04-11,27.8,27.8,27.8,27.8,347.5,342.3
1986-04-14,27.8,27.8,27.8,27.8,344.2,347.85
1986-04-15,27.8,27.8,27.8,27.8,343.4,344.4
1986-04-16,27.83,27.83,27.83,27.83,341.9,343.65
1986-04-17,27.83,27.83,27.83,27.83,341.5,342.4
1986-04-18,27.84,27.84,27.84,27.84,346.7,342.0
1986-04-21,27.83,27.83,27.83,27.83,345.7,347.4
1986-04-22,27.83,27.83,27.83,27.83,349.0,346.35
1986-04-23,27.85,27.85,27.85,27.85,348.1,349.5
1986-04-24,27.85,27.85,27.85,27.85,347.1,348.35
1986-04-25,27.87,27.87,27.87,27.87,346.2,348.05
1986-04-28,27.87,27.87,27.87,27.87,345.8,347.0
1986-04-29,27.87,27.87,27.87,27.87,346.9,345.9
1986-04-30,27.89,27.89,27.89,27.89,348.1,346.9
1986-05-01,27.89,27.89,27.89,27.89,342.8,348.2
1986-05-02,27.92,27.92,27.92,27.92,344.7,343.5
1986-05-05,27.91,27.91,27.91,27.91,344.2,345.3
1986-05-06,27.91,27.91,27.91,27.91,344.0,345.1
1986-05-07,27.92,27.92,27.92,27.92,345.8,344.75
1986-05-08,27.92,27.92,27.92,27.92,345.5,346.7
1986-05-09,27.93,27.93,27.93,27.93,345.5,345.75
1986-05-12,27.92,27.92,27.92,27.92,345.5,346.3
1986-05-13,27.92,27.92,27.92,27.92,345.1,346.35
1986-05-14,27.93,27.93,27.93,27.93,343.1,345.4
1986-05-15,27.93,27.93,27.93,27.93,343.4,343.4
1986-05-16,27.93,27.93,27.93,27.93,343.8,343.65
1986-05-19,27.96,27.96,27.96,27.96,340.7,343.95
1986-05-20,27.95,27.95,27.95,27.95,339.8,341.65
1986-05-21,27.96,27.96,27.96,27.96,339.8,339.85
1986-05-22,27.96,27.96,27.96,27.96,342.6,340.3
1986-05-23,27.96,27.96,27.96,27.96,342.4,342.95
1986-05-27,27.95,27.95,27.95,27.95,341.8,342.65
1986-05-28,27.93,27.93,27.93,27.93,342.5,342.1
1986-05-29,27.94,27.94,27.94,27.94,347.0,342.65
1986-05-30,27.94,27.94,27.94,27.94,347.1,347.0
1986-06-02,27.95,27.95,27.95,27.95,345.1,347.5
1986-06-03,27.94,27.94,27.94,27.94,345.3,345.65
1986-06-04,27.93,27.93,27.93,27.93,344.8,345.4
1986-06-05,27.93,27.93,27.93,27.93,344.6,344.9
1986-06-06,27.92,27.92,27.92,27.92,344.8,345.35
1986-06-09,27.92,27.92,27.92,27.92,354.2,344.95
1986-06-10,27.92,27.92,27.92,27.92,351.2,354.8
1986-06-11,27.92,27.92,27.92,27.92,351.7,351.3
1986-06-12,27.93,27.93,27.93,27.93,349.8,351.85
1986-06-13,27.94,27.94,27.94,27.94,348.8,350.2
1986-06-16,27.96,27.96,27.96,27.96,337.5,349.05
1986-06-17,27.97,27.97,27.97,27.97,339.3,338.45
1986-06-18,27.97,27.97,27.97,27.97,340.5,339.4
1986-06-19,27.97,27.97,27.97,27.97,340.9,341.35
1986-06-20,27.97,27.97,27.97,27.97,342.7,341.55
1986-06-23,27.97,27.97,27.97,27.97,343.3,343.65
1986-06-24,27.97,27.97,27.97,27.97,345.2,343.6
1986-06-25,27.97,27.97,27.97,27.97,347.1,345.25
1986-06-26,28.0,28.0,28.0,28.0,346.6,347.3
1986-06-27,28.01,28.01,28.01,28.01,346.9,346.95
1986-06-30,28.01,28.01,28.01,28.01,347.7,346.95
1986-07-01,28.01,28.01,28.01,28.01,345.8,348.5
1986-07-02,28.02,28.02,28.02,28.02,344.9,346.5
1986-07-07,28.02,28.02,28.02,28.02,345.9,345.85
1986-07-08,28.03,28.03,28.03,28.03,351.2,346.35
1986-07-09,28.03,28.03,28.03,28.03,349.6,351.2
1986-07-10,28.03,28.03,28.03,28.03,348.6,349.8
1986-07-11,28.05,28.05,28.05,28.05,347.8,348.65
1986-07-14,28.07,28.07,28.07,28.07,346.4,348.15
1986-07-15,28.07,28.07,28.07,28.07,349.1,346.85
1986-07-16,28.07,28.07,28.07,28.07,348.7,349.2
1986-07-17,28.07,28.07,28.07,28.07,348.7,349.25
1986-07-18,28.08,28.08,28.08,28.08,356.5,349.6
1986-07-21,28.08,28.08,28.08,28.08,355.6,357.0
1986-07-22,28.09,28.09,28.09,28.09,353.7,355.6
1986-07-23,28.09,28.09,28.09,28.09,349.0,354.45
1986-07-24,28.09,28.09,28.09,28.09,349.3,349.95
1986-07-25,28.09,28.09,28.09,28.09,348.2,350.2
1986-07-28,28.12,28.12,28.12,28.12,355.1,348.75
1986-07-29,28.12,28.12,28.12,28.12,358.6,355.15
1986-07-30,28.12,28.12,28.12,28.12,358.6,359.45
1986-07-31,28.11,28.11,28.11,28.11,369.7,358.75
1986-08-01,28.12,28.12,28.12,28.12,367.5,370.15
1986-08-04,28.13,28.13,28.13,28.13,367.0,368.15
1986-08-05,28.17,28.17,28.17,28.17,366.1,367.4
1986-08-06,28.18,28.18,28.18,28.18,367.5,366.7
1986-08-07,28.18,28.18,28.18,28.18,369.3,367.8
1986-08-08,28.19,28.19,28.19,28.19,382.5,369.65
1986-08-11,28.19,28.19,28.19,28.19,398.5,383.35
1986-08-12,28.19,28.19,28.19,28.19,392.4,399.0
1986-08-13,28.19,28.19,28.19,28.19,391.7,393.05
1986-08-14,28.19,28.19,28.19,28.19,393.7,392.15
1986-08-15,28.19,28.19,28.19,28.19,390.2,394.2
1986-08-18,28.19,28.19,28.19,28.19,382.8,390.65
1986-08-19,28.19,28.19,28.19,28.19,381.0,383.05
1986-08-20,28.19,28.19,28.19,28.19,385.1,381.2
1986-08-21,28.19,28.19,28.19,28.19,390.6,385.2
1986-08-22,28.19,28.19,28.19,28.19,379.5,391.3
1986-08-25,28.2,28.2,28.2,28.2,386.5,380.2
1986-08-26,28.2,28.2,28.2,28.2,385.6,386.5
1986-08-27,28.21,28.21,28.21,28.21,386.3,385.65
1986-08-28,28.21,28.21,28.21,28.21,392.0,386.55
1986-08-29,28.23,28.23,28.23,28.23,393.3,392.85
1986-09-02,28.23,28.23,28.23,28.23,411.5,394.2
1986-09-03,28.23,28.23,28.23,28.23,410.3,412.05
1986-09-04,28.24,28.24,28.24,28.24,415.5,410.95
1986-09-05,28.24,28.24,28.24,28.24,428.3,416.2
1986-09-08,28.27,28.27,28.27,28.27,416.4,428.65
1986-09-09,28.27,28.27,28.27,28.27,414.4,417.0
1986-09-10,28.27,28.27,28.27,28.27,409.8,415.3
1986-09-11,28.27,28.27,28.27,28.27,413.0,410.15
1986-09-12,28.28,28.28,28.28,28.28,421.5,413.5
1986-09-15,28.28,28.28,28.28,28.28,422.3,422.15
1986-09-16,28.31,28.31,28.31,28.31,420.2,422.4
1986-09-17,28.31,28.31,28.31,28.31,418.8,420.6
1986-09-18,28.32,28.32,28.32,28.32,422.6,419.4
1986-09-19,28.31,28.31,28.31,28.31,441.0,423.0
1986-09-22,28.33,28.33,28.33,28.33,445.2,441.1
1986-09-23,28.34,28.34,28.34,28.34,436.0,445.85
1986-09-24,28.35,28.35,28.35,28.35,436.0,436.35
1986-09-25,28.34,28.34,28.34,28.34,438.8,436.9
1986-09-26,28.36,28.36,28.36,28.36,431.5,439.5
1986-09-29,28.36,28.36,28.36,28.36,427.1,431.55
1986-09-30,28.36,28.36,28.36,28.36,429.8,427.3
1986-10-01,28.36,28.36,28.36,28.36,429.2,430.0
1986-10-02,28.36,28.36,28.36,28.36,441.1,429.75
1986-10-03,28.36,28.36,28.36,28.36,437.5,442.05
1986-10-06,28.36,28.36,28.36,28.36,442.8,438.15
1986-10-07,28.36,28.36,28.36,28.36,444.8,443.15
1986-10-08,28.37,28.37,28.37,28.37,442.4,445.55
1986-10-09,28.39,28.39,28.39,28.39,433.0,443.35
1986-10-10,28.39,28.39,28.39,28.39,434.5,433.55
1986-10-14,28.38,28.38,28.38,28.38,430.5,438.05
1986-10-15,28.39,28.39,28.39,28.39,428.7,430.85
1986-10-16,28.39,28.39,28.39,28.39,427.4,429.55
1986-10-17,28.39,28.39,28.39,28.39,422.2,428.0
1986-10-20,28.42,28.42,28.42,28.42,428.9,422.65
1986-10-21,28.42,28.42,28.42,28.42,427.9,429.8
1986-10-22,28.43,28.43,28.43,28.43,428.7,428.4
1986-10-23,28.43,28.43,28.43,28.43,417.5,429.4
1986-10-24,28.45,28.45,28.45,28.45,409.7,418.45
1986-10-27,28.48,28.48,28.48,28.48,410.3,410.25
1986-10-28,28.47,28.47,28.47,28.47,413.9,411.1
1986-10-29,28.46,28.46,28.46,28.46,407.3,414.35
1986-10-30,28.47,28.47,28.47,28.47,409.9,408.05
1986-10-31,28.47,28.47,28.47,28.47,405.5,410.75
1986-11-03,28.47,28.47,28.47,28.47,406.8,405.95
1986-11-04,28.47,28.47,28.47,28.47,411.1,407.25
1986-11-05,28.46,28.46,28.46,28.46,408.5,411.45
1986-11-06,28.46,28.46,28.46,28.46,412.4,408.85
1986-11-07,28.48,28.48,28.48,28.48,410.6,413.05
1986-11-10,28.46,28.46,28.46,28.46,407.5,410.65
1986-11-12,28.46,28.46,28.46,28.46,409.4,409.8
1986-11-13,28.46,28.46,28.46,28.46,409.5,409.95
1986-11-14,28.46,28.46,28.46,28.46,398.8,409.55
1986-11-17,28.47,28.47,28.47,28.47,389.3,398.95
1986-11-18,28.47,28.47,28.47,28.47,394.5,389.6
1986-11-19,28.47,28.47,28.47,28.47,388.5,395.45
1986-11-20,28.47,28.47,28.47,28.47,391.7,388.55
1986-11-21,28.48,28.48,28.48,28.48,379.3,391.9
1986-11-24,28.49,28.49,28.49,28.49,382.4,379.8
1986-11-25,28.49,28.49,28.49,28.49,385.6,383.15
1986-11-26,28.48,28.48,28.48,28.48,387.1,386.2
1986-11-28,28.51,28.51,28.51,28.51,394.8,387.3
1986-12-01,28.51,28.51,28.51,28.51,397.5,395.7
1986-12-02,28.51,28.51,28.51,28.51,392.9,398.0
1986-12-03,28.52,28.52,28.52,28.52,395.8,393.0
1986-12-04,28.52,28.52,28.52,28.52,391.7,396.1
1986-12-05,28.54,28.54,28.54,28.54,392.9,392.1
1986-12-08,28.54,28.54,28.54,28.54,393.7,393.65
1986-12-09,28.52,28.52,28.52,28.52,390.4,394.65
1986-12-10,28.54,28.54,28.54,28.54,393.1,390.4
1986-12-11,28.54,28.54,28.54,28.54,393.7,393.5
1986-12-12,28.54,28.54,28.54,28.54,395.8,394.2
1986-12-15,28.54,28.54,28.54,28.54,398.4,396.55
1986-12-16,28.54,28.54,28.54,28.54,396.3,398.7
1986-12-17,28.55,28.55,28.55,28.55,395.3,397.3
1986-12-18,28.55,28.55,28.55,28.55,397.8,396.15
1986-12-19,28.54,28.54,28.54,28.54,395.8,398.65
1986-12-22,28.53,28.53,28.53,28.53,396.3,396.6
1986-12-23,28.53,28.53,28.53,28.53,391.5,396.55
1986-12-24,28.53,28.53,28.53,28.53,393.0,392.35
1986-12-29,28.53,28.53,28.53,28.53,391.9,393.75
1986-12-30,28.53,28.53,28.53,28.53,392.4,392.6
1986-12-31,28.53,28.53,28.53,28.53,406.9,392.7
1987-01-02,28.54,28.54,28.54,28.54,404.0,407.7
1987-01-05,28.54,28.54,28.54,28.54,405.0,404.15
1987-01-06,28.56,28.56,28.56,28.56,402.2,405.2
1987-01-07,28.56,28.56,28.56,28.56,404.3,402.5
1987-01-08,28.57,28.57,28.57,28.57,403.9,404.75
1987-01-09,28.57,28.57,28.57,28.57,407.5,404.8
1987-01-12,28.57,28.57,28.57,28.57,410.2,407.65
1987-01-13,28.56,28.56,28.56,28.56,412.3,410.5
1987-01-14,28.56,28.56,28.56,28.56,419.2,412.9
1987-01-15,28.56,28.56,28.56,28.56,417.0,419.2
1987-01-16,28.58,28.58,28.58,28.58,417.3,417.8
1987-01-20,28.59,28.59,28.59,28.59,408.2,423.7
1987-01-21,28.59,28.59,28.59,28.59,408.8,409.1
1987-01-22,28.59,28.59,28.59,28.59,408.9,409.35
1987-01-23,28.6,28.6,28.6,28.6,405.3,409.65
1987-01-26,28.6,28.6,28.6,28.6,411.3,405.55
1987-01-27,28.61,28.61,28.61,28.61,419.8,411.4
1987-01-28,28.61,28.61,28.61,28.61,414.7,420.7
1987-01-29,28.61,28.61,28.61,28.61,416.6,415.0
1987-01-30,28.61,28.61,28.61,28.61,408.9,416.65
1987-02-02,28.62,28.62,28.62,28.62,404.8,409.25
1987-02-03,28.62,28.62,28.62,28.62,407.2,405.5
1987-02-04,28.62,28.62,28.62,28.62,406.2,407.25
1987-02-05,28.62,28.62,28.62,28.62,412.0,406.25
1987-02-06,28.63,28.63,28.63,28.63,407.4,412.95
1987-02-09,28.63,28.63,28.63,28.63,407.2,408.1
1987-02-10,28.62,28.62,28.62,28.62,406.2,407.5
1987-02-11,28.62,28.62,28.62,28.62,405.5,407.0
1987-02-12,28.63,28.63,28.63,28.63,398.3,405.95
1987-02-13,28.63,28.63,28.63,28.63,400.7,399.2
1987-02-17,28.64,28.64,28.64,28.64,394.9,401.65
1987-02-18,28.66,28.66,28.66,28.66,395.3,395.6
1987-02-19,28.66,28.66,28.66,28.66,402.7,395.35
1987-02-20,28.69,28.69,28.69,28.69,408.7,402.9
1987-02-23,28.7,28.7,28.7,28.7,404.6,409.4
1987-02-24,28.74,28.74,28.74,28.74,404.6,405.25
1987-02-25,28.75,28.75,28.75,28.75,405.2,405.45
1987-02-26,28.75,28.75,28.75,28.75,408.5,406.1
1987-02-27,28.75,28.75,28.75,28.75,407.4,409.5
1987-03-02,28.76,28.76,28.76,28.76,405.6,408.25
1987-03-03,29.76,29.76,29.76,29.76,409.1,406.4
1987-03-04,28.76,28.76,28.76,28.76,412.2,409.8
1987-03-05,28.76,28.76,28.76,28.76,408.8,412.25
1987-03-06,28.75,28.75,28.75,28.75,407.8,409.55
1987-03-09,28.76,28.76,28.76,28.76,406.5,408.75
1987-03-10,28.77,28.77,28.77,28.77,408.3,407.0
1987-03-11,28.77,28.77,28.77,28.77,408.3,408.85
1987-03-12,28.78,28.78,28.78,28.78,409.9,408.45
1987-03-13,28.78,28.78,28.78,28.78,405.0,410.15
1987-03-16,28.78,28.78,28.78,28.78,406.6,405.35
1987-03-17,28.77,28.77,28.77,28.77,406.8,407.1
1987-03-18,28.77,28.77,28.77,28.77,406.0,407.65
1987-03-19,28.77,28.77,28.77,28.77,406.1,406.4
1987-03-20,28.79,28.79,28.79,28.79,406.3,406.9
1987-03-23,28.79,28.79,28.79,28.79,410.8,406.6
1987-03-24,28.79,28.79,28.79,28.79,414.1,411.0
1987-03-25,28.8,28.8,28.8,28.8,413.3,414.9
1987-03-26,28.8,28.8,28.8,28.8,416.3,413.6
1987-03-27,28.8,28.8,28.8,28.8,427.5,417.05
1987-03-30,28.8,28.8,28.8,28.8,425.9,428.25
1987-03-31,28.8,28.8,28.8,28.8,422.7,426.55
1987-04-01,28.82,28.82,28.82,28.82,422.5,423.3
1987-04-02,28.82,28.82,28.82,28.82,422.2,423.1
1987-04-03,28.82,28.82,28.82,28.82,423.9,422.35
1987-04-06,28.84,28.84,28.84,28.84,422.6,424.35
1987-04-07,28.84,28.84,28.84,28.84,426.2,422.7
1987-04-08,28.87,28.87,28.87,28.87,424.1,426.5
1987-04-09,28.87,28.87,28.87,28.87,436.5,424.7
1987-04-10,28.9,28.9,28.9,28.9,436.7,437.45
1987-04-13,28.9,28.9,28.9,28.9,440.8,437.5
1987-04-14,28.9,28.9,28.9,28.9,454.6,441.05
1987-04-15,28.93,28.93,28.93,28.93,446.5,455.2
1987-04-16,28.95,28.95,28.95,28.95,447.3,447.2
1987-04-20,28.95,28.95,28.95,28.95,456.8,447.85
1987-04-21,28.95,28.95,28.95,28.95,451.0,457.3
1987-04-22,28.95,28.95,28.95,28.95,452.5,451.5
1987-04-23,28.95,28.95,28.95,28.95,463.4,453.25
1987-04-24,28.94,28.94,28.94,28.94,465.5,464.05
1987-04-27,28.94,28.94,28.94,28.94,446.0,466.45
1987-04-28,28.96,28.96,28.96,28.96,454.7,446.35
1987-04-29,28.96,28.96,28.96,28.96,453.5,455.65
1987-04-30,28.96,28.96,28.96,28.96,456.5,454.2
1987-05-01,28.96,28.96,28.96,28.96,459.5,457.05
1987-05-04,28.96,28.96,28.96,28.96,465.2,460.05
1987-05-05,28.96,28.96,28.96,28.96,460.8,465.55
1987-05-06,28.98,28.98,28.98,28.98,460.8,461.25
1987-05-07,28.98,28.98,28.98,28.98,459.6,460.9
1987-05-08,28.98,28.98,28.98,28.98,456.7,460.45
1987-05-11,29.0,29.0,29.0,29.0,457.7,456.75
1987-05-12,29.0,29.0,29.0,29.0,461.5,458.0
1987-05-14,29.0,29.0,29.0,29.0,465.6,461.0
1987-05-15,29.0,29.0,29.0,29.0,476.2,466.4
1987-05-18,29.01,29.01,29.01,29.01,472.8,476.25
1987-05-19,29.01,29.01,29.01,29.01,478.3,473.65
1987-05-20,28.9,28.9,28.9,28.9,473.3,478.4
1987-05-21,29.0,29.0,29.0,29.0,470.3,473.85
1987-05-22,29.0,29.0,29.0,29.0,464.6,470.55
1987-05-26,29.01,29.01,29.01,29.01,451.8,465.05
1987-05-27,29.02,29.02,29.02,29.02,448.5,452.6
1987-05-28,29.02,29.02,29.02,29.02,459.5,449.25
1987-05-29,29.04,29.04,29.04,29.04,456.0,460.45
1987-06-01,29.04,29.04,29.04,29.04,451.6,456.4
1987-06-02,29.07,29.07,29.07,29.07,461.8,452.3
1987-06-03,29.06,29.06,29.06,29.06,455.5,461.95
1987-06-04,29.06,29.06,29.06,29.06,458.2,456.05
1987-06-05,29.09,29.09,29.09,29.09,458.8,458.65
1987-06-08,29.11,29.11,29.11,29.11,454.3,459.45
1987-06-09,29.1,29.1,29.1,29.1,462.8,454.45
1987-06-10,29.1,29.1,29.1,29.1,461.3,463.6
1987-06-11,29.1,29.1,29.1,29.1,468.3,461.6
1987-06-12,29.15,29.15,29.15,29.15,458.9,469.05
1987-06-15,29.19,29.19,29.19,29.19,456.7,458.95
1987-06-16,29.19,29.19,29.19,29.19,451.9,457.2
1987-06-17,29.23,29.23,29.23,29.23,451.8,452.55
1987-06-18,29.22,29.22,29.22,29.22,454.6,452.5
1987-06-19,29.22,29.22,29.22,29.22,448.7,455.35
1987-06-22,29.25,29.25,29.25,29.25,440.8,449.2
1987-06-23,29.25,29.25,29.25,29.25,443.8,440.8
1987-06-24,29.26,29.26,29.26,29.26,446.4,444.75
1987-06-25,29.26,29.26,29.26,29.26,443.8,447.35
1987-06-26,29.27,29.27,29.27,29.27,450.1,444.6
1987-06-29,29.28,29.28,29.28,29.28,449.4,450.55
1987-06-30,29.28,29.28,29.28,29.28,452.2,449.45
1987-07-01,29.28,29.28,29.28,29.28,449.4,452.3
1987-07-02,29.29,29.29,29.29,29.29,448.8,449.95
1987-07-06,29.31,29.31,29.31,29.31,450.3,449.1
1987-07-07,29.3,29.3,29.3,29.3,446.1,451.0
1987-07-08,29.34,29.34,29.34,29.34,446.8,446.75
1987-07-09,29.33,29.33,29.33,29.33,446.8,447.5
1987-07-10,29.33,29.33,29.33,29.33,446.0,446.85
1987-07-13,29.38,29.38,29.38,29.38,448.6,446.2
1987-07-14,29.38,29.38,29.38,29.38,449.5,448.65
1987-07-15,29.41,29.41,29.41,29.41,455.3,450.25
1987-07-16,29.4,29.4,29.4,29.4,455.4,455.35
1987-07-17,29.43,29.43,29.43,29.43,449.3,455.45
1987-07-20,29.47,29.47,29.47,29.47,452.3,449.75
1987-07-21,29.47,29.47,29.47,29.47,453.7,453.05
1987-07-22,29.48,29.48,29.48,29.48,455.7,454.3
1987-07-23,29.48,29.48,29.48,29.48,455.7,456.05
1987-07-24,29.48,29.48,29.48,29.48,454.5,456.45
1987-07-27,29.5,29.5,29.5,29.5,454.2,455.0
1987-07-28,29.5,29.5,29.5,29.5,457.0,454.7
1987-07-29,29.5,29.5,29.5,29.5,468.8,457.9
1987-07-30,29.5,29.5,29.5,29.5,473.3,469.4
1987-07-31,29.5,29.5,29.5,29.5,475.1,473.6
1987-08-03,29.51,29.51,29.51,29.51,488.3,475.15
1987-08-04,29.51,29.51,29.51,29.51,488.9,489.25
1987-08-05,29.55,29.55,29.55,29.55,477.6,489.35
1987-08-06,29.55,29.55,29.55,29.55,478.6,478.5
1987-08-07,29.55,29.55,29.55,29.55,464.8,479.05
1987-08-10,29.59,29.59,29.59,29.59,470.6,465.65
1987-08-11,29.58,29.58,29.58,29.58,474.2,471.05
1987-08-12,29.58,29.58,29.58,29.58,473.0,474.75
1987-08-13,29.59,29.59,29.59,29.59,467.8,473.25
1987-08-14,29.59,29.59,29.59,29.59,461.2,467.95
1987-08-17,29.65,29.65,29.65,29.65,463.1,462.1
1987-08-18,29.65,29.65,29.65,29.65,467.7,463.9
1987-08-19,29.69,29.69,29.69,29.69,467.3,467.7
1987-08-20,29.72,29.72,29.72,29.72,462.2,467.4
1987-08-21,29.76,29.76,29.76,29.76,465.7,462.8
1987-08-24,29.74,29.74,29.74,29.74,469.3,466.3
1987-08-25,29.74,29.74,29.74,29.74,465.8,469.35
1987-08-26,29.74,29.74,29.74,29.74,465.8,466.8
1987-08-27,29.73,29.73,29.73,29.73,463.7,466.65
1987-08-28,29.73,29.73,29.73,29.73,461.3,464.55
1987-08-31,29.77,29.77,29.77,29.77,458.7,461.8
1987-09-01,29.77,29.77,29.77,29.77,462.8,459.3
1987-09-02,29.77,29.77,29.77,29.77,473.4,463.3
1987-09-03,29.77,29.77,29.77,29.77,471.7,474.0
1987-09-04,29.81,29.81,29.81,29.81,470.8,472.15
1987-09-08,29.8,29.8,29.8,29.8,465.5,471.5
1987-09-09,29.8,29.8,29.8,29.8,464.5,465.95
1987-09-10,29.84,29.84,29.84,29.84,470.6,464.8
1987-09-11,29.76,29.76,29.76,29.76,464.3,471.55
1987-09-14,29.83,29.83,29.83,29.83,463.8,464.9
1987-09-15,29.88,29.88,29.88,29.88,465.9,464.3
1987-09-16,29.88,29.88,29.88,29.88,465.1,466.5
1987-09-17,29.88,29.88,29.88,29.88,466.9,465.35
1987-09-18,29.94,29.94,29.94,29.94,465.3,467.7
1987-09-21,29.93,29.93,29.93,29.93,469.3,465.5
1987-09-22,29.98,29.98,29.98,29.98,468.9,470.2
1987-09-23,29.97,29.97,29.97,29.97,468.7,469.8
1987-09-24,29.97,29.97,29.97,29.97,468.7,468.7
1987-09-25,30.03,30.03,30.03,30.03,466.6,469.65
1987-09-28,30.08,30.08,30.08,30.08,466.4,467.0
1987-09-29,30.11,30.11,30.11,30.11,464.4,467.3
1987-09-30,30.14,30.14,30.14,30.14,458.8,465.05
1987-10-01,30.18,30.18,30.18,30.18,459.7,459.35
1987-10-02,30.18,30.18,30.18,30.18,460.3,460.65
1987-10-05,30.25,30.25,30.25,30.25,462.8,460.95
1987-10-06,30.25,30.25,30.25,30.25,462.7,463.15
1987-10-07,30.31,30.31,30.31,30.31,463.4,463.5
1987-10-08,30.29,30.29,30.29,30.29,466.5,463.55
1987-10-09,30.29,30.29,30.29,30.29,466.9,467.2
1987-10-13,30.34,30.34,30.34,30.34,464.0,467.3
1987-10-14,30.34,30.34,30.34,30.34,465.8,464.1
1987-10-15,30.33,30.33,30.33,30.33,467.8,466.3
1987-10-16,30.36,30.36,30.36,30.36,476.3,468.0
1987-10-19,30.36,30.36,30.36,30.36,486.8,476.55
1987-10-20,30.4,30.4,30.4,30.4,467.5,487.3
1987-10-21,30.4,30.4,30.4,30.4,471.7,468.4
1987-10-22,30.4,30.4,30.4,30.4,473.2,471.8
1987-10-23,30.42,30.42,30.42,30.42,476.7,473.4
1987-10-26,30.42,30.42,30.42,30.42,479.4,477.1
1987-10-27,30.44,30.44,30.44,30.44,478.8,479.65
1987-10-28,30.44,30.44,30.44,30.44,480.5,479.8
1987-10-29,30.44,30.44,30.44,30.44,468.7,481.35
1987-10-30,30.47,30.47,30.47,30.47,471.2,469.1
1987-11-02,30.52,30.52,30.52,30.52,472.5,471.7
1987-11-03,30.52,30.52,30.52,30.52,470.6,473.0
1987-11-04,30.52,30.52,30.52,30.52,468.2,471.5
1987-11-05,30.52,30.52,30.52,30.52,459.2,468.3
1987-11-06,30.5,30.5,30.5,30.5,462.1,459.65
1987-11-09,30.5,30.5,30.5,30.5,463.3,462.3
1987-11-10,30.5,30.5,30.5,30.5,462.4,464.2
1987-11-12,30.51,30.51,30.51,30.51,464.7,463.8
1987-11-13,30.5,30.5,30.5,30.5,465.6,465.35
1987-11-16,30.52,30.52,30.52,30.52,464.3,465.7
1987-11-17,30.51,30.51,30.51,30.51,465.8,464.75
1987-11-18,30.51,30.51,30.51,30.51,464.8,466.1
1987-11-19,30.53,30.53,30.53,30.53,465.8,465.5
1987-11-20,30.53,30.53,30.53,30.53,470.3,466.35
1987-11-23,30.54,30.54,30.54,30.54,476.0,470.5
1987-11-24,30.54,30.54,30.54,30.54,475.4,476.95
1987-11-25,30.54,30.54,30.54,30.54,476.9,476.15
1987-11-27,30.53,30.53,30.53,30.53,492.3,476.95
1987-11-30,30.53,30.53,30.53,30.53,497.2,492.8
1987-12-01,30.53,30.53,30.53,30.53,496.2,498.0
1987-12-02,30.55,30.55,30.55,30.55,493.7,496.35
1987-12-03,30.55,30.55,30.55,30.55,493.8,493.7
1987-12-04,30.55,30.55,30.55,30.55,487.8,494.4
1987-12-07,30.57,30.57,30.57,30.57,486.5,488.1
1987-12-08,30.59,30.59,30.59,30.59,488.6,487.2
1987-12-09,30.59,30.59,30.59,30.59,489.4,489.2
1987-12-10,30.61,30.61,30.61,30.61,497.2,489.45
1987-12-11,30.63,30.63,30.63,30.63,502.0,497.65
1987-12-14,30.63,30.63,30.63,30.63,500.4,502.15
1987-12-15,30.65,30.65,30.65,30.65,487.2,501.15
1987-12-16,30.64,30.64,30.64,30.64,490.1,487.95
1987-12-17,30.65,30.65,30.65,30.65,489.7,490.25
1987-12-18,30.65,30.65,30.65,30.65,484.0,490.35
1987-12-21,30.67,30.67,30.67,30.67,483.7,484.7
1987-12-22,30.69,30.69,30.69,30.69,487.9,484.65
1987-12-23,30.69,30.69,30.69,30.69,486.5,488.45
1987-12-24,30.69,30.69,30.69,30.69,489.6,486.9
1987-12-28,30.75,30.75,30.75,30.75,491.1,489.9
1987-12-29,30.75,30.75,30.75,30.75,489.4,491.15
1987-12-30,30.78,30.78,30.78,30.78,485.5,489.5
1987-12-31,30.78,30.78,30.78,30.78,488.9,486.0
1988-01-04,30.82,30.82,30.82,30.82,480.5,489.45
1988-01-05,30.83,30.83,30.83,30.83,483.2,481.45
1988-01-06,30.82,30.82,30.82,30.82,485.3,483.85
1988-01-07,30.82,30.82,30.82,30.82,483.1,485.55
1988-01-08,30.82,30.82,30.82,30.82,485.5,483.15
1988-01-11,30.81,30.81,30.81,30.81,483.6,486.45
1988-01-12,30.81,30.81,30.81,30.81,482.3,483.75
1988-01-13,30.81,30.81,30.81,30.81,481.6,483.25
1988-01-14,30.82,30.82,30.82,30.82,488.2,481.65
1988-01-15,30.82,30.82,30.82,30.82,474.5,488.3
1988-01-19,30.83,30.83,30.83,30.83,478.2,477.1
1988-01-20,30.83,30.83,30.83,30.83,476.8,478.3
1988-01-21,30.82,30.82,30.82,30.82,478.8,476.95
1988-01-22,30.84,30.84,30.84,30.84,477.8,479.55
1988-01-25,30.84,30.84,30.84,30.84,469.5,478.5
1988-01-26,30.84,30.84,30.84,30.84,474.8,470.1
1988-01-27,30.84,30.84,30.84,30.84,472.2,474.95
1988-01-28,30.84,30.84,30.84,30.84,471.5,472.6
1988-01-29,30.84,30.84,30.84,30.84,458.5,471.95
1988-02-01,30.85,30.85,30.85,30.85,458.4,459.0
1988-02-02,30.85,30.85,30.85,30.85,458.3,458.9
1988-02-03,30.85,30.85,30.85,30.85,442.5,458.75
1988-02-04,30.85,30.85,30.85,30.85,448.2,443.0
1988-02-05,30.85,30.85,30.85,30.85,443.2,448.9
1988-02-08,30.86,30.86,30.86,30.86,444.0,443.5
1988-02-09,30.86,30.86,30.86,30.86,444.9,444.3
1988-02-10,30.86,30.86,30.86,30.86,443.9,445.65
1988-02-11,30.86,30.86,30.86,30.86,443.2,444.45
1988-02-12,30.86,30.86,30.86,30.86,448.7,443.45
1988-02-16,30.86,30.86,30.86,30.86,447.6,449.45
1988-02-17,30.87,30.87,30.87,30.87,449.2,448.3
1988-02-18,30.87,30.87,30.87,30.87,445.8,449.95
1988-02-19,30.87,30.87,30.87,30.87,448.0,446.5
1988-02-22,30.87,30.87,30.87,30.87,447.6,448.95
1988-02-23,30.87,30.87,30.87,30.87,444.3,448.6
1988-02-24,30.87,30.87,30.87,30.87,434.1,444.65
1988-02-25,30.87,30.87,30.87,30.87,434.7,434.3
1988-02-26,30.87,30.87,30.87,30.87,431.1,435.0
1988-02-29,30.87,30.87,30.87,30.87,431.9,431.2
1988-03-01,30.87,30.87,30.87,30.87,432.4,432.6
1988-03-02,30.87,30.87,30.87,30.87,432.2,432.45
1988-03-03,30.87,30.87,30.87,30.87,429.1,432.45
1988-03-04,30.89,30.89,30.89,30.89,438.8,430.0
1988-03-07,30.89,30.89,30.89,30.89,438.6,439.15
1988-03-08,30.89,30.89,30.89,30.89,436.6,438.65
1988-03-09,30.89,30.89,30.89,30.89,437.5,437.5
1988-03-10,30.88,30.88,30.88,30.88,444.5,437.6
1988-03-11,30.88,30.88,30.88,30.88,442.6,445.2
1988-03-14,30.88,30.88,30.88,30.88,443.1,442.9
1988-03-15,30.88,30.88,30.88,30.88,447.5,443.95
1988-03-16,30.89,30.89,30.89,30.89,446.5,448.35
1988-03-17,30.89,30.89,30.89,30.89,444.9,447.2
1988-03-18,30.9,30.9,30.9,30.9,445.2,445.6
1988-03-21,30.91,30.91,30.91,30.91,450.2,445.65
1988-03-22,30.91,30.91,30.91,30.91,449.6,450.65
1988-03-23,30.91,30.91,30.91,30.91,452.0,449.65
1988-03-24,30.91,30.91,30.91,30.91,454.3,452.8
1988-03-25,30.91,30.91,30.91,30.91,453.3,454.9
1988-03-28,30.91,30.91,30.91,30.91,455.9,453.85
1988-03-29,30.91,30.91,30.91,30.91,459.8,455.95
1988-03-30,30.91,30.91,30.91,30.91,461.3,460.1
1988-03-31,30.92,30.92,30.92,30.92,457.9,461.6
1988-04-04,30.91,30.91,30.91,30.91,459.5,458.15
1988-04-05,30.92,30.92,30.92,30.92,456.2,459.9
1988-04-06,30.92,30.92,30.92,30.92,451.3,456.65
1988-04-07,30.93,30.93,30.93,30.93,452.7,451.9
1988-04-08,30.93,30.93,30.93,30.93,453.7,453.5
1988-04-11,30.93,30.93,30.93,30.93,454.7,454.1
1988-04-12,30.93,30.93,30.93,30.93,453.7,455.5
1988-04-13,30.93,30.93,30.93,30.93,449.6,453.75
1988-04-14,30.94,30.94,30.94,30.94,456.5,450.35
1988-04-15,30.94,30.94,30.94,30.94,458.5,456.8
1988-04-18,30.94,30.94,30.94,30.94,461.7,459.0
1988-04-19,30.94,30.94,30.94,30.94,460.4,461.95
1988-04-20,30.94,30.94,30.94,30.94,459.0,461.05
1988-04-21,30.94,30.94,30.94,30.94,457.2,459.6
1988-04-22,30.94,30.94,30.94,30.94,452.4,457.85
1988-04-25,30.96,30.96,30.96,30.96,450.1,453.05
1988-04-26,30.97,30.97,30.97,30.97,451.3,450.95
1988-04-27,30.97,30.97,30.97,30.97,454.3,451.7
1988-04-28,30.96,30.96,30.96,30.96,452.6,455.2
1988-04-29,30.96,30.96,30.96,30.96,452.6,453.15
1988-05-02,30.96,30.96,30.96,30.96,447.2,453.25
1988-05-03,30.98,30.98,30.98,30.98,445.1,447.4
1988-05-04,30.98,30.98,30.98,30.98,446.6,445.9
1988-05-05,30.98,30.98,30.98,30.98,447.0,446.6
1988-05-06,30.98,30.98,30.98,30.98,445.3,447.25
1988-05-09,30.98,30.98,30.98,30.98,448.8,446.0
1988-05-10,30.98,30.98,30.98,30.98,451.6,449.1
1988-05-11,30.98,30.98,30.98,30.98,451.2,452.1
1988-05-12,30.99,30.99,30.99,30.99,453.3,451.35
1988-05-13,30.99,30.99,30.99,30.99,453.7,453.3
1988-05-16,30.99,30.99,30.99,30.99,456.0,454.0
1988-05-17,30.99,30.99,30.99,30.99,456.4,456.5
1988-05-18,30.99,30.99,30.99,30.99,458.1,456.45
1988-05-19,31.01,31.01,31.01,31.01,458.2,458.2
1988-05-20,31.01,31.01,31.01,31.01,458.7,459.15
1988-05-23,31.01,31.01,31.01,31.01,462.8,459.55
1988-05-24,31.01,31.01,31.01,31.01,461.1,463.35
1988-05-25,31.02,31.02,31.02,31.02,454.8,461.85
1988-05-26,31.01,31.01,31.01,31.01,458.7,455.75
1988-05-27,31.01,31.01,31.01,31.01,456.0,458.95
1988-05-31,31.01,31.01,31.01,31.01,459.8,456.45
1988-06-01,31.03,31.03,31.03,31.03,462.4,460.3
1988-06-02,31.04,31.04,31.04,31.04,471.5,463.2
1988-06-03,31.04,31.04,31.04,31.04,469.3,472.1
1988-06-06,31.07,31.07,31.07,31.07,468.1,470.2
1988-06-07,31.06,31.06,31.06,31.06,464.8,469.0
1988-06-08,31.06,31.06,31.06,31.06,460.7,465.3
1988-06-09,31.07,31.07,31.07,31.07,461.7,460.95
1988-06-10,31.07,31.07,31.07,31.07,453.3,462.15
1988-06-13,31.08,31.08,31.08,31.08,453.8,453.95
1988-06-14,31.09,31.09,31.09,31.09,454.6,454.0
1988-06-15,31.09,31.09,31.09,31.09,455.8,455.15
1988-06-16,31.09,31.09,31.09,31.09,453.9,456.05
1988-06-17,31.09,31.09,31.09,31.09,458.3,454.75
1988-06-20,31.11,31.11,31.11,31.11,454.5,459.15
1988-06-21,31.14,31.14,31.14,31.14,455.4,455.2
1988-06-22,31.17,31.17,31.17,31.17,453.0,456.25
1988-06-23,31.18,31.18,31.18,31.18,450.9,453.1
1988-06-24,31.18,31.18,31.18,31.18,446.0,450.95
1988-06-27,31.3,31.3,31.3,31.3,445.9,446.4
1988-06-28,31.33,31.33,31.33,31.33,440.5,446.7
1988-06-29,31.33,31.33,31.33,31.33,438.3,440.6
1988-06-30,31.33,31.33,31.33,31.33,437.7,439.15
1988-07-01,31.48,31.48,31.48,31.48,439.6,438.15
1988-07-05,31.54,31.54,31.54,31.54,440.3,440.45
1988-07-06,31.59,31.59,31.59,31.59,440.7,440.85
1988-07-07,31.62,31.62,31.62,31.62,441.1,441.5
1988-07-08,31.64,31.64,31.64,31.64,441.0,441.8
1988-07-11,31.7,31.7,31.7,31.7,436.4,441.7
1988-07-12,31.74,31.74,31.74,31.74,438.7,436.7
1988-07-13,31.77,31.77,31.77,31.77,441.8,439.5
1988-07-14,31.81,31.81,31.81,31.81,439.9,441.95
1988-07-15,31.86,31.86,31.86,31.86,441.3,440.25
1988-07-18,31.94,31.94,31.94,31.94,438.8,441.35
1988-07-19,31.94,31.94,31.94,31.94,447.5,439.65
1988-07-20,31.97,31.97,31.97,31.97,445.7,447.55
1988-07-21,32.0,32.0,32.0,32.0,442.7,446.65
1988-07-22,31.99,31.99,31.99,31.99,442.9,442.7
1988-07-25,31.99,31.99,31.99,31.99,426.6,443.2
1988-07-26,32.02,32.02,32.02,32.02,431.7,427.15
1988-07-27,32.04,32.04,32.04,32.04,444.5,431.95
1988-07-28,32.04,32.04,32.04,32.04,443.8,445.1
1988-07-29,32.02,32.02,32.02,32.02,447.3,443.95
1988-08-01,32.09,32.09,32.09,32.09,445.6,448.25
1988-08-02,32.07,32.07,32.07,32.07,442.5,446.35
1988-08-03,32.12,32.12,32.12,32.12,444.3,442.75
1988-08-04,32.12,32.12,32.12,32.12,443.8,444.4
1988-08-05,32.15,32.15,32.15,32.15,442.6,444.65
1988-08-08,32.24,32.24,32.24,32.24,440.8,443.25
1988-08-09,32.25,32.25,32.25,32.25,437.8,441.55
1988-08-10,32.33,32.33,32.33,32.33,439.4,438.25
1988-08-11,32.37,32.37,32.37,32.37,439.2,440.05
1988-08-12,32.36,32.36,32.36,32.36,441.2,439.55
1988-08-15,32.4,32.4,32.4,32.4,442.9,441.8
1988-08-16,32.43,32.43,32.43,32.43,438.8,443.3
1988-08-17,32.47,32.47,32.47,32.47,440.9,439.3
1988-08-18,32.54,32.54,32.54,32.54,442.1,441.6
1988-08-19,32.64,32.64,32.64,32.64,441.4,442.25
1988-08-22,32.73,32.73,32.73,32.73,443.2,441.9
1988-08-23,32.83,32.83,32.83,32.83,441.8,443.8
1988-08-24,32.92,32.92,32.92,32.92,444.4,442.55
1988-08-25,32.92,32.92,32.92,32.92,442.2,444.55
1988-08-26,32.92,32.92,32.92,32.92,441.4,442.9
1988-08-29,32.92,32.92,32.92,32.92,438.7,442.0
1988-08-30,32.89,32.89,32.89,32.89,437.7,439.0
1988-08-31,32.88,32.88,32.88,32.88,439.9,438.2
1988-09-01,32.96,32.96,32.96,32.96,438.7,440.35
1988-09-02,32.97,32.97,32.97,32.97,437.4,438.7
1988-09-06,32.96,32.96,32.96,32.96,434.8,437.85
1988-09-07,32.96,32.96,32.96,32.96,435.7,435.25
1988-09-08,32.96,32.96,32.96,32.96,436.3,436.1
1988-09-09,32.96,32.96,32.96,32.96,428.5,436.5
1988-09-12,32.96,32.96,32.96,32.96,428.0,428.75
1988-09-13,32.97,32.97,32.97,32.97,428.2,428.05
1988-09-14,32.97,32.97,32.97,32.97,428.0,429.15
1988-09-15,33.0,33.0,33.0,33.0,425.0,428.6
1988-09-16,32.99,32.99,32.99,32.99,418.2,425.3
1988-09-19,32.33,32.33,32.33,32.33,415.4,419.0
1988-09-20,33.0,33.0,33.0,33.0,411.3,416.1
1988-09-21,33.0,33.0,33.0,33.0,404.0,412.1
1988-09-22,33.01,33.01,33.01,33.01,404.6,404.75
1988-09-23,33.01,33.01,33.01,33.01,399.3,404.7
1988-09-26,33.01,33.01,33.01,33.01,400.3,400.2
1988-09-27,33.01,33.01,33.01,33.01,402.5,400.4
1988-09-28,33.01,33.01,33.01,33.01,403.4,402.9
1988-09-29,33.0,33.0,33.0,33.0,401.6,404.0
1988-09-30,33.01,33.01,33.01,33.01,399.2,402.45
1988-10-03,33.0,33.0,33.0,33.0,402.2,399.95
1988-10-04,33.0,33.0,33.0,33.0,402.7,402.6
1988-10-05,33.01,33.01,33.01,33.01,405.3,402.95
1988-10-06,33.0,33.0,33.0,33.0,408.0,406.15
1988-10-07,33.01,33.01,33.01,33.01,407.3,408.95
1988-10-11,33.0,33.0,33.0,33.0,408.4,412.95
1988-10-12,33.0,33.0,33.0,33.0,412.2,408.75
1988-10-13,33.0,33.0,33.0,33.0,410.4,412.8
1988-10-14,33.0,33.0,33.0,33.0,412.5,410.5
1988-10-17,32.98,32.98,32.98,32.98,415.5,412.65
1988-10-18,32.98,32.98,32.98,32.98,415.1,416.45
1988-10-19,32.98,32.98,32.98,32.98,414.7,415.75
1988-10-20,32.99,32.99,32.99,32.99,415.4,415.55
1988-10-21,32.98,32.98,32.98,32.98,411.5,415.8
1988-10-24,32.98,32.98,32.98,32.98,408.8,412.35
1988-10-25,32.98,32.98,32.98,32.98,409.4,409.4
1988-10-26,32.99,32.99,32.99,32.99,411.1,410.0
1988-10-27,32.99,32.99,32.99,32.99,410.1,411.85
1988-10-28,32.99,32.99,32.99,32.99,414.9,410.85
1988-10-31,32.95,32.95,32.95,32.95,415.1,415.4
1988-11-01,32.99,32.99,32.99,32.99,414.0,415.95
1988-11-02,32.99,32.99,32.99,32.99,424.2,414.6
1988-11-03,32.99,32.99,32.99,32.99,423.7,424.45
1988-11-04,32.99,32.99,32.99,32.99,423.5,423.8
1988-11-07,32.99,32.99,32.99,32.99,424.7,423.65
1988-11-08,32.99,32.99,32.99,32.99,421.2,425.35
1988-11-09,32.99,32.99,32.99,32.99,424.7,421.2
1988-11-10,32.99,32.99,32.99,32.99,420.5,425.4
1988-11-14,32.99,32.99,32.99,32.99,425.2,423.9
1988-11-15,32.99,32.99,32.99,32.99,425.6,425.4
1988-11-16,32.99,32.99,32.99,32.99,425.6,426.25
1988-11-17,32.98,32.98,32.98,32.98,421.1,425.7
1988-11-18,32.99,32.99,32.99,32.99,418.1,421.45
1988-11-21,32.99,32.99,32.99,32.99,416.5,418.6
1988-11-22,32.99,32.99,32.99,32.99,418.1,417.0
1988-11-28,32.99,32.99,32.99,32.99,423.3,420.6
1988-11-29,32.99,32.99,32.99,32.99,427.1,423.55
1988-11-30,32.99,32.99,32.99,32.99,429.6,427.15
1988-12-01,32.99,32.99,32.99,32.99,428.6,430.5
1988-12-02,32.99,32.99,32.99,32.99,436.7,429.0
1988-12-05,32.98,32.98,32.98,32.98,434.2,437.55
1988-12-06,32.99,32.99,32.99,32.99,432.6,435.05
1988-12-07,33.0,33.0,33.0,33.0,427.7,432.95
1988-12-08,33.02,33.02,33.02,33.02,426.7,428.6
1988-12-09,33.02,33.02,33.02,33.02,427.6,427.65
1988-12-12,33.02,33.02,33.02,33.02,424.6,428.5
1988-12-13,33.02,33.02,33.02,33.02,424.1,424.7
1988-12-14,33.02,33.02,33.02,33.02,425.7,424.85
1988-12-15,33.02,33.02,33.02,33.02,416.6,425.7
1988-12-16,33.03,33.03,33.03,33.03,417.6,416.75
1988-12-19,33.02,33.02,33.02,33.02,418.0,418.3
1988-12-20,33.03,33.03,33.03,33.03,417.5,418.15
1988-12-21,33.03,33.03,33.03,33.03,418.8,418.4
1988-12-22,33.03,33.03,33.03,33.03,421.3,419.75
1988-12-23,33.04,33.04,33.04,33.04,421.6,421.95
1988-12-27,33.04,33.04,33.04,33.04,420.9,422.25
1988-12-28,33.05,33.05,33.05,33.05,416.6,421.4
1988-12-29,33.01,33.01,33.01,33.01,410.5,416.7
1988-12-30,33.05,33.05,33.05,33.05,412.3,410.6
1989-01-03,33.06,33.06,33.06,33.06,413.4,413.1
1989-01-04,33.07,33.07,33.07,33.07,411.0,413.7
1989-01-05,33.07,33.07,33.07,33.07,410.1,411.75
1989-01-06,33.09,33.09,33.09,33.09,408.1,410.35
1989-01-09,33.09,33.09,33.09,33.09,406.7,408.55
1989-01-10,33.1,33.1,33.1,33.1,405.6,407.4
1989-01-11,33.1,33.1,33.1,33.1,405.2,406.55
1989-01-12,33.1,33.1,33.1,33.1,405.8,405.95
1989-01-13,33.13,33.13,33.13,33.13,403.5,406.4
1989-01-17,33.16,33.16,33.16,33.16,404.0,403.95
1989-01-18,33.17,33.17,33.17,33.17,403.3,404.9
1989-01-19,33.18,33.18,33.18,33.18,404.5,404.2
1989-01-20,33.17,33.17,33.17,33.17,409.3,404.65
1989-01-23,33.16,33.16,33.16,33.16,408.5,409.75
1989-01-24,33.15,33.15,33.15,33.15,406.3,408.95
1989-01-25,33.17,33.17,33.17,33.17,406.4,406.6
1989-01-26,33.16,33.16,33.16,33.16,403.2,407.4
1989-01-27,33.18,33.18,33.18,33.18,400.2,403.45
1989-01-30,33.19,33.19,33.19,33.19,399.6,400.75
1989-01-31,33.19,33.19,33.19,33.19,395.8,400.45
1989-02-01,33.17,33.17,33.17,33.17,397.2,396.35
1989-02-02,33.17,33.17,33.17,33.17,395.9,397.9
1989-02-03,33.17,33.17,33.17,33.17,396.3,396.05
1989-02-06,33.18,33.18,33.18,33.18,396.9,396.65
1989-02-07,33.18,33.18,33.18,33.18,395.5,397.45
1989-02-08,33.18,33.18,33.18,33.18,399.1,396.5
1989-02-09,33.18,33.18,33.18,33.18,398.0,400.0
1989-02-10,33.18,33.18,33.18,33.18,391.7,398.55
1989-02-13,33.15,33.15,33.15,33.15,389.7,392.65
1989-02-14,33.11,33.11,33.11,33.11,389.0,390.25
1989-02-15,33.1,33.1,33.1,33.1,388.2,389.7
1989-02-17,33.06,33.06,33.06,33.06,384.3,387.3
1989-02-21,33.07,33.07,33.07,33.07,389.4,385.25
1989-02-22,33.05,33.05,33.05,33.05,390.2,390.35
1989-02-23,33.03,33.03,33.03,33.03,394.0,390.6
1989-02-24,33.03,33.03,33.03,33.03,392.6,394.9
1989-02-27,33.03,33.03,33.03,33.03,389.8,393.0
1989-02-28,33.07,33.07,33.07,33.07,390.4,390.45
1989-03-01,33.1,33.1,33.1,33.1,387.1,391.0
1989-03-02,33.12,33.12,33.12,33.12,386.6,387.45
1989-03-03,33.15,33.15,33.15,33.15,389.3,387.0
1989-03-06,33.15,33.15,33.15,33.15,390.5,389.65
1989-03-07,33.18,33.18,33.18,33.18,395.7,391.1
1989-03-08,33.22,33.22,33.22,33.22,395.4,396.45
1989-03-09,33.23,33.23,33.23,33.23,397.3,395.7
1989-03-10,33.27,33.27,33.27,33.27,396.5,397.55
1989-03-13,33.29,33.29,33.29,33.29,396.4,396.9
1989-03-14,33.34,33.34,33.34,33.34,398.1,396.75
1989-03-15,33.37,33.37,33.37,33.37,393.8,398.3
1989-03-16,33.39,33.39,33.39,33.39,391.3,394.6
1989-03-17,33.44,33.44,33.44,33.44,395.0,392.0
1989-03-20,33.5,33.5,33.5,33.5,397.4,395.2
1989-03-21,33.5,33.5,33.5,33.5,395.6,398.25
1989-03-22,33.54,33.54,33.54,33.54,400.2,396.0
1989-03-23,33.58,33.58,33.58,33.58,393.4,400.25
1989-03-27,33.67,33.67,33.67,33.67,396.4,393.8
1989-03-28,33.72,33.72,33.72,33.72,388.0,396.5
1989-03-29,33.77,33.77,33.77,33.77,387.5,388.45
1989-03-30,33.82,33.82,33.82,33.82,386.2,387.95
1989-03-31,33.87,33.87,33.87,33.87,390.0,386.85
1989-04-03,33.92,33.92,33.92,33.92,391.1,390.45
1989-04-04,33.94,33.94,33.94,33.94,390.9,392.05
1989-04-05,33.97,33.97,33.97,33.97,388.6,391.45
1989-04-06,33.98,33.98,33.98,33.98,388.7,389.0
1989-04-07,34.02,34.02,34.02,34.02,388.0,388.7
1989-04-10,34.03,34.03,34.03,34.03,390.3,388.7
1989-04-11,34.03,34.03,34.03,34.03,389.9,391.2
1989-04-12,34.04,34.04,34.04,34.04,392.1,390.2
1989-04-13,34.04,34.04,34.04,34.04,394.2,392.55
1989-04-14,34.04,34.04,34.04,34.04,389.8,394.9
1989-04-17,34.04,34.04,34.04,34.04,390.1,390.4
1989-04-18,34.05,34.05,34.05,34.05,387.4,390.85
1989-04-19,34.04,34.04,34.04,34.04,387.1,387.4
1989-04-20,34.04,34.04,34.04,34.04,389.3,387.9
1989-04-21,34.04,34.04,34.04,34.04,388.2,389.35
1989-04-24,34.05,34.05,34.05,34.05,391.0,389.05
1989-04-25,34.05,34.05,34.05,34.05,388.8,391.65
1989-04-26,34.04,34.04,34.04,34.04,388.2,389.3
1989-04-27,34.05,34.05,34.05,34.05,386.1,389.05
1989-04-28,34.06,34.06,34.06,34.06,380.5,386.85
1989-05-01,34.06,34.06,34.06,34.06,380.7,381.2
1989-05-02,34.12,34.12,34.12,34.12,380.1,381.55
1989-05-03,34.16,34.16,34.16,34.16,380.4,380.75
1989-05-04,34.17,34.17,34.17,34.17,379.6,380.95
1989-05-08,34.17,34.17,34.17,34.17,378.4,380.0
1989-05-09,34.19,34.19,34.19,34.19,380.3,378.85
1989-05-10,34.17,34.17,34.17,34.17,379.0,380.45
1989-05-11,34.17,34.17,34.17,34.17,382.1,379.4
1989-05-12,34.16,34.16,34.16,34.16,378.9,383.0
1989-05-15,34.15,34.15,34.15,34.15,376.5,379.3
1989-05-16,34.16,34.16,34.16,34.16,376.2,377.45
1989-05-17,34.17,34.17,34.17,34.17,373.9,376.8
1989-05-18,34.18,34.18,34.18,34.18,370.3,374.65
1989-05-19,34.16,34.16,34.16,34.16,366.6,370.3
1989-05-22,34.16,34.16,34.16,34.16,363.7,367.0
1989-05-23,34.15,34.15,34.15,34.15,364.3,363.85
1989-05-24,34.14,34.14,34.14,34.14,364.7,364.5
1989-05-25,34.12,34.12,34.12,34.12,367.2,365.7
1989-05-26,34.12,34.12,34.12,34.12,365.9,367.3
1989-05-30,34.11,34.11,34.11,34.11,369.7,366.6
1989-05-31,34.1,34.1,34.1,34.1,366.5,370.4
1989-06-01,34.1,34.1,34.1,34.1,367.3,366.85
1989-06-02,34.11,34.11,34.11,34.11,371.9,368.05
1989-06-05,34.12,34.12,34.12,34.12,370.8,372.15
1989-06-06,34.13,34.13,34.13,34.13,383.2,371.6
1989-06-07,34.15,34.15,34.15,34.15,380.8,383.6
1989-06-08,34.18,34.18,34.18,34.18,378.1,381.2
1989-06-09,34.2,34.2,34.2,34.2,362.0,378.65
1989-06-12,34.24,34.24,34.24,34.24,365.8,362.15
1989-06-13,34.29,34.29,34.29,34.29,366.8,366.8
1989-06-14,34.32,34.32,34.32,34.32,367.5,367.1
1989-06-15,36.75,36.75,36.75,36.75,370.7,367.55
1989-06-16,34.4,34.4,34.4,34.4,368.8,371.55
1989-06-19,34.41,34.41,34.41,34.41,370.6,368.85
1989-06-20,34.41,34.41,34.41,34.41,369.6,371.2
1989-06-21,34.41,34.41,34.41,34.41,375.7,369.9
1989-06-22,34.42,34.42,34.42,34.42,374.2,375.85
1989-06-23,34.42,34.42,34.42,34.42,381.8,374.8
1989-06-26,34.42,34.42,34.42,34.42,378.3,382.7
1989-06-27,34.47,34.47,34.47,34.47,379.8,379.2
1989-06-28,34.51,34.51,34.51,34.51,379.2,380.7
1989-06-29,34.52,34.52,34.52,34.52,373.9,379.7
1989-06-30,34.52,34.52,34.52,34.52,377.3,373.95
1989-07-03,34.54,34.54,34.54,34.54,381.1,378.05
1989-07-05,34.58,34.58,34.58,34.58,388.4,382.1
1989-07-06,34.6,34.6,34.6,34.6,388.6,389.2
1989-07-07,34.6,34.6,34.6,34.6,385.7,388.75
1989-07-10,34.62,34.62,34.62,34.62,386.6,386.45
1989-07-11,34.64,34.64,34.64,34.64,383.3,386.65
1989-07-12,34.66,34.66,34.66,34.66,380.4,384.15
1989-07-13,34.68,34.68,34.68,34.68,378.5,381.2
1989-07-17,34.71,34.71,34.71,34.71,372.2,372.95
1989-07-18,34.71,34.71,34.71,34.71,373.8,372.35
1989-07-19,34.76,34.76,34.76,34.76,369.3,374.7
1989-07-20,34.8,34.8,34.8,34.8,372.2,369.65
1989-07-21,34.84,34.84,34.84,34.84,373.0,372.45
1989-07-24,34.92,34.92,34.92,34.92,373.9,373.6
1989-07-25,34.97,34.97,34.97,34.97,382.6,374.9
1989-07-26,35.02,35.02,35.02,35.02,375.0,383.15
1989-07-27,35.02,35.02,35.02,35.02,382.0,375.5
1989-07-31,35.12,35.12,35.12,35.12,378.7,376.05
1989-08-01,35.27,35.27,35.27,35.27,378.8,378.9
1989-08-02,35.52,35.52,35.52,35.52,377.8,379.3
1989-08-03,35.77,35.77,35.77,35.77,381.4,378.5
1989-08-07,35.6,35.6,35.6,35.6,373.4,375.75
1989-08-08,35.82,35.82,35.82,35.82,373.6,373.6
1989-08-09,35.82,35.82,35.82,35.82,373.9,373.95
1989-08-10,35.82,35.82,35.82,35.82,374.2,374.7
1989-08-11,36.02,36.02,36.02,36.02,371.4,374.7
1989-08-14,36.02,36.02,36.02,36.02,373.2,371.55
1989-08-17,36.1,36.1,36.1,36.1,374.6,374.85
1989-08-18,36.17,36.17,36.17,36.17,373.9,375.1
1989-08-21,36.27,36.27,36.27,36.27,374.5,374.25
1989-08-22,36.32,36.32,36.32,36.32,374.5,375.1
1989-08-23,36.37,36.37,36.37,36.37,371.9,374.95
1989-08-24,36.52,36.52,36.52,36.52,370.6,372.85
1989-08-25,36.77,36.77,36.77,36.77,366.7,370.65
1989-08-28,36.7,36.7,36.7,36.7,366.0,367.35
1989-09-01,38.05,38.05,38.05,38.05,366.1,365.55
1989-09-05,38.22,38.22,38.22,38.22,365.1,366.85
1989-09-06,38.72,38.72,38.72,38.72,367.4,365.4
1989-09-08,39.02,39.02,39.02,39.02,365.0,366.2
1989-09-11,39.17,39.17,39.17,39.17,364.6,365.8
1989-09-12,39.32,39.32,39.32,39.32,364.8,364.65
1989-09-13,39.82,39.82,39.82,39.82,365.0,365.7
1989-09-14,39.82,39.82,39.82,39.82,365.5,365.2
1989-09-18,40.02,40.02,40.02,40.02,366.5,369.4
1989-09-19,40.02,40.02,40.02,40.02,366.2,367.1
1989-09-20,40.02,40.02,40.02,40.02,370.1,366.7
1989-09-21,40.02,40.02,40.02,40.02,370.3,370.1
1989-09-22,40.02,40.02,40.02,40.02,370.7,370.65
1989-09-25,40.02,40.02,40.02,40.02,374.6,371.3
1989-09-26,40.02,40.02,40.02,40.02,373.1,375.35
1989-09-27,40.02,40.02,40.02,40.02,372.3,373.15
1989-09-28,40.02,40.02,40.02,40.02,372.8,372.35
1989-09-29,40.02,40.02,40.02,40.02,372.0,373.05
1989-10-02,40.02,40.02,40.02,40.02,372.1,372.3
1989-10-03,40.02,40.02,40.02,40.02,371.4,372.65
1989-10-04,40.02,40.02,40.02,40.02,371.5,372.35
1989-10-05,40.02,40.02,40.02,40.02,367.9,371.7
1989-10-06,40.02,40.02,40.02,40.02,368.2,368.7
1989-10-10,40.02,40.02,40.02,40.02,365.2,368.25
1989-10-11,40.02,40.02,40.02,40.02,366.1,366.15
1989-10-12,40.02,40.02,40.02,40.02,367.4,366.75
1989-10-13,40.02,40.02,40.02,40.02,367.3,368.2
1989-10-16,40.02,40.02,40.02,40.02,371.2,368.0
1989-10-17,40.02,40.02,40.02,40.02,371.2,371.8
1989-10-18,40.02,40.02,40.02,40.02,372.4,372.2
1989-10-19,40.02,40.02,40.02,40.02,370.6,373.1
1989-10-20,40.02,40.02,40.02,40.02,370.6,371.55
1989-10-23,40.02,40.02,40.02,40.02,370.2,371.25
1989-10-24,40.02,40.02,40.02,40.02,373.4,371.1
1989-10-25,40.02,40.02,40.02,40.02,372.3,373.7
1989-10-26,40.02,40.02,40.02,40.02,375.4,373.25
1989-10-27,40.02,40.02,40.02,40.02,381.2,375.85
1989-10-30,40.02,40.02,40.02,40.02,380.8,381.55
1989-10-31,40.02,40.02,40.02,40.02,377.6,381.2
1989-11-02,40.02,40.02,40.02,40.02,382.9,377.5
1989-11-03,40.02,40.02,40.02,40.02,381.0,383.2
1989-11-06,40.02,40.02,40.02,40.02,383.8,381.5
1989-11-07,40.02,40.02,40.02,40.02,388.4,384.65
1989-11-08,40.02,40.02,40.02,40.02,390.8,389.35
1989-11-09,40.02,40.02,40.02,40.02,389.0,391.7
1989-11-10,40.02,40.02,40.02,40.02,388.6,389.85
1989-11-13,40.0,40.0,40.0,40.0,392.7,389.45
1989-11-14,40.02,40.02,40.02,40.02,394.9,393.05
1989-11-15,40.02,40.02,40.02,40.02,392.8,395.15
1989-11-16,40.02,40.02,40.02,40.02,392.7,393.15
1989-11-17,40.02,40.02,40.02,40.02,395.8,393.2
1989-11-20,40.02,40.02,40.02,40.02,399.3,395.95
1989-11-21,40.02,40.02,40.02,40.02,404.4,399.65
1989-11-22,40.02,40.02,40.02,40.02,411.6,405.4
1989-11-24,40.02,40.02,40.02,40.02,419.3,412.3
1989-11-27,40.02,40.02,40.02,40.02,414.1,419.45
1989-11-28,40.02,40.02,40.02,40.02,419.4,415.1
1989-11-29,40.02,40.02,40.02,40.02,415.5,419.85
1989-11-30,40.02,40.02,40.02,40.02,417.5,415.9
1989-12-01,40.02,40.02,40.02,40.02,419.3,417.55
1989-12-04,40.02,40.02,40.02,40.02,406.6,419.75
1989-12-05,40.02,40.02,40.02,40.02,408.9,407.45
1989-12-06,40.02,40.02,40.02,40.02,410.1,409.5
1989-12-07,40.02,40.02,40.02,40.02,415.0,410.65
1989-12-08,40.02,40.02,40.02,40.02,416.8,415.85
1989-12-11,40.02,40.02,40.02,40.02,421.8,417.5
1989-12-12,40.02,40.02,40.02,40.02,422.8,422.2
1989-12-13,40.02,40.02,40.02,40.02,412.9,423.5
1989-12-14,40.02,40.02,40.02,40.02,412.8,413.45
1989-12-15,40.02,40.02,40.02,40.02,418.3,413.2
1989-12-18,40.02,40.02,40.02,40.02,416.1,419.1
1989-12-19,40.02,40.02,40.02,40.02,416.1,416.95
1989-12-20,40.02,40.02,40.02,40.02,417.5,416.25
1989-12-21,40.02,40.02,40.02,40.02,415.5,418.35
1989-12-22,40.02,40.02,40.02,40.02,416.7,416.2
1989-12-26,40.02,40.02,40.02,40.02,410.1,417.5
1989-12-27,40.02,40.02,40.02,40.02,403.8,411.05
1989-12-28,40.02,40.02,40.02,40.02,401.4,403.95
1990-01-02,40.02,40.02,40.02,40.02,402.1,406.0
1990-01-03,40.02,40.02,40.02,40.02,396.4,403.0
1990-01-04,40.02,40.02,40.02,40.02,400.8,397.25
1990-01-05,40.02,40.02,40.02,40.02,408.5,401.15
1990-01-08,40.02,40.02,40.02,40.02,405.0,409.25
1990-01-09,40.02,40.02,40.02,40.02,406.2,405.25
1990-01-10,40.02,40.02,40.02,40.02,414.2,406.75
1990-01-11,40.02,40.02,40.02,40.02,415.6,414.6
1990-01-12,40.02,40.02,40.02,40.02,414.7,415.65
1990-01-16,40.02,40.02,40.02,40.02,412.2,415.95
1990-01-17,40.02,40.02,40.02,40.02,413.7,412.75
1990-01-18,40.02,40.02,40.02,40.02,411.2,413.7
1990-01-19,40.02,40.02,40.02,40.02,410.9,411.75
1990-01-22,40.02,40.02,40.02,40.02,408.0,411.65
1990-01-23,40.02,40.02,40.02,40.02,413.7,408.6
1990-01-24,40.02,40.02,40.02,40.02,417.7,414.6
1990-01-25,40.02,40.02,40.02,40.02,416.3,418.5
1990-01-26,40.02,40.02,40.02,40.02,420.3,417.05
1990-01-29,40.02,40.02,40.02,40.02,425.1,420.95
1990-01-30,40.02,40.02,40.02,40.02,423.9,425.3
1990-01-31,40.02,40.02,40.02,40.02,417.8,424.6
1990-02-01,40.02,40.02,40.02,40.02,423.3,418.8
1990-02-02,40.02,40.02,40.02,40.02,423.4,424.05
1990-02-05,40.02,40.02,40.02,40.02,427.5,424.0
1990-02-06,40.02,40.02,40.02,40.02,426.4,427.6
1990-02-07,40.02,40.02,40.02,40.02,423.1,426.65
1990-02-08,40.02,40.02,40.02,40.02,423.5,423.1
1990-02-09,40.02,40.02,40.02,40.02,420.6,423.75
1990-02-12,40.02,40.02,40.02,40.02,423.6,420.95
1990-02-13,40.02,40.02,40.02,40.02,422.0,423.6
1990-02-14,40.02,40.02,40.02,40.02,420.7,422.05
1990-02-15,40.02,40.02,40.02,40.02,416.2,421.45
1990-02-16,40.02,40.02,40.02,40.02,420.8,416.95
1990-02-20,40.02,40.02,40.02,40.02,423.6,421.65
1990-02-21,40.02,40.02,40.02,40.02,421.6,423.7
1990-02-22,40.02,40.02,40.02,40.02,419.0,421.8
1990-02-23,40.02,40.02,40.02,40.02,418.2,419.6
1990-02-26,40.02,40.02,40.02,40.02,411.8,418.8
1990-02-27,40.02,40.02,40.02,40.02,411.0,412.65
1990-02-28,40.02,40.02,40.02,40.02,408.9,411.05
1990-03-01,40.02,40.02,40.02,40.02,409.0,409.05
1990-03-02,40.02,40.02,40.02,40.02,405.6,409.55
1990-03-05,40.02,40.02,40.02,40.02,406.6,406.4
1990-03-06,40.02,40.02,40.02,40.02,406.1,407.4
1990-03-07,40.02,40.02,40.02,40.02,402.3,406.6
1990-03-08,40.02,40.02,40.02,40.02,401.9,403.05
1990-03-09,40.02,40.02,40.02,40.02,401.6,402.75
1990-03-12,40.02,40.02,40.02,40.02,401.1,402.0
1990-03-13,40.02,40.02,40.02,40.02,400.7,401.9
1990-03-14,40.02,40.02,40.02,40.02,399.5,401.15
1990-03-15,40.02,40.02,40.02,40.02,399.6,400.3
1990-03-16,40.02,40.02,40.02,40.02,400.9,400.2
1990-03-19,40.02,40.02,40.02,40.02,401.9,401.15
1990-03-20,40.02,40.02,40.02,40.02,393.3,402.8
1990-03-21,40.02,40.02,40.02,40.02,392.5,393.55
1990-03-22,40.02,40.02,40.02,40.02,394.7,393.4
1990-03-23,40.02,40.02,40.02,40.02,389.4,395.2
1990-03-26,40.02,40.02,40.02,40.02,366.2,389.65
1990-03-27,40.02,40.02,40.02,40.02,369.1,366.9
1990-03-28,40.02,40.02,40.02,40.02,374.2,369.45
1990-03-29,40.02,40.02,40.02,40.02,376.0,375.15
1990-03-30,40.02,40.02,40.02,40.02,375.0,376.45
1990-04-02,40.02,40.02,40.02,40.02,374.5,375.5
1990-04-03,40.02,40.02,40.02,40.02,380.1,374.55
1990-04-04,40.02,40.02,40.02,40.02,381.8,380.45
1990-04-05,40.02,40.02,40.02,40.02,379.3,382.35
1990-04-06,40.02,40.02,40.02,40.02,385.2,379.4
1990-04-09,40.02,40.02,40.02,40.02,380.4,385.55
1990-04-10,40.02,40.02,40.02,40.02,379.3,381.0
1990-04-11,40.02,40.02,40.02,40.02,378.4,380.2
1990-04-12,40.02,40.02,40.02,40.02,379.7,378.5
1990-04-16,40.02,40.02,40.02,40.02,378.9,380.4
1990-04-17,40.02,40.02,40.02,40.02,378.8,379.15
1990-04-18,40.02,40.02,40.02,40.02,379.7,378.85
1990-04-19,40.02,40.02,40.02,40.02,380.7,380.7
1990-04-20,40.02,40.02,40.02,40.02,379.9,381.3
1990-04-23,40.02,40.02,40.02,40.02,382.1,380.1
1990-04-24,40.02,40.02,40.02,40.02,379.0,382.75
1990-04-25,40.02,40.02,40.02,40.02,373.6,379.55
1990-04-26,40.02,40.02,40.02,40.02,373.3,374.6
1990-04-30,40.02,40.02,40.02,40.02,371.4,374.9
1990-05-02,40.02,40.02,40.02,40.02,372.0,373.5
1990-05-03,40.02,40.02,40.02,40.02,373.7,372.65
1990-05-04,40.02,40.02,40.02,40.02,373.1,374.4
1990-05-07,40.02,40.02,40.02,40.02,374.0,374.0
1990-05-08,40.02,40.02,40.02,40.02,372.0,374.6
1990-05-09,40.02,40.02,40.02,40.02,373.7,372.4
1990-05-10,40.02,40.02,40.02,40.02,371.9,374.3
1990-05-11,40.02,40.02,40.02,40.02,370.5,372.4
1990-05-14,40.02,40.02,40.02,40.02,369.9,371.05
1990-05-15,40.02,40.02,40.02,40.02,372.3,370.45
1990-05-16,40.02,40.02,40.02,40.02,370.3,372.9
1990-05-17,40.02,40.02,40.02,40.02,370.6,371.15
1990-05-18,40.02,40.02,40.02,40.02,375.6,371.4
1990-05-21,40.02,40.02,40.02,40.02,374.1,376.45
1990-05-23,40.02,40.02,40.02,40.02,364.6,376.85
1990-05-24,40.02,40.02,40.02,40.02,371.3,364.9
1990-05-25,40.02,40.02,40.02,40.02,368.4,371.4
1990-05-29,40.02,40.02,40.02,40.02,367.4,369.15
1990-05-30,40.02,40.02,40.02,40.02,368.9,367.55
1990-05-31,40.12,40.12,40.12,40.12,368.6,369.35
1990-06-01,40.02,40.02,40.02,40.02,363.5,368.95
1990-06-04,40.02,40.02,40.02,40.02,362.4,364.25
1990-06-05,40.02,40.02,40.02,40.02,363.6,362.5
1990-06-06,40.02,40.02,40.02,40.02,361.0,363.75
1990-06-07,40.02,40.02,40.02,40.02,358.1,361.2
1990-06-08,40.02,40.02,40.02,40.02,359.2,358.35
1990-06-11,40.02,40.02,40.02,40.02,359.7,359.3
1990-06-12,40.02,40.02,40.02,40.02,359.1,360.05
1990-06-13,40.02,40.02,40.02,40.02,355.1,359.75
1990-06-14,40.02,40.02,40.02,40.02,349.8,355.45
1990-06-15,40.02,40.02,40.02,40.02,352.3,350.65
1990-06-18,40.02,40.02,40.02,40.02,352.0,353.0
1990-06-19,40.02,40.02,40.02,40.02,351.8,353.0
1990-06-20,40.02,40.02,40.02,40.02,353.1,351.9
1990-06-21,40.02,40.02,40.02,40.02,353.1,353.1
1990-06-22,40.02,40.02,40.02,40.02,352.8,353.75
1990-06-25,40.02,40.02,40.02,40.02,356.2,353.6
1990-06-26,40.02,40.02,40.02,40.02,352.9,357.2
1990-06-27,40.02,40.02,40.02,40.02,353.2,353.5
1990-06-28,40.02,40.02,40.02,40.02,354.1,354.0
1990-06-29,40.02,40.02,40.02,40.02,359.9,354.15
1990-07-02,40.02,40.02,40.02,40.02,360.8,360.05
1990-07-03,40.02,40.02,40.02,40.02,364.1,361.65
1990-07-05,40.02,40.02,40.02,40.02,363.3,364.1
1990-07-06,40.02,40.02,40.02,40.02,362.9,363.5
1990-07-09,40.02,40.02,40.02,40.02,359.9,363.0
1990-07-10,40.02,40.02,40.02,40.02,357.1,360.2
1990-07-11,40.02,40.02,40.02,40.02,355.6,357.25
1990-07-12,40.02,40.02,40.02,40.02,359.5,355.85
1990-07-13,40.02,40.02,40.02,40.02,365.7,359.9
1990-07-16,40.02,40.02,40.02,40.02,364.5,366.45
1990-07-17,40.02,40.02,40.02,40.02,363.0,364.5
1990-07-18,40.02,40.02,40.02,40.02,362.5,363.95
1990-07-19,40.02,40.02,40.02,40.02,362.1,363.1
1990-07-20,40.02,40.02,40.02,40.02,362.0,362.5
1990-07-23,40.02,40.02,40.02,40.02,369.7,362.15
1990-07-24,40.02,40.02,40.02,40.02,368.4,370.5
1990-07-25,40.02,40.02,40.02,40.02,372.4,368.7
1990-07-26,40.02,40.02,40.02,40.02,369.6,373.25
1990-07-27,40.02,40.02,40.02,40.02,368.0,369.7
1990-07-30,40.02,40.02,40.02,40.02,376.8,368.05
1990-07-31,40.02,40.02,40.02,40.02,379.2,377.5
1990-08-02,40.02,40.02,40.02,40.02,385.9,382.95
1990-08-03,40.02,40.02,40.02,40.02,386.4,386.05
1990-08-06,40.02,40.02,40.02,40.02,393.8,387.3
1990-08-07,40.02,40.02,40.02,40.02,393.7,394.4
1990-08-08,40.02,40.02,40.02,40.02,392.2,394.3
1990-08-09,40.02,40.02,40.02,40.02,394.8,392.5
1990-08-10,40.02,40.02,40.02,40.02,405.9,395.4
1990-08-14,40.02,40.02,40.02,40.02,414.0,406.2
1990-08-15,40.02,40.02,40.02,40.02,411.3,414.2
1990-08-16,40.02,40.02,40.02,40.02,417.9,411.55
1990-08-17,40.02,40.02,40.02,40.02,418.3,418.7
1990-08-20,40.02,40.02,40.02,40.02,418.8,418.3
1990-08-21,40.02,40.02,40.02,40.02,416.0,419.05
1990-08-22,40.02,40.02,40.02,40.02,419.3,416.5
1990-08-23,40.02,40.02,40.02,40.02,420.3,419.45
1990-08-24,40.02,40.02,40.02,40.02,423.2,421.2
1990-08-27,39.98,39.98,39.98,39.98,396.2,424.2
1990-08-28,40.02,40.02,40.02,40.02,392.8,396.9
1990-08-29,39.97,39.97,39.97,39.97,392.7,393.55
1990-08-30,39.95,39.95,39.95,39.95,393.7,393.5
1990-08-31,39.94,39.94,39.94,39.94,389.2,394.25
1990-09-04,39.95,39.95,39.95,39.95,390.5,390.15
1990-09-05,39.94,39.94,39.94,39.94,393.0,391.0
1990-09-06,39.94,39.94,39.94,39.94,396.2,393.8
1990-09-07,39.94,39.94,39.94,39.94,396.0,397.05
1990-09-10,39.94,39.94,39.94,39.94,384.8,396.15
1990-09-11,39.92,39.92,39.92,39.92,386.6,385.4
1990-09-12,39.93,39.93,39.93,39.93,388.1,386.65
1990-09-13,39.94,39.94,39.94,39.94,388.8,388.45
1990-09-14,39.95,39.95,39.95,39.95,391.0,389.1
1990-09-17,39.95,39.95,39.95,39.95,395.2,391.4
1990-09-18,39.96,39.96,39.96,39.96,393.3,395.55
1990-09-19,39.96,39.96,39.96,39.96,391.4,393.75
1990-09-20,39.97,39.97,39.97,39.97,394.2,391.6
1990-09-21,39.97,39.97,39.97,39.97,394.5,395.05
1990-09-24,39.96,39.96,39.96,39.96,408.3,394.95
1990-09-25,39.96,39.96,39.96,39.96,407.6,408.6
1990-09-26,39.97,39.97,39.97,39.97,412.8,408.15
1990-09-27,39.98,39.98,39.98,39.98,410.8,413.7
1990-09-28,40.01,40.01,40.01,40.01,408.1,411.3
1990-10-01,40.08,40.08,40.08,40.08,391.6,408.8
1990-10-02,40.08,40.08,40.08,40.08,393.9,391.6
1990-10-04,40.02,40.02,40.02,40.02,396.9,399.45
1990-10-05,40.04,40.04,40.04,40.04,398.1,397.45
1990-10-09,40.13,40.13,40.13,40.13,394.0,399.6
1990-10-10,40.15,40.15,40.15,40.15,392.2,394.45
1990-10-11,40.16,40.16,40.16,40.16,393.6,393.1
1990-10-12,40.15,40.15,40.15,40.15,391.3,393.6
1990-10-15,40.52,40.52,40.52,40.52,378.5,391.95
1990-10-18,40.52,40.52,40.52,40.52,373.0,370.0
1990-10-19,40.42,40.42,40.42,40.42,375.7,373.8
1990-10-22,40.42,40.42,40.42,40.42,372.4,376.0
1990-10-24,40.42,40.42,40.42,40.42,376.0,374.75
1990-10-25,40.42,40.42,40.42,40.42,378.3,376.1
1990-10-26,40.42,40.42,40.42,40.42,373.2,379.1
1990-10-29,40.42,40.42,40.42,40.42,375.8,374.15
1990-10-30,40.41,40.41,40.41,40.41,381.7,375.95
1990-10-31,40.4,40.4,40.4,40.4,381.3,382.4
1990-11-01,40.39,40.39,40.39,40.39,383.1,381.75
1990-11-02,40.39,40.39,40.39,40.39,378.0,383.3
1990-11-05,40.38,40.38,40.38,40.38,381.1,378.15
1990-11-06,40.37,40.37,40.37,40.37,388.1,381.95
1990-11-07,40.38,40.38,40.38,40.38,387.9,388.65
1990-11-08,40.37,40.37,40.37,40.37,388.9,387.95
1990-11-09,40.36,40.36,40.36,40.36,386.3,389.45
1990-11-13,40.36,40.36,40.36,40.36,387.0,383.75
1990-11-14,40.36,40.36,40.36,40.36,378.5,387.15
1990-11-15,40.36,40.36,40.36,40.36,380.0,378.8
1990-11-16,40.37,40.37,40.37,40.37,379.8,380.75
1990-11-19,40.36,40.36,40.36,40.36,382.3,380.25
1990-11-20,40.36,40.36,40.36,40.36,378.5,382.95
1990-11-21,40.37,40.37,40.37,40.37,379.8,379.05
1990-11-23,40.35,40.35,40.35,40.35,384.5,380.75
1990-11-26,40.34,40.34,40.34,40.34,386.7,385.3
1990-11-27,40.33,40.33,40.33,40.33,385.8,387.25
1990-11-28,40.32,40.32,40.32,40.32,385.7,385.95
1990-11-29,40.32,40.32,40.32,40.32,391.7,386.1
1990-11-30,40.31,40.31,40.31,40.31,385.7,392.6
1990-12-03,40.3,40.3,40.3,40.3,378.5,386.0
1990-12-04,40.29,40.29,40.29,40.29,380.5,379.05
1990-12-05,40.28,40.28,40.28,40.28,375.8,381.4
1990-12-06,40.26,40.26,40.26,40.26,373.2,376.5
1990-12-07,40.26,40.26,40.26,40.26,372.1,373.4
1990-12-10,40.25,40.25,40.25,40.25,375.9,373.0
1990-12-11,40.24,40.24,40.24,40.24,373.6,376.15
1990-12-12,40.23,40.23,40.23,40.23,374.5,374.55
1990-12-13,40.23,40.23,40.23,40.23,376.1,375.25
1990-12-14,40.23,40.23,40.23,40.23,378.6,376.8
1990-12-17,40.23,40.23,40.23,40.23,379.3,379.25
1990-12-18,40.23,40.23,40.23,40.23,378.4,380.25
1990-12-19,40.23,40.23,40.23,40.23,388.0,378.85
1990-12-20,40.23,40.23,40.23,40.23,386.7,388.35
1990-12-21,40.23,40.23,40.23,40.23,384.3,387.3
1990-12-26,40.24,40.24,40.24,40.24,387.4,384.7
1990-12-27,40.24,40.24,40.24,40.24,387.6,388.25
1990-12-28,40.24,40.24,40.24,40.24,396.2,388.0
1990-12-31,40.24,40.24,40.24,40.24,396.2,397.1
1991-01-02,40.25,40.25,40.25,40.25,391.1,397.0
1991-01-03,40.26,40.26,40.26,40.26,388.9,391.5
1991-01-04,40.26,40.26,40.26,40.26,387.2,389.6
1991-01-07,40.25,40.25,40.25,40.25,396.2,388.15
1991-01-08,40.24,40.24,40.24,40.24,392.3,396.55
1991-01-11,40.23,40.23,40.23,40.23,393.3,392.55
1991-01-15,40.26,40.26,40.26,40.26,400.2,402.1
1991-01-17,40.28,40.28,40.28,40.28,374.4,404.75
1991-01-23,40.34,40.34,40.34,40.34,378.9,380.45
1991-01-24,40.36,40.36,40.36,40.36,373.5,379.3
1991-01-25,40.36,40.36,40.36,40.36,376.1,374.25
1991-01-28,40.37,40.37,40.37,40.37,377.1,377.05
1991-01-30,40.38,40.38,40.38,40.38,371.5,377.15
1991-01-31,40.4,40.4,40.4,40.4,368.5,372.2
1991-02-01,40.4,40.4,40.4,40.4,368.7,368.9
1991-02-05,40.42,40.42,40.42,40.42,368.9,372.1
1991-02-07,40.44,40.44,40.44,40.44,370.0,366.1
1991-02-08,40.46,40.46,40.46,40.46,372.4,370.2
1991-02-15,40.55,40.55,40.55,40.55,366.1,371.15
1991-02-19,40.62,40.62,40.62,40.62,366.1,366.15
1991-02-20,40.67,40.67,40.67,40.67,366.1,366.95
1991-02-21,40.72,40.72,40.72,40.72,364.1,366.7
1991-02-22,40.75,40.75,40.75,40.75,358.3,365.05
1991-02-25,40.73,40.73,40.73,40.73,360.8,358.95
1991-02-26,40.73,40.73,40.73,40.73,360.2,361.4
1991-02-27,40.72,40.72,40.72,40.72,363.3,360.45
1991-03-01,40.72,40.72,40.72,40.72,368.6,369.8
1991-03-04,40.74,40.74,40.74,40.74,369.5,369.25
1991-03-05,40.73,40.73,40.73,40.73,366.3,369.75
1991-03-07,40.73,40.73,40.73,40.73,368.5,368.1
1991-03-08,40.76,40.76,40.76,40.76,371.2,369.1
1991-03-11,40.75,40.75,40.75,40.75,366.2,371.9
1991-03-12,40.74,40.74,40.74,40.74,366.1,366.55
1991-03-13,40.74,40.74,40.74,40.74,368.1,366.7
1991-03-14,40.73,40.73,40.73,40.73,366.3,368.75
1991-03-18,40.75,40.75,40.75,40.75,363.7,365.85
1991-03-19,40.77,40.77,40.77,40.77,364.5,363.85
1991-03-20,40.77,40.77,40.77,40.77,363.6,365.45
1991-03-21,40.75,40.75,40.75,40.75,363.5,364.3
1991-03-26,40.78,40.78,40.78,40.78,360.1,360.05
1991-03-27,40.77,40.77,40.77,40.77,358.4,360.2
1991-03-28,40.78,40.78,40.78,40.78,359.4,358.45
1991-04-03,40.75,40.75,40.75,40.75,362.2,360.65
1991-04-04,40.77,40.77,40.77,40.77,361.7,363.2
1991-04-05,40.76,40.76,40.76,40.76,362.1,362.05
1991-04-08,40.79,40.79,40.79,40.79,364.0,362.3
1991-04-09,40.8,40.8,40.8,40.8,367.2,364.35
1991-04-10,40.79,40.79,40.79,40.79,366.3,367.35
1991-04-11,40.8,40.8,40.8,40.8,364.8,366.65
1991-04-12,40.79,40.79,40.79,40.79,362.7,365.45
1991-04-16,40.78,40.78,40.78,40.78,363.1,363.7
1991-04-22,40.86,40.86,40.86,40.86,359.7,359.85
1991-04-23,40.89,40.89,40.89,40.89,358.9,360.0
1991-04-24,40.89,40.89,40.89,40.89,358.1,359.7
1991-04-25,40.92,40.92,40.92,40.92,355.8,358.8
1991-04-26,40.92,40.92,40.92,40.92,355.5,355.9
1991-04-29,40.97,40.97,40.97,40.97,354.1,355.5
1991-04-30,40.94,40.94,40.94,40.94,357.7,354.45
1991-05-01,40.94,40.94,40.94,40.94,357.7,358.6
1991-05-02,40.92,40.92,40.92,40.92,356.7,357.9
1991-05-03,40.92,40.92,40.92,40.92,355.5,357.6
1991-05-06,40.95,40.95,40.95,40.95,356.9,356.3
1991-05-08,40.94,40.94,40.94,40.94,358.5,358.9
1991-05-09,40.95,40.95,40.95,40.95,359.3,358.55
1991-05-10,40.97,40.97,40.97,40.97,358.3,359.95
1991-05-13,40.98,40.98,40.98,40.98,359.8,358.75
1991-05-14,40.98,40.98,40.98,40.98,361.2,360.35
1991-05-15,40.99,40.99,40.99,40.99,360.9,361.9
1991-05-17,41.0,41.0,41.0,41.0,356.0,357.75
1991-05-20,41.02,41.02,41.02,41.02,358.1,356.8
1991-05-21,41.03,41.03,41.03,41.03,357.9,359.0
1991-05-29,41.04,41.04,41.04,41.04,364.2,364.65
1991-05-30,41.09,41.09,41.09,41.09,366.5,364.2
1991-05-31,41.12,41.12,41.12,41.12,364.8,367.25
1991-06-03,41.14,41.14,41.14,41.14,366.4,364.95
1991-06-04,41.16,41.16,41.16,41.16,365.8,367.25
1991-06-05,41.18,41.18,41.18,41.18,365.7,366.4
1991-06-06,41.21,41.21,41.21,41.21,368.1,366.4
1991-06-07,41.21,41.21,41.21,41.21,369.5,368.75
1991-06-10,41.22,41.22,41.22,41.22,376.6,369.7
1991-06-11,41.17,41.17,41.17,41.17,373.9,377.3
1991-06-12,41.27,41.27,41.27,41.27,373.1,374.85
1991-06-13,41.27,41.27,41.27,41.27,372.9,373.85
1991-06-14,41.27,41.27,41.27,41.27,369.8,373.65
1991-06-17,41.26,41.26,41.26,41.26,370.8,370.55
1991-06-18,41.26,41.26,41.26,41.26,370.9,371.5
1991-06-19,41.25,41.25,41.25,41.25,371.1,371.2
1991-06-21,41.22,41.22,41.22,41.22,368.1,370.65
1991-06-24,41.21,41.21,41.21,41.21,365.2,368.9
1991-06-25,41.18,41.18,41.18,41.18,366.7,365.25
1991-06-27,41.18,41.18,41.18,41.18,367.9,367.9
1991-06-28,41.19,41.19,41.19,41.19,370.0,368.8
1991-07-01,41.19,41.19,41.19,41.19,369.9,370.75
1991-07-02,41.17,41.17,41.17,41.17,369.4,370.3
1991-07-08,41.16,41.16,41.16,41.16,372.1,371.95
1991-07-09,41.17,41.17,41.17,41.17,370.6,372.1
1991-07-11,41.18,41.18,41.18,41.18,368.9,371.95
1991-07-12,41.22,41.22,41.22,41.22,369.6,369.05
1991-07-15,41.21,41.21,41.21,41.21,370.1,370.1
1991-07-29,41.42,41.42,41.42,41.42,370.8,366.3
1991-08-06,41.48,41.48,41.48,41.48,363.1,362.95
1991-08-07,41.5,41.5,41.5,41.5,362.8,363.85
1991-08-08,41.5,41.5,41.5,41.5,363.3,363.45
1991-08-12,41.57,41.57,41.57,41.57,363.5,364.75
1991-08-13,41.62,41.62,41.62,41.62,362.2,363.75
1991-08-14,41.77,41.77,41.77,41.77,363.6,362.6
1991-08-15,41.82,41.82,41.82,41.82,362.7,364.45
1991-08-16,42.02,42.02,42.02,42.02,363.5,363.2
1991-08-22,41.92,41.92,41.92,41.92,359.4,362.95
1991-08-23,41.9,41.9,41.9,41.9,358.6,360.05
1991-08-29,41.88,41.88,41.88,41.88,355.7,359.0
1991-09-06,41.92,41.92,41.92,41.92,353.4,351.55
1991-09-17,41.9,41.9,41.9,41.9,350.4,348.35
1991-09-18,41.92,41.92,41.92,41.92,352.3,351.2
1991-09-26,42.01,42.01,42.01,42.01,354.1,356.95
1991-10-04,42.1,42.1,42.1,42.1,361.7,361.3
1991-10-07,42.12,42.12,42.12,42.12,362.0,362.5
1991-10-15,42.18,42.18,42.18,42.18,360.1,361.35
1991-10-16,42.2,42.2,42.2,42.2,360.5,360.7
1991-10-21,42.18,42.18,42.18,42.18,365.9,364.85
1991-10-24,42.23,42.23,42.23,42.23,364.0,365.0
1991-10-31,42.26,42.26,42.26,42.26,359.5,360.5
1991-11-04,42.25,42.25,42.25,42.25,358.1,357.2
1991-11-07,42.32,42.32,42.32,42.32,354.7,356.5
1991-11-08,42.37,42.37,42.37,42.37,355.2,354.75
1991-11-12,42.36,42.36,42.36,42.36,356.7,356.85
1991-11-14,42.38,42.38,42.38,42.38,355.7,358.2
1991-11-18,42.38,42.38,42.38,42.38,361.5,360.4
1991-11-19,42.4,42.4,42.4,42.4,364.4,361.85
1991-11-20,42.4,42.4,42.4,42.4,364.7,365.05
1991-11-22,42.42,42.42,42.42,42.42,369.6,368.7
1991-11-26,42.43,42.43,42.43,42.43,369.3,369.05
1991-11-29,42.43,42.43,42.43,42.43,371.1,371.5
1991-12-04,42.52,42.52,42.52,42.52,367.9,366.7
1991-12-06,42.52,42.52,42.52,42.52,371.9,370.85
1991-12-09,42.52,42.52,42.52,42.52,371.6,372.7
1991-12-13,42.53,42.53,42.53,42.53,361.3,360.75
1991-12-23,42.53,42.53,42.53,42.53,361.0,360.85
1991-12-24,42.53,42.53,42.53,42.53,360.7,361.8
1992-01-03,42.64,42.64,42.64,42.64,351.5,353.65
1992-01-08,42.64,42.64,42.64,42.64,351.5,351.3
1992-01-09,42.65,42.65,42.65,42.65,357.5,351.55
1992-01-14,42.67,42.67,42.67,42.67,355.2,355.35
1992-01-17,42.7,42.7,42.7,42.7,354.5,357.05
1992-01-21,42.68,42.68,42.68,42.68,358.4,358.35
1992-01-22,42.68,42.68,42.68,42.68,358.3,358.7
1992-01-23,42.67,42.67,42.67,42.67,354.9,358.8
1992-01-24,42.68,42.68,42.68,42.68,354.7,355.35
1992-02-03,42.7,42.7,42.7,42.7,358.4,359.4
1992-02-12,42.8,42.8,42.8,42.8,359.6,358.6
1992-02-14,42.87,42.87,42.87,42.87,355.1,358.3
1992-02-20,42.88,42.88,42.88,42.88,354.7,355.0
1992-02-21,42.87,42.87,42.87,42.87,352.5,355.55
1992-02-24,42.89,42.89,42.89,42.89,351.1,353.3
1992-02-26,42.99,42.99,42.99,42.99,350.8,350.7
1992-02-27,43.05,43.05,43.05,43.05,355.0,351.35
1992-03-17,42.06,42.06,42.06,42.06,340.6,344.0
1992-03-23,43.1,43.1,43.1,43.1,338.5,339.2
1992-03-24,43.07,43.07,43.07,43.07,339.8,339.05
1992-04-02,43.11,43.11,43.11,43.11,342.4,345.2
1992-04-07,43.14,43.14,43.14,43.14,340.1,342.55
1992-04-09,43.13,43.13,43.13,43.13,340.9,339.4
1992-04-15,43.25,43.25,43.25,43.25,337.0,341.4
1992-04-21,43.38,43.38,43.38,43.38,341.7,338.7
1992-04-22,43.37,43.37,43.37,43.37,339.8,342.55
1992-05-12,43.43,43.43,43.43,43.43,335.8,337.55
1992-05-20,43.47,43.47,43.47,43.47,338.4,339.05
1992-06-02,43.61,43.61,43.61,43.61,341.2,340.0
1992-06-03,43.68,43.68,43.68,43.68,340.6,341.75
1992-06-09,43.8,43.8,43.8,43.8,340.2,340.25
1992-06-10,43.9,43.9,43.9,43.9,339.8,340.3
1992-06-18,44.1,44.1,44.1,44.1,344.2,343.3
1992-06-19,44.1,44.1,44.1,44.1,342.4,344.6
1992-06-22,44.17,44.17,44.17,44.17,345.2,342.7
1992-06-24,44.17,44.17,44.17,44.17,344.3,346.2
1992-07-01,44.17,44.17,44.17,44.17,345.6,344.7
1992-07-13,43.9,43.9,43.9,43.9,349.8,349.15
1992-07-15,43.9,43.9,43.9,43.9,354.7,352.45
1992-07-21,43.9,43.9,43.9,43.9,358.1,360.5
1992-07-31,44.2,44.2,44.2,44.2,361.4,360.85
1992-08-11,44.2,44.2,44.2,44.2,350.9,354.4
1992-08-14,44.0,44.0,44.0,44.0,337.8,337.7
1992-08-19,44.05,44.05,44.05,44.05,340.8,339.6
1992-08-20,44.0,44.0,44.0,44.0,340.2,341.05
1992-08-26,44.0,44.0,44.0,44.0,340.9,343.4
1992-09-01,44.0,44.0,44.0,44.0,343.4,345.9
1992-09-03,44.0,44.0,44.0,44.0,343.4,341.35
1992-09-08,44.0,44.0,44.0,44.0,344.6,343.9
1992-09-09,44.0,44.0,44.0,44.0,344.2,345.35
1992-09-15,44.05,44.05,44.05,44.05,348.4,349.3
1992-09-21,44.2,44.2,44.2,44.2,349.4,353.7
1992-09-23,44.45,44.45,44.45,44.45,350.4,350.85
1992-09-24,44.4,44.4,44.4,44.4,351.0,351.35
1992-09-28,44.25,44.25,44.25,44.25,349.4,351.35
1992-09-29,44.2,44.2,44.2,44.2,349.9,349.7
1992-09-30,44.2,44.2,44.2,44.2,349.4,350.3
1992-10-02,44.2,44.2,44.2,44.2,349.6,349.65
1992-10-06,44.25,44.25,44.25,44.25,351.4,353.0
1992-10-07,44.25,44.25,44.25,44.25,352.2,352.05
1992-10-08,44.25,44.25,44.25,44.25,351.0,352.2
1992-10-09,44.25,44.25,44.25,44.25,351.4,351.7
1992-10-13,44.25,44.25,44.25,44.25,344.9,346.65
1992-10-14,44.25,44.25,44.25,44.25,343.7,345.55
1992-10-15,44.25,44.25,44.25,44.25,341.9,344.1
1992-10-16,44.25,44.25,44.25,44.25,343.2,342.8
1992-10-19,44.26,44.26,44.26,44.26,343.4,343.35
1992-10-20,44.27,44.27,44.27,44.27,344.6,343.4
1992-10-21,44.28,44.28,44.28,44.28,344.8,345.1
1992-10-22,44.3,44.3,44.3,44.3,343.7,345.7
1992-10-23,44.29,44.29,44.29,44.29,344.2,344.1
1992-10-26,44.31,44.31,44.31,44.31,341.7,344.65
1992-10-27,44.33,44.33,44.33,44.33,338.0,342.2
1992-10-28,44.33,44.33,44.33,44.33,340.1,339.0
1992-10-29,44.33,44.33,44.33,44.33,340.2,340.35
1992-10-30,44.34,44.34,44.34,44.34,340.1,341.15
1992-11-03,44.37,44.37,44.37,44.37,338.2,340.75
1992-11-04,44.37,44.37,44.37,44.37,337.7,339.0
1992-11-05,44.37,44.37,44.37,44.37,336.8,337.95
1992-11-06,44.39,44.39,44.39,44.39,336.2,337.05
1992-11-09,44.39,44.39,44.39,44.39,333.1,336.45
1992-11-10,44.41,44.41,44.41,44.41,330.1,334.05
1992-11-12,44.4,44.4,44.4,44.4,333.5,332.6
1992-11-13,44.4,44.4,44.4,44.4,335.4,333.8
1992-11-16,44.39,44.39,44.39,44.39,334.0,336.2
1992-11-17,44.41,44.41,44.41,44.41,334.4,334.1
1992-11-18,44.41,44.41,44.41,44.41,335.2,334.55
1992-11-19,44.41,44.41,44.41,44.41,335.4,335.3
1992-11-20,44.41,44.41,44.41,44.41,335.3,335.45
1992-11-23,44.42,44.42,44.42,44.42,334.4,335.55
1992-11-24,44.42,44.42,44.42,44.42,335.3,334.4
1992-11-25,44.42,44.42,44.42,44.42,334.7,335.7
1992-11-27,44.44,44.44,44.44,44.44,335.5,335.65
1992-11-30,44.45,44.45,44.45,44.45,335.5,335.6
1992-12-02,44.46,44.46,44.46,44.46,336.9,336.75
1992-12-03,44.46,44.46,44.46,44.46,336.4,337.5
1992-12-07,44.47,44.47,44.47,44.47,337.0,337.2
1992-12-08,44.47,44.47,44.47,44.47,336.3,337.05
1992-12-11,44.47,44.47,44.47,44.47,336.0,335.75
1992-12-14,44.6,44.6,44.6,44.6,335.4,336.7
1992-12-15,44.6,44.6,44.6,44.6,335.3,336.2
1992-12-16,44.63,44.63,44.63,44.63,338.7,335.8
1992-12-17,44.63,44.63,44.63,44.63,339.2,339.55
1992-12-18,44.65,44.65,44.65,44.65,337.7,339.65
1992-12-21,44.83,44.83,44.83,44.83,334.6,338.45
1992-12-22,45.45,45.45,45.45,45.45,332.8,335.2
1992-12-23,45.67,45.67,45.67,45.67,333.4,333.2
1992-12-24,45.9,45.9,45.9,45.9,333.4,333.65
1992-12-29,46.25,46.25,46.25,46.25,332.8,333.65
1992-12-30,46.15,46.15,46.15,46.15,333.3,333.3
1992-12-31,46.1,46.1,46.1,46.1,333.1,334.2
1993-01-07,46.15,46.15,46.15,46.15,329.0,330.1
1993-01-11,46.25,46.25,46.25,46.25,327.8,330.3
1993-01-12,46.25,46.25,46.25,46.25,328.8,328.05
1993-01-13,46.35,46.35,46.35,46.35,327.6,329.7
1993-01-15,46.45,46.45,46.45,46.45,327.0,328.15
1993-01-19,46.35,46.35,46.35,46.35,328.6,328.9
1993-01-20,46.43,46.43,46.43,46.43,329.8,328.7
1993-01-21,46.43,46.43,46.43,46.43,329.3,330.4
1993-01-22,46.43,46.43,46.43,46.43,328.6,329.8
1993-01-25,46.35,46.35,46.35,46.35,328.8,329.0
1993-01-26,46.23,46.23,46.23,46.23,331.1,328.95
1993-01-27,46.23,46.23,46.23,46.23,330.4,331.75
1993-01-28,46.2,46.2,46.2,46.2,331.1,330.85
1993-01-29,46.2,46.2,46.2,46.2,330.7,331.4
1993-02-01,46.35,46.35,46.35,46.35,330.7,330.95
1993-02-02,46.3,46.3,46.3,46.3,330.6,331.65
1993-02-03,46.3,46.3,46.3,46.3,329.5,331.4
1993-02-08,46.3,46.3,46.3,46.3,329.1,329.85
1993-02-09,46.3,46.3,46.3,46.3,329.6,329.25
1993-02-11,46.3,46.3,46.3,46.3,332.7,333.8
1993-02-16,46.37,46.37,46.37,46.37,333.4,330.3
1993-02-17,46.32,46.32,46.32,46.32,331.5,333.95
1993-02-18,46.32,46.32,46.32,46.32,331.5,331.7
1993-02-22,46.32,46.32,46.32,46.32,328.8,331.9
1993-02-23,46.32,46.32,46.32,46.32,331.6,329.55
1993-02-24,46.42,46.42,46.42,46.42,330.4,331.65
1993-02-25,46.47,46.47,46.47,46.47,330.6,331.15
1993-02-26,46.52,46.52,46.52,46.52,329.1,330.7
1993-03-04,46.62,46.62,46.62,46.62,329.6,330.3
1993-03-05,46.57,46.57,46.57,46.57,330.4,330.6
1993-03-08,46.67,46.67,46.67,46.67,327.7,330.75
1993-03-11,46.77,46.77,46.77,46.77,327.6,327.3
1993-03-15,46.91,46.91,46.91,46.91,329.8,329.15
1993-03-16,46.96,46.96,46.96,46.96,329.6,330.8
1993-03-18,47.23,47.23,47.23,47.23,331.2,329.8
1993-03-19,47.23,47.23,47.23,47.23,332.3,331.5
1993-03-23,47.36,47.36,47.36,47.36,332.3,333.75
1993-03-24,47.46,47.46,47.46,47.46,332.7,332.75
1993-03-29,47.26,47.26,47.26,47.26,333.9,334.35
1993-03-30,47.4,47.4,47.4,47.4,338.8,334.55
1993-03-31,47.45,47.45,47.45,47.45,339.3,339.1
1993-04-01,47.42,47.42,47.42,47.42,340.2,340.0
1993-04-02,47.35,47.35,47.35,47.35,342.3,340.65
1993-04-05,47.5,47.5,47.5,47.5,341.0,342.8
1993-04-07,47.72,47.72,47.72,47.72,339.7,339.7
1993-04-08,47.82,47.82,47.82,47.82,338.9,340.0
1993-04-12,47.82,47.82,47.82,47.82,338.2,339.65
1993-04-15,47.63,47.63,47.63,47.63,338.3,341.25
1993-04-16,47.83,47.83,47.83,47.83,340.2,338.5
1993-04-19,47.83,47.83,47.83,47.83,341.5,340.8
1993-04-20,47.83,47.83,47.83,47.83,341.1,342.4
1993-04-21,47.83,47.83,47.83,47.83,340.7,341.75
1993-04-22,47.86,47.86,47.86,47.86,341.2,341.65
1993-04-23,47.81,47.81,47.81,47.81,347.5,341.65
1993-05-03,47.8,47.8,47.8,47.8,355.3,357.5
1993-05-04,48.16,48.16,48.16,48.16,355.7,355.45
1993-05-10,48.14,48.14,48.14,48.14,357.2,357.65
1993-05-11,48.14,48.14,48.14,48.14,357.3,357.35
1993-05-12,47.9,47.9,47.9,47.9,361.8,357.55
1993-05-13,47.9,47.9,47.9,47.9,369.3,362.65
1993-05-14,47.93,47.93,47.93,47.93,368.3,369.75
1993-05-19,47.93,47.93,47.93,47.93,374.2,376.3
1993-05-20,47.93,47.93,47.93,47.93,374.7,374.8
1993-05-21,47.91,47.91,47.91,47.91,377.9,375.7
1993-05-24,47.94,47.94,47.94,47.94,374.2,377.95
1993-05-26,47.99,47.99,47.99,47.99,377.4,378.8
1993-05-27,47.92,47.92,47.92,47.92,383.4,378.35
1993-05-28,47.92,47.92,47.92,47.92,380.3,383.8
1993-06-01,48.05,48.05,48.05,48.05,371.3,380.75
1993-06-03,48.1,48.1,48.1,48.1,376.2,371.7
1993-06-07,48.1,48.1,48.1,48.1,375.7,379.15
1993-06-09,48.05,48.05,48.05,48.05,373.0,376.2
1993-06-10,48.0,48.0,48.0,48.0,371.0,373.95
1993-06-14,48.0,48.0,48.0,48.0,366.6,368.15
1993-06-15,47.96,47.96,47.96,47.96,370.8,367.0
1993-06-16,47.98,47.98,47.98,47.98,371.5,371.4
1993-06-18,48.0,48.0,48.0,48.0,372.5,372.95
1993-06-21,48.1,48.1,48.1,48.1,371.1,372.65
1993-06-22,48.12,48.12,48.12,48.12,369.7,371.75
1993-06-23,48.14,48.14,48.14,48.14,375.5,369.9
1993-06-24,48.15,48.15,48.15,48.15,376.1,376.3
1993-06-25,48.15,48.15,48.15,48.15,378.1,376.65
1993-06-29,48.2,48.2,48.2,48.2,379.5,376.25
1993-07-01,48.21,48.21,48.21,48.21,388.2,379.65
1993-07-02,48.22,48.22,48.22,48.22,386.7,389.15
1993-07-06,48.34,48.34,48.34,48.34,393.1,387.5
1993-07-07,48.4,48.4,48.4,48.4,397.8,394.0
1993-07-08,48.45,48.45,48.45,48.45,395.6,398.5
1993-07-09,48.55,48.55,48.55,48.55,392.3,395.85
1993-07-12,48.66,48.66,48.66,48.66,394.9,393.2
1993-07-13,48.89,48.89,48.89,48.89,394.5,395.5
1993-07-14,48.79,48.79,48.79,48.79,391.4,394.8
1993-07-15,48.79,48.79,48.79,48.79,393.9,391.9
1993-07-16,48.79,48.79,48.79,48.79,392.9,394.1
1993-07-19,48.8,48.8,48.8,48.8,392.4,393.1
1993-07-20,48.78,48.78,48.78,48.78,392.2,392.75
1993-07-21,48.75,48.75,48.75,48.75,389.5,393.2
1993-07-22,48.75,48.75,48.75,48.75,391.3,389.95
1993-07-23,48.75,48.75,48.75,48.75,390.0,392.0
1993-07-26,48.73,48.73,48.73,48.73,393.1,390.45
1993-07-27,48.73,48.73,48.73,48.73,395.6,393.15
1993-07-28,48.73,48.73,48.73,48.73,397.8,396.4
1993-07-30,48.75,48.75,48.75,48.75,411.3,402.45
1993-08-03,48.78,48.78,48.78,48.78,407.6,411.05
1993-08-04,48.78,48.78,48.78,48.78,403.3,407.8
1993-08-05,48.78,48.78,48.78,48.78,380.7,404.15
1993-08-06,48.78,48.78,48.78,48.78,379.9,381.5
1993-08-09,48.78,48.78,48.78,48.78,386.8,380.85
1993-08-10,48.78,48.78,48.78,48.78,384.4,387.3
1993-08-11,48.83,48.83,48.83,48.83,378.7,385.25
1993-08-13,48.81,48.81,48.81,48.81,372.6,371.35
1993-08-16,48.81,48.81,48.81,48.81,376.4,373.2
1993-08-17,48.79,48.79,48.79,48.79,374.9,376.8
1993-08-18,48.79,48.79,48.79,48.79,377.5,374.9
1993-08-19,48.79,48.79,48.79,48.79,374.4,378.3
1993-08-20,48.79,48.79,48.79,48.79,376.4,374.4
1993-08-23,48.8,48.8,48.8,48.8,375.5,376.7
1993-08-24,48.82,48.82,48.82,48.82,374.9,375.55
1993-08-25,48.83,48.83,48.83,48.83,375.5,374.95
1993-08-26,48.88,48.88,48.88,48.88,370.8,375.6
1993-08-27,48.88,48.88,48.88,48.88,372.1,371.2
1993-09-01,48.92,48.92,48.92,48.92,372.6,376.7
1993-09-07,48.84,48.84,48.84,48.84,352.5,367.1
1993-09-09,48.82,48.82,48.82,48.82,356.5,354.55
1993-09-10,48.78,48.78,48.78,48.78,352.4,356.95
1993-09-13,48.78,48.78,48.78,48.78,344.8,353.0
1993-09-14,48.79,48.79,48.79,48.79,346.9,345.6
1993-09-15,48.79,48.79,48.79,48.79,349.6,347.2
1993-09-17,48.76,48.76,48.76,48.76,352.8,354.75
1993-09-20,48.79,48.79,48.79,48.79,355.5,353.65
1993-09-21,48.79,48.79,48.79,48.79,365.0,356.2
1993-09-22,48.87,48.87,48.87,48.87,356.0,365.4
1993-09-23,48.93,48.93,48.93,48.93,360.0,356.6
1993-09-24,48.97,48.97,48.97,48.97,359.4,360.55
1993-09-27,48.95,48.95,48.95,48.95,355.7,360.15
1993-09-28,48.95,48.95,48.95,48.95,357.3,356.3
1993-09-29,48.93,48.93,48.93,48.93,354.7,357.9
1993-10-01,48.97,48.97,48.97,48.97,356.9,357.9
1993-10-04,49.0,49.0,49.0,49.0,354.6,357.8
1993-10-06,48.96,48.96,48.96,48.96,358.2,355.6
1993-10-07,48.94,48.94,48.94,48.94,358.5,359.1
1993-10-08,48.94,48.94,48.94,48.94,361.5,359.05
1993-10-12,48.88,48.88,48.88,48.88,369.2,361.75
1993-10-13,48.86,48.86,48.86,48.86,367.6,369.55
1993-10-15,48.87,48.87,48.87,48.87,366.2,367.5
1993-10-20,48.93,48.93,48.93,48.93,373.8,371.0
1993-10-21,48.95,48.95,48.95,48.95,372.8,374.2
1993-10-22,49.0,49.0,49.0,49.0,371.3,372.95
1993-10-27,49.05,49.05,49.05,49.05,370.7,370.35
1993-10-29,49.05,49.05,49.05,49.05,369.6,370.7
1993-11-08,49.07,49.07,49.07,49.07,375.5,378.25
1993-11-09,49.2,49.2,49.2,49.2,376.6,376.0
1993-11-10,49.24,49.24,49.24,49.24,377.4,376.6
1993-11-12,49.2,49.2,49.2,49.2,373.6,377.0
1993-11-15,49.2,49.2,49.2,49.2,375.7,373.7
1993-11-16,49.2,49.2,49.2,49.2,374.6,375.95
1993-11-17,49.25,49.25,49.25,49.25,377.2,375.2
1993-11-18,49.2,49.2,49.2,49.2,376.7,377.45
1993-11-19,49.12,49.12,49.12,49.12,378.3,377.65
1993-11-22,49.15,49.15,49.15,49.15,378.5,378.7
1993-11-23,49.5,49.5,49.5,49.5,377.3,378.55
1993-11-24,49.17,49.17,49.17,49.17,379.2,377.7
1993-11-29,49.23,49.23,49.23,49.23,371.5,379.85
1993-11-30,49.3,49.3,49.3,49.3,371.9,371.8
1993-12-01,49.3,49.3,49.3,49.3,376.6,372.75
1993-12-02,49.4,49.4,49.4,49.4,375.6,376.65
1993-12-03,49.4,49.4,49.4,49.4,378.6,375.75
1993-12-06,49.35,49.35,49.35,49.35,377.8,379.05
1993-12-07,49.29,49.29,49.29,49.29,379.3,378.65
1993-12-08,49.33,49.33,49.33,49.33,385.7,379.35
1993-12-09,49.3,49.3,49.3,49.3,384.4,385.95
1993-12-10,49.3,49.3,49.3,49.3,384.9,385.35
1993-12-13,49.25,49.25,49.25,49.25,388.6,385.75
1993-12-14,49.33,49.33,49.33,49.33,386.7,386.8
1993-12-15,49.33,49.33,49.33,49.33,386.85,386.8
1993-12-16,49.31,49.31,49.31,49.31,385.5,386.9
1993-12-17,49.32,49.32,49.32,49.32,387.0,385.35
1993-12-20,49.33,49.33,49.33,49.33,389.0,387.15
1993-12-21,49.33,49.33,49.33,49.33,387.2,388.65
1993-12-22,49.33,49.33,49.33,49.33,386.2,386.95
1993-12-23,49.31,49.31,49.31,49.31,385.8,386.0
1993-12-24,49.3,49.3,49.3,49.3,386.5,385.7
1993-12-27,49.32,49.32,49.32,49.32,387.7,386.15
1993-12-28,49.3,49.3,49.3,49.3,387.3,387.85
1993-12-29,49.34,49.34,49.34,49.34,390.0,386.9
1993-12-30,49.35,49.35,49.35,49.35,390.5,390.15
1993-12-31,49.3,49.3,49.3,49.3,390.5,390.25
1994-01-03,49.38,49.38,49.38,49.38,393.5,390.55
1994-01-04,49.53,49.53,49.53,49.53,393.35,393.8
1994-01-05,49.52,49.52,49.52,49.52,390.65,393.1
1994-01-06,49.45,49.45,49.45,49.45,388.75,390.65
1994-01-07,49.59,49.59,49.59,49.59,386.3,388.6
1994-01-10,49.47,49.47,49.47,49.47,384.6,385.75
1994-01-11,49.32,49.32,49.32,49.32,387.7,384.5
1994-01-12,49.44,49.44,49.44,49.44,386.0,387.9
1994-01-13,49.42,49.42,49.42,49.42,389.7,385.75
1994-01-14,49.47,49.47,49.47,49.47,389.3,389.75
1994-01-18,49.54,49.54,49.54,49.54,392.5,391.1
1994-01-19,49.53,49.53,49.53,49.53,392.35,392.3
1994-01-20,49.55,49.55,49.55,49.55,387.3,392.3
1994-01-21,49.52,49.52,49.52,49.52,381.1,387.35
1994-01-24,49.4,49.4,49.4,49.4,381.1,379.75
1994-01-25,49.4,49.4,49.4,49.4,381.3,381.4
1994-01-26,49.43,49.43,49.43,49.43,384.35,381.8
1994-01-27,49.37,49.37,49.37,49.37,375.5,384.0
1994-01-28,49.43,49.43,49.43,49.43,376.8,375.5
1994-01-31,49.43,49.43,49.43,49.43,382.0,377.75
1994-02-01,49.15,49.15,49.15,49.15,384.2,381.55
1994-02-02,49.07,49.07,49.07,49.07,384.9,384.7
1994-02-03,49.18,49.18,49.18,49.18,387.2,384.45
1994-02-04,49.17,49.17,49.17,49.17,386.6,386.85
1994-02-07,49.16,49.16,49.16,49.16,378.75,387.2
1994-02-08,49.18,49.18,49.18,49.18,382.0,378.6
1994-02-09,49.2,49.2,49.2,49.2,383.25,382.1
1994-02-10,49.25,49.25,49.25,49.25,381.5,383.0
1994-02-11,49.2,49.2,49.2,49.2,380.1,381.5
1994-02-14,49.05,49.05,49.05,49.05,383.5,379.25
1994-02-15,49.07,49.07,49.07,49.07,383.0,383.0
1994-02-16,49.11,49.11,49.11,49.11,383.3,382.75
1994-02-17,49.0,49.0,49.0,49.0,382.5,383.7
1994-02-18,49.1,49.1,49.1,49.1,379.75,382.75
1994-02-22,49.08,49.08,49.08,49.08,377.6,379.75
1994-02-23,49.12,49.12,49.12,49.12,377.5,377.7
1994-02-24,49.05,49.05,49.05,49.05,376.25,377.5
1994-02-25,49.06,49.06,49.06,49.06,378.3,376.3
1994-02-28,48.95,48.95,48.95,48.95,381.25,378.25
1994-03-01,48.95,48.95,48.95,48.95,378.25,381.3
1994-03-02,48.9,48.9,48.9,48.9,377.6,378.3
1994-03-03,48.9,48.9,48.9,48.9,377.35,377.6
1994-03-04,48.98,48.98,48.98,48.98,376.7,377.0
1994-03-07,48.9,48.9,48.9,48.9,375.9,377.0
1994-03-08,48.9,48.9,48.9,48.9,376.5,375.75
1994-03-09,48.8,48.8,48.8,48.8,378.9,376.5
1994-03-10,49.04,49.04,49.04,49.04,386.35,378.7
1994-03-11,48.96,48.96,48.96,48.96,384.85,386.15
1994-03-14,48.85,48.85,48.85,48.85,386.3,385.25
1994-03-15,48.87,48.87,48.87,48.87,386.6,386.25
1994-03-16,49.04,49.04,49.04,49.04,384.8,386.75
1994-03-17,48.96,48.96,48.96,48.96,382.4,384.5
1994-03-18,48.95,48.95,48.95,48.95,386.8,382.8
1994-03-21,48.95,48.95,48.95,48.95,386.5,386.5
1994-03-22,49.05,49.05,49.05,49.05,389.0,385.4
1994-03-23,49.05,49.05,49.05,49.05,386.6,388.85
1994-03-24,49.02,49.02,49.02,49.02,391.0,386.85
1994-03-25,48.97,48.97,48.97,48.97,390.6,390.85
1994-03-28,48.88,48.88,48.88,48.88,388.0,390.9
1994-03-29,48.85,48.85,48.85,48.85,385.8,388.0
1994-03-30,48.84,48.84,48.84,48.84,385.9,385.5
1994-03-31,48.8,48.8,48.8,48.8,391.6,386.05
1994-04-01,48.78,48.78,48.78,48.78,389.15,391.75
1994-04-04,48.85,48.85,48.85,48.85,387.1,390.75
1994-04-05,48.95,48.95,48.95,48.95,384.35,387.0
1994-04-06,49.0,49.0,49.0,49.0,384.8,384.5
1994-04-07,48.95,48.95,48.95,48.95,384.5,384.8
1994-04-08,49.0,49.0,49.0,49.0,384.0,384.5
1994-04-11,48.95,48.95,48.95,48.95,378.5,384.25
1994-04-12,49.0,49.0,49.0,49.0,378.75,378.6
1994-04-13,49.0,49.0,49.0,49.0,378.25,378.8
1994-04-14,48.95,48.95,48.95,48.95,378.3,378.3
1994-04-15,49.0,49.0,49.0,49.0,377.75,378.25
1994-04-18,48.98,48.98,48.98,48.98,377.0,377.65
1994-04-19,48.9,48.9,48.9,48.9,371.8,377.0
1994-04-20,49.04,49.04,49.04,49.04,372.5,372.1
1994-04-21,48.85,48.85,48.85,48.85,373.2,372.35
1994-04-22,48.92,48.92,48.92,48.92,370.8,373.2
1994-04-25,48.99,48.99,48.99,48.99,373.15,371.0
1994-04-26,48.92,48.92,48.92,48.92,374.0,373.2
1994-04-27,48.85,48.85,48.85,48.85,374.0,374.0
1994-04-28,48.8,48.8,48.8,48.8,375.75,374.4
1994-04-29,48.75,48.75,48.75,48.75,376.7,375.5
1994-05-02,48.75,48.75,48.75,48.75,376.1,376.6
1994-05-03,48.77,48.77,48.77,48.77,375.5,376.1
1994-05-04,48.8,48.8,48.8,48.8,376.2,375.4
1994-05-05,48.8,48.8,48.8,48.8,373.4,376.3
1994-05-06,48.85,48.85,48.85,48.85,383.3,373.7
1994-05-09,48.9,48.9,48.9,48.9,381.1,382.25
1994-05-10,48.89,48.89,48.89,48.89,378.7,381.2
1994-05-11,49.03,49.03,49.03,49.03,381.8,378.75
1994-05-12,48.95,48.95,48.95,48.95,380.0,381.8
1994-05-13,49.25,49.25,49.25,49.25,380.5,379.95
1994-05-16,49.25,49.25,49.25,49.25,382.4,380.7
1994-05-17,49.3,49.3,49.3,49.3,381.0,382.65
1994-05-18,49.4,49.4,49.4,49.4,381.5,380.8
1994-05-19,49.15,49.15,49.15,49.15,381.2,381.65
1994-05-20,49.12,49.12,49.12,49.12,385.45,381.35
1994-05-23,49.18,49.18,49.18,49.18,388.8,385.0
1994-05-24,49.15,49.15,49.15,49.15,386.85,388.6
1994-05-25,49.15,49.15,49.15,49.15,386.5,386.55
1994-05-26,49.18,49.18,49.18,49.18,384.2,386.4
1994-05-27,49.2,49.2,49.2,49.2,384.5,384.1
1994-05-31,49.33,49.33,49.33,49.33,386.6,385.2
1994-06-01,49.33,49.33,49.33,49.33,383.4,386.75
1994-06-02,49.3,49.3,49.3,49.3,383.8,383.35
1994-06-03,49.3,49.3,49.3,49.3,380.5,383.75
1994-06-06,49.34,49.34,49.34,49.34,380.3,380.5
1994-06-07,49.35,49.35,49.35,49.35,381.1,380.1
1994-06-08,49.28,49.28,49.28,49.28,382.0,381.25
1994-06-09,49.35,49.35,49.35,49.35,382.85,382.05
1994-06-10,49.3,49.3,49.3,49.3,383.3,383.0
1994-06-13,49.23,49.23,49.23,49.23,383.15,383.4
1994-06-14,49.3,49.3,49.3,49.3,384.15,383.45
1994-06-15,49.2,49.2,49.2,49.2,386.6,384.35
1994-06-16,49.1,49.1,49.1,49.1,385.4,386.65
1994-06-17,49.2,49.2,49.2,49.2,391.5,385.5
1994-06-20,49.3,49.3,49.3,49.3,389.2,391.0
1994-06-21,49.2,49.2,49.2,49.2,393.4,389.0
1994-06-22,49.2,49.2,49.2,49.2,389.7,393.5
1994-06-23,49.25,49.25,49.25,49.25,389.6,389.5
1994-06-24,49.18,49.18,49.18,49.18,390.7,389.5
1994-06-27,49.1,49.1,49.1,49.1,384.95,391.0
1994-06-28,49.05,49.05,49.05,49.05,386.15,384.95
1994-06-29,49.16,49.16,49.16,49.16,384.9,386.2
1994-06-30,49.09,49.09,49.09,49.09,385.5,384.8
1994-07-01,49.05,49.05,49.05,49.05,386.7,385.95
1994-07-05,49.05,49.05,49.05,49.05,385.8,386.8
1994-07-06,49.08,49.08,49.08,49.08,383.7,385.75
1994-07-07,49.04,49.04,49.04,49.04,384.4,383.8
1994-07-08,49.0,49.0,49.0,49.0,384.25,384.5
1994-07-11,48.98,48.98,48.98,48.98,387.0,384.7
1994-07-12,48.9,48.9,48.9,48.9,385.35,387.05
1994-07-13,48.85,48.85,48.85,48.85,383.35,385.35
1994-07-14,48.95,48.95,48.95,48.95,384.0,383.3
1994-07-15,49.0,49.0,49.0,49.0,385.8,384.05
1994-07-18,48.95,48.95,48.95,48.95,385.8,385.85
1994-07-19,49.05,49.05,49.05,49.05,386.45,385.8
1994-07-20,49.1,49.1,49.1,49.1,385.35,386.3
1994-07-21,48.99,48.99,48.99,48.99,384.25,385.4
1994-07-22,48.96,48.96,48.96,48.96,384.8,384.35
1994-07-25,48.95,48.95,48.95,48.95,384.85,384.95
1994-07-26,49.1,49.1,49.1,49.1,386.85,385.0
1994-07-27,49.05,49.05,49.05,49.05,387.4,386.75
1994-07-28,49.05,49.05,49.05,49.05,385.1,387.4
1994-07-29,49.1,49.1,49.1,49.1,383.2,385.0
1994-08-01,49.0,49.0,49.0,49.0,383.5,384.25
1994-08-02,49.2,49.2,49.2,49.2,379.4,383.6
1994-08-03,49.2,49.2,49.2,49.2,378.0,379.25
1994-08-04,49.15,49.15,49.15,49.15,377.6,377.95
1994-08-05,49.31,49.31,49.31,49.31,377.7,377.75
1994-08-08,49.31,49.31,49.31,49.31,376.8,378.0
1994-08-09,49.31,49.31,49.31,49.31,377.75,376.9
1994-08-10,49.31,49.31,49.31,49.31,377.4,377.6
1994-08-11,49.31,49.31,49.31,49.31,378.65,377.4
1994-08-12,49.275,49.275,49.275,49.275,376.6,378.85
1994-08-15,49.275,49.275,49.275,49.275,377.4,376.75
1994-08-16,49.275,49.275,49.275,49.275,377.25,377.25
1994-08-17,49.275,49.275,49.275,49.275,377.2,377.35
1994-08-18,49.275,49.275,49.275,49.275,381.15,377.05
1994-08-19,49.21,49.21,49.21,49.21,381.9,381.2
1994-08-22,49.21,49.21,49.21,49.21,381.5,381.5
1994-08-23,49.21,49.21,49.21,49.21,381.6,381.4
1994-08-24,49.21,49.21,49.21,49.21,383.8,381.6
1994-08-25,49.21,49.21,49.21,49.21,383.25,383.7
1994-08-26,49.23,49.23,49.23,49.23,383.3,383.3
1994-08-29,49.23,49.23,49.23,49.23,386.55,383.0
1994-08-30,49.23,49.23,49.23,49.23,386.1,386.4
1994-08-31,49.23,49.23,49.23,49.23,386.0,386.0
1994-09-01,49.23,49.23,49.23,49.23,386.8,386.0
1994-09-02,49.28,49.28,49.28,49.28,386.9,386.7
1994-09-05,49.28,49.28,49.28,49.28,386.95,387.0
1994-09-06,49.28,49.28,49.28,49.28,387.75,386.95
1994-09-07,49.28,49.28,49.28,49.28,389.55,387.7
1994-09-08,49.28,49.28,49.28,49.28,390.25,389.5
1994-09-09,49.32,49.32,49.32,49.32,391.75,390.1
1994-09-12,49.32,49.32,49.32,49.32,390.7,391.8
1994-09-13,49.32,49.32,49.32,49.32,390.5,390.6
1994-09-14,49.32,49.32,49.32,49.32,388.4,390.65
1994-09-15,49.32,49.32,49.32,49.32,387.9,388.3
1994-09-16,49.29,49.29,49.29,49.29,389.6,387.9
1994-09-19,49.29,49.29,49.29,49.29,390.25,389.4
1994-09-20,49.29,49.29,49.29,49.29,393.5,390.4
1994-09-21,49.29,49.29,49.29,49.29,393.65,393.75
1994-09-22,49.29,49.29,49.29,49.29,396.2,393.6
1994-09-23,49.26,49.26,49.26,49.26,395.7,396.4
1994-09-26,49.26,49.26,49.26,49.26,394.0,396.0
1994-09-27,49.26,49.26,49.26,49.26,397.35,393.9
1994-09-28,49.26,49.26,49.26,49.26,394.2,397.2
1994-09-29,49.26,49.26,49.26,49.26,395.25,393.75
1994-09-30,49.28,49.28,49.28,49.28,394.6,395.3
1994-10-03,49.28,49.28,49.28,49.28,394.55,394.75
1994-10-04,49.28,49.28,49.28,49.28,392.45,394.5
1994-10-05,49.28,49.28,49.28,49.28,391.65,392.6
1994-10-06,49.28,49.28,49.28,49.28,392.15,391.55
1994-10-07,49.28,49.28,49.28,49.28,391.0,392.1
1994-10-10,49.28,49.28,49.28,49.28,390.4,391.2
1994-10-11,49.28,49.28,49.28,49.28,387.7,390.4
1994-10-12,49.28,49.28,49.28,49.28,387.8,387.8
1994-10-13,49.28,49.28,49.28,49.28,386.6,388.0
1994-10-14,49.18,49.18,49.18,49.18,387.4,386.85
1994-10-17,49.18,49.18,49.18,49.18,389.7,387.9
1994-10-18,49.18,49.18,49.18,49.18,388.75,389.7
1994-10-19,49.18,49.18,49.18,49.18,390.05,388.7
1994-10-20,49.18,49.18,49.18,49.18,390.8,390.05
1994-10-21,48.93,48.93,48.93,48.93,390.6,390.75
1994-10-24,48.93,48.93,48.93,48.93,389.4,390.5
1994-10-25,48.93,48.93,48.93,48.93,389.1,389.45
1994-10-26,48.93,48.93,48.93,48.93,388.85,389.0
1994-10-27,48.93,48.93,48.93,48.93,387.85,388.9
1994-10-28,48.94,48.94,48.94,48.94,386.9,388.0
1994-10-31,48.94,48.94,48.94,48.94,383.8,386.6
1994-11-01,48.94,48.94,48.94,48.94,384.2,383.7
1994-11-02,48.94,48.94,48.94,48.94,384.2,384.45
1994-11-03,48.94,48.94,48.94,48.94,383.35,384.5
1994-11-04,49.02,49.02,49.02,49.02,383.3,383.2
1994-11-07,49.02,49.02,49.02,49.02,382.25,383.5
1994-11-08,49.02,49.02,49.02,49.02,383.9,382.2
1994-11-09,49.02,49.02,49.02,49.02,383.7,383.95
1994-11-10,49.02,49.02,49.02,49.02,384.85,383.55
1994-11-11,49.03,49.03,49.03,49.03,385.0,384.9
1994-11-14,49.03,49.03,49.03,49.03,384.65,384.85
1994-11-15,49.03,49.03,49.03,49.03,386.3,384.7
1994-11-16,49.03,49.03,49.03,49.03,386.1,386.25
1994-11-17,49.03,49.03,49.03,49.03,385.25,386.1
1994-11-18,49.158,49.158,49.158,49.158,384.1,385.45
1994-11-21,49.158,49.158,49.158,49.158,383.15,384.0
1994-11-22,49.158,49.158,49.158,49.158,383.45,383.35
1994-11-23,49.158,49.158,49.158,49.158,384.45,383.35
1994-11-24,49.158,49.158,49.158,49.158,384.35,384.3
1994-11-25,49.43,49.43,49.43,49.43,384.8,384.25
1994-11-28,49.43,49.43,49.43,49.43,383.1,385.0
1994-11-29,49.43,49.43,49.43,49.43,382.95,383.1
1994-11-30,49.43,49.43,49.43,49.43,381.05,382.8
1994-12-01,49.43,49.43,49.43,49.43,379.4,380.65
1994-12-02,49.43,49.43,49.43,49.43,376.55,379.3
1994-12-05,49.3,49.3,49.3,49.3,375.85,376.7
1994-12-06,49.3,49.3,49.3,49.3,376.35,375.65
1994-12-07,49.3,49.3,49.3,49.3,376.5,376.35
1994-12-08,49.3,49.3,49.3,49.3,377.1,376.5
1994-12-09,49.46,49.46,49.46,49.46,377.1,377.0
1994-12-12,49.46,49.46,49.46,49.46,377.75,377.2
1994-12-13,49.46,49.46,49.46,49.46,377.8,377.5
1994-12-14,49.46,49.46,49.46,49.46,378.8,377.75
1994-12-15,49.46,49.46,49.46,49.46,380.3,378.75
1994-12-16,49.59,49.59,49.59,49.59,379.0,379.75
1994-12-19,49.59,49.59,49.59,49.59,379.8,378.5
1994-12-20,49.59,49.59,49.59,49.59,381.6,379.7
1994-12-21,49.59,49.59,49.59,49.59,381.6,381.75
1994-12-22,49.59,49.59,49.59,49.59,380.7,381.45
1994-12-23,49.68,49.68,49.68,49.68,380.1,380.7
1994-12-26,49.68,49.68,49.68,49.68,380.5,380.5
1994-12-27,49.68,49.68,49.68,49.68,381.4,380.9
1994-12-28,49.68,49.68,49.68,49.68,383.6,381.3
1994-12-29,49.68,49.68,49.68,49.68,382.35,383.25
1994-12-30,49.62,49.62,49.62,49.62,382.6,382.3
1995-01-02,49.62,49.62,49.62,49.62,382.9,382.9
1995-01-03,49.62,49.62,49.62,49.62,379.45,383.0
1995-01-04,49.62,49.62,49.62,49.62,374.3,379.5
1995-01-05,49.62,49.62,49.62,49.62,375.35,374.8
1995-01-06,49.8,49.8,49.8,49.8,371.7,375.55
1995-01-09,49.8,49.8,49.8,49.8,373.1,371.4
1995-01-10,49.8,49.8,49.8,49.8,374.5,373.3
1995-01-11,49.8,49.8,49.8,49.8,376.3,374.45
1995-01-12,49.8,49.8,49.8,49.8,380.0,376.3
1995-01-13,49.8,49.8,49.8,49.8,378.4,380.0
1995-01-16,49.82,49.82,49.82,49.82,377.55,378.9
1995-01-17,49.82,49.82,49.82,49.82,380.1,377.5
1995-01-18,49.82,49.82,49.82,49.82,382.05,380.0
1995-01-19,49.82,49.82,49.82,49.82,383.0,382.0
1995-01-20,49.89,49.89,49.89,49.89,384.7,382.8
1995-01-23,49.89,49.89,49.89,49.89,380.9,385.2
1995-01-24,49.89,49.89,49.89,49.89,381.35,381.15
1995-01-25,49.89,49.89,49.89,49.89,380.6,381.3
1995-01-26,49.89,49.89,49.89,49.89,381.4,380.7
1995-01-27,49.96,49.96,49.96,49.96,376.75,381.3
1995-01-30,49.96,49.96,49.96,49.96,376.6,376.7
1995-01-31,49.96,49.96,49.96,49.96,374.85,376.7
1995-02-01,49.96,49.96,49.96,49.96,375.9,374.75
1995-02-02,49.96,49.96,49.96,49.96,376.25,375.9
1995-02-03,49.94,49.94,49.94,49.94,375.7,376.05
1995-02-06,49.94,49.94,49.94,49.94,375.4,375.4
1995-02-07,49.94,49.94,49.94,49.94,374.25,375.45
1995-02-08,49.94,49.94,49.94,49.94,375.4,374.3
1995-02-09,49.94,49.94,49.94,49.94,375.8,375.35
1995-02-10,50.01,50.01,50.01,50.01,375.75,375.75
1995-02-13,49.96,49.96,49.96,49.96,375.2,376.0
1995-02-14,49.96,49.96,49.96,49.96,375.9,375.05
1995-02-15,49.96,49.96,49.96,49.96,376.1,376.1
1995-02-16,49.93,49.93,49.93,49.93,376.2,376.15
1995-02-17,49.92,49.92,49.92,49.92,378.2,376.35
1995-02-20,49.895,49.895,49.895,49.895,379.2,378.7
1995-02-21,49.93,49.93,49.93,49.93,378.1,379.15
1995-02-22,49.85,49.85,49.85,49.85,379.35,378.4
1995-02-23,49.88,49.88,49.88,49.88,379.0,379.3
1995-02-24,49.88,49.88,49.88,49.88,376.4,379.0
1995-02-27,49.88,49.88,49.88,49.88,376.1,376.75
1995-02-28,49.88,49.88,49.88,49.88,376.6,376.2
1995-03-01,49.85,49.85,49.85,49.85,374.7,377.0
1995-03-02,49.87,49.87,49.87,49.87,376.4,374.5
1995-03-03,49.87,49.87,49.87,49.87,376.4,376.4
1995-03-06,49.77,49.77,49.77,49.77,378.65,376.6
1995-03-07,49.77,49.77,49.77,49.77,383.7,378.8
1995-03-08,49.65,49.65,49.65,49.65,379.65,383.45
1995-03-09,49.65,49.65,49.65,49.65,381.15,379.45
1995-03-10,49.67,49.67,49.67,49.67,381.6,380.75
1995-03-13,49.74,49.74,49.74,49.74,384.8,382.35
1995-03-14,49.75,49.75,49.75,49.75,385.5,384.8
1995-03-15,49.74,49.74,49.74,49.74,386.2,385.8
1995-03-16,49.74,49.74,49.74,49.74,384.15,386.3
1995-03-17,49.68,49.68,49.68,49.68,383.15,384.2
1995-03-20,49.42,49.42,49.42,49.42,382.55,383.4
1995-03-21,49.45,49.45,49.45,49.45,381.7,382.4
1995-03-22,49.44,49.44,49.44,49.44,382.35,381.95
1995-03-23,49.41,49.41,49.41,49.41,383.65,382.35
1995-03-24,49.55,49.55,49.55,49.55,381.7,383.45
1995-03-27,49.47,49.47,49.47,49.47,381.65,382.15
1995-03-28,49.48,49.48,49.48,49.48,382.4,381.7
1995-03-29,49.42,49.42,49.42,49.42,381.9,382.3
1995-03-30,49.36,49.36,49.36,49.36,385.5,381.9
1995-03-31,49.45,49.45,49.45,49.45,390.5,385.7
1995-04-03,49.33,49.33,49.33,49.33,391.85,391.0
1995-04-04,49.41,49.41,49.41,49.41,391.6,391.95
1995-04-05,49.34,49.34,49.34,49.34,394.45,391.75
1995-04-06,49.31,49.31,49.31,49.31,393.1,394.5
1995-04-07,49.26,49.26,49.26,49.26,392.4,393.3
1995-04-10,49.275,49.275,49.275,49.275,389.3,392.0
1995-04-11,49.338,49.338,49.338,49.338,390.1,389.35
1995-04-12,49.3,49.3,49.3,49.3,389.7,390.3
1995-04-13,49.3,49.3,49.3,49.3,389.7,389.65
1995-04-14,49.3,49.3,49.3,49.3,391.0,390.0
1995-04-17,49.25,49.25,49.25,49.25,393.4,390.7
1995-04-18,49.335,49.335,49.335,49.335,396.0,393.2
1995-04-19,49.175,49.175,49.175,49.175,394.2,396.0
1995-04-20,49.24,49.24,49.24,49.24,391.65,394.05
1995-04-21,49.325,49.325,49.325,49.325,389.8,391.8
1995-04-24,49.3,49.3,49.3,49.3,390.1,390.6
1995-04-25,49.375,49.375,49.375,49.375,389.85,390.5
1995-04-26,49.305,49.305,49.305,49.305,386.0,389.85
1995-04-27,49.335,49.335,49.335,49.335,389.0,386.0
1995-04-28,49.36,49.36,49.36,49.36,386.5,389.25
1995-05-01,49.36,49.36,49.36,49.36,387.7,386.3
1995-05-02,49.365,49.365,49.365,49.365,388.9,387.8
1995-05-03,49.325,49.325,49.325,49.325,389.35,389.1
1995-05-04,49.315,49.315,49.315,49.315,391.0,389.6
1995-05-05,49.315,49.315,49.315,49.315,390.8,391.2
1995-05-08,49.29,49.29,49.29,49.29,389.35,390.0
1995-05-09,49.355,49.355,49.355,49.355,383.3,389.4
1995-05-10,49.395,49.395,49.395,49.395,383.6,383.5
1995-05-11,49.395,49.395,49.395,49.395,383.0,383.7
1995-05-12,49.525,49.525,49.525,49.525,383.3,383.1
1995-05-15,49.525,49.525,49.525,49.525,384.4,383.3
1995-05-16,49.6,49.6,49.6,49.6,384.3,383.3
1995-05-17,49.615,49.615,49.615,49.615,383.0,384.25
1995-05-18,49.625,49.625,49.625,49.625,383.05,383.0
1995-05-19,49.595,49.595,49.595,49.595,382.0,383.1
1995-05-22,49.595,49.595,49.595,49.595,381.7,382.05
1995-05-23,49.645,49.645,49.645,49.645,382.85,381.3
1995-05-24,49.635,49.635,49.635,49.635,383.8,383.0
1995-05-25,49.59,49.59,49.59,49.59,385.15,383.75
1995-05-26,49.535,49.535,49.535,49.535,385.5,385.05
1995-05-29,49.54,49.54,49.54,49.54,386.75,385.5
1995-05-30,49.595,49.595,49.595,49.595,384.0,386.7
1995-05-31,49.605,49.605,49.605,49.605,383.85,384.3
1995-06-01,49.755,49.755,49.755,49.755,384.2,383.8
1995-06-02,49.825,49.825,49.825,49.825,383.3,384.1
1995-06-05,49.785,49.785,49.785,49.785,384.1,383.35
1995-06-06,49.885,49.885,49.885,49.885,384.3,384.0
1995-06-07,49.875,49.875,49.875,49.875,385.85,384.35
1995-06-08,49.925,49.925,49.925,49.925,386.25,385.5
1995-06-09,49.955,49.955,49.955,49.955,387.7,386.1
1995-06-12,49.955,49.955,49.955,49.955,387.0,387.75
1995-06-13,49.97,49.97,49.97,49.97,386.2,387.0
1995-06-14,49.76,49.76,49.76,49.76,387.65,386.2
1995-06-15,49.95,49.95,49.95,49.95,390.7,387.5
1995-06-16,50.05,50.05,50.05,50.05,389.6,391.0
1995-06-19,49.985,49.985,49.985,49.985,391.05,389.85
1995-06-20,50.16,50.16,50.16,50.16,390.4,391.0
1995-06-21,50.095,50.095,50.095,50.095,390.1,390.25
1995-06-22,50.035,50.035,50.035,50.035,389.6,390.2
1995-06-23,50.175,50.175,50.175,50.175,389.65,389.45
1995-06-26,50.155,50.155,50.155,50.155,389.25,389.8
1995-06-27,50.22,50.22,50.22,50.22,389.05,389.0
1995-06-28,50.205,50.205,50.205,50.205,386.85,388.95
1995-06-29,50.345,50.345,50.345,50.345,387.8,387.0
1995-06-30,50.345,50.345,50.345,50.345,384.15,387.8
1995-07-03,50.375,50.375,50.375,50.375,384.5,384.4
1995-07-04,50.425,50.425,50.425,50.425,384.4,384.4
1995-07-05,50.59,50.59,50.59,50.59,383.8,384.6
1995-07-06,51.025,51.025,51.025,51.025,384.3,383.9
1995-07-07,51.15,51.15,51.15,51.15,385.45,384.5
1995-07-10,51.175,51.175,51.175,51.175,385.5,385.6
1995-07-11,50.6,50.6,50.6,50.6,385.6,385.5
1995-07-12,50.6,50.6,50.6,50.6,388.5,385.6
1995-07-13,50.55,50.55,50.55,50.55,388.2,388.8
1995-07-14,50.49,50.49,50.49,50.49,388.6,388.25
1995-07-17,50.625,50.625,50.625,50.625,389.0,388.4
1995-07-18,50.725,50.725,50.725,50.725,389.1,389.0
1995-07-19,50.63,50.63,50.63,50.63,388.0,389.0
1995-07-20,50.56,50.56,50.56,50.56,385.6,387.9
1995-07-21,50.61,50.61,50.61,50.61,386.1,385.7
1995-07-24,50.56,50.56,50.56,50.56,386.8,386.1
1995-07-25,50.565,50.565,50.565,50.565,385.7,386.7
1995-07-26,50.57,50.57,50.57,50.57,386.3,385.85
1995-07-27,50.565,50.565,50.565,50.565,383.2,386.25
1995-07-28,50.56,50.56,50.56,50.56,383.0,383.25
1995-07-31,50.59,50.59,50.59,50.59,382.45,383.0
1995-08-01,50.5,50.5,50.5,50.5,382.9,382.35
1995-08-02,50.47,50.47,50.47,50.47,382.8,383.0
1995-08-03,50.55,50.55,50.55,50.55,384.1,382.8
1995-08-04,50.545,50.545,50.545,50.545,383.5,384.0
1995-08-07,50.595,50.595,50.595,50.595,383.65,383.2
1995-08-08,50.64,50.64,50.64,50.64,384.4,383.8
1995-08-09,50.675,50.675,50.675,50.675,384.45,384.4
1995-08-10,50.675,50.675,50.675,50.675,384.2,384.45
1995-08-11,50.825,50.825,50.825,50.825,383.35,384.05
1995-08-14,50.89,50.89,50.89,50.89,384.15,383.4
1995-08-15,50.885,50.885,50.885,50.885,384.95,384.2
1995-08-16,51.205,51.205,51.205,51.205,382.45,384.75
1995-08-17,51.175,51.175,51.175,51.175,384.2,382.35
1995-08-18,51.17,51.17,51.17,51.17,384.65,384.4
1995-08-21,51.16,51.16,51.16,51.16,384.45,384.75
1995-08-22,51.155,51.155,51.155,51.155,383.0,384.45
1995-08-23,51.255,51.255,51.255,51.255,383.15,383.0
1995-08-24,51.225,51.225,51.225,51.225,383.1,383.25
1995-08-25,51.27,51.27,51.27,51.27,382.8,383.2
1995-08-28,51.24,51.24,51.24,51.24,383.0,382.9
1995-08-29,51.29,51.29,51.29,51.29,381.85,383.0
1995-08-30,51.44,51.44,51.44,51.44,381.3,381.8
1995-08-31,51.65,51.65,51.65,51.65,382.2,381.25
1995-09-01,51.535,51.535,51.535,51.535,380.6,382.15
1995-09-04,51.475,51.475,51.475,51.475,379.6,380.45
1995-09-05,51.53,51.53,51.53,51.53,379.8,379.5
1995-09-06,51.653,51.653,51.653,51.653,379.9,379.5
1995-09-07,51.65,51.65,51.65,51.65,382.25,379.9
1995-09-08,51.65,51.65,51.65,51.65,381.4,382.35
1995-09-11,51.69,51.69,51.69,51.69,382.35,381.5
1995-09-12,51.785,51.785,51.785,51.785,384.7,382.35
1995-09-13,51.885,51.885,51.885,51.885,384.1,384.6
1995-09-14,52.12,52.12,52.12,52.12,385.1,384.15
1995-09-15,52.25,52.25,52.25,52.25,384.9,384.15
1995-09-18,52.715,52.715,52.715,52.715,385.5,384.9
1995-09-19,52.64,52.64,52.64,52.64,385.0,385.6
1995-09-20,53.1,53.1,53.1,53.1,383.85,385.15
1995-09-21,52.75,52.75,52.75,52.75,383.95,383.8
1995-09-22,52.29,52.29,52.29,52.29,382.5,383.75
1995-09-25,52.425,52.425,52.425,52.425,382.75,382.6
1995-09-26,52.425,52.425,52.425,52.425,383.5,382.8
1995-09-27,52.6,52.6,52.6,52.6,383.0,383.4
1995-09-28,52.65,52.65,52.65,52.65,383.1,383.15
1995-09-29,52.54,52.54,52.54,52.54,383.35,383.2
1995-10-02,52.74,52.74,52.74,52.74,381.7,383.05
1995-10-03,52.635,52.635,52.635,52.635,382.25,382.05
1995-10-04,52.57,52.57,52.57,52.57,382.6,382.15
1995-10-05,52.5,52.5,52.5,52.5,382.4,382.7
1995-10-06,52.2,52.2,52.2,52.2,383.2,382.3
1995-10-09,52.1,52.1,52.1,52.1,385.0,383.25
1995-10-10,52.045,52.045,52.045,52.045,384.8,385.0
1995-10-11,52.13,52.13,52.13,52.13,384.45,384.75
1995-10-12,52.19,52.19,52.19,52.19,384.3,384.5
1995-10-13,52.17,52.17,52.17,52.17,383.85,384.3
1995-10-16,52.23,52.23,52.23,52.23,383.5,384.0
1995-10-17,52.25,52.25,52.25,52.25,383.5,383.6
1995-10-18,52.25,52.25,52.25,52.25,383.55,383.5
1995-10-19,52.34,52.34,52.34,52.34,381.75,383.4
1995-10-20,52.34,52.34,52.34,52.34,382.1,381.8
1995-10-23,52.34,52.34,52.34,52.34,382.2,382.0
1995-10-24,52.375,52.375,52.375,52.375,382.2,382.35
1995-10-25,52.37,52.37,52.37,52.37,382.55,382.2
1995-10-26,52.485,52.485,52.485,52.485,382.4,382.65
1995-10-27,52.525,52.525,52.525,52.525,382.05,382.4
1995-10-30,52.59,52.59,52.59,52.59,382.0,381.95
1995-10-31,52.585,52.585,52.585,52.585,382.4,382.0
1995-11-01,52.58,52.58,52.58,52.58,382.15,382.35
1995-11-02,52.95,52.95,52.95,52.95,382.6,382.25
1995-11-03,53.05,53.05,53.05,53.05,382.1,382.65
1995-11-06,53.05,53.05,53.05,53.05,382.3,382.4
1995-11-07,52.9,52.9,52.9,52.9,384.7,382.2
1995-11-08,52.85,52.85,52.85,52.85,384.9,384.55
1995-11-09,52.8,52.8,52.8,52.8,385.5,384.8
1995-11-10,52.77,52.77,52.77,52.77,388.99,385.6
1995-11-13,52.825,52.825,52.825,52.825,387.05,388.7
1995-11-14,52.905,52.905,52.905,52.905,385.35,387.2
1995-11-15,52.855,52.855,52.855,52.855,384.8,385.25
1995-11-16,52.855,52.855,52.855,52.855,385.5,385.0
1995-11-17,52.975,52.975,52.975,52.975,386.7,385.25
1995-11-20,53.045,53.045,53.045,53.045,386.3,386.6
1995-11-21,52.94,52.94,52.94,52.94,384.9,386.25
1995-11-22,53.46,53.46,53.46,53.46,382.6,385.1
1995-11-23,52.95,52.95,52.95,52.95,382.6,382.55
1995-11-24,52.975,52.975,52.975,52.975,383.4,382.5
1995-11-27,53.065,53.065,53.065,53.065,385.0,383.2
1995-11-28,53.2,53.2,53.2,53.2,388.5,385.1
1995-11-29,53.205,53.205,53.205,53.205,388.6,389.0
1995-11-30,53.25,53.25,53.25,53.25,387.05,388.55
1995-12-01,53.35,53.35,53.35,53.35,385.95,387.0
1995-12-04,53.7,53.7,53.7,53.7,385.9,386.4
1995-12-05,53.8,53.8,53.8,53.8,386.9,385.8
1995-12-06,53.8,53.8,53.8,53.8,388.5,387.0
1995-12-07,53.75,53.75,53.75,53.75,388.8,388.6
1995-12-08,53.65,53.65,53.65,53.65,389.5,388.8
1995-12-11,53.9,53.9,53.9,53.9,388.1,389.55
1995-12-12,53.965,53.965,53.965,53.965,388.0,388.2
1995-12-13,54.03,54.03,54.03,54.03,386.2,388.1
1995-12-14,53.9,53.9,53.9,53.9,386.0,386.25
1995-12-15,53.8,53.8,53.8,53.8,386.0,386.0
1995-12-18,53.8,53.8,53.8,53.8,387.4,386.25
1995-12-19,53.815,53.815,53.815,53.815,387.2,387.7
1995-12-20,53.85,53.85,53.85,53.85,388.5,387.2
1995-12-21,53.85,53.85,53.85,53.85,387.6,388.7
1995-12-22,54.04,54.04,54.04,54.04,387.0,387.85
1995-12-25,54.04,54.04,54.04,54.04,387.0,387.0
1995-12-26,53.58,53.58,53.58,53.58,387.45,387.15
1995-12-27,54.04,54.04,54.04,54.04,386.6,387.4
1995-12-28,54.05,54.05,54.05,54.05,386.6,386.6
1995-12-29,54.05,54.05,54.05,54.05,386.85,386.65
1996-01-02,53.81,53.81,53.81,53.81,390.4,386.9
1996-01-03,54.0,54.0,54.0,54.0,394.1,390.3
1996-01-04,53.9,53.9,53.9,53.9,394.25,394.1
1996-01-05,53.9,53.9,53.9,53.9,395.3,394.2
1996-01-08,53.915,53.915,53.915,53.915,396.4,395.5
1996-01-09,53.875,53.875,53.875,53.875,396.1,396.15
1996-01-10,53.85,53.85,53.85,53.85,399.55,396.05
1996-01-11,53.925,53.925,53.925,53.925,398.75,399.55
1996-01-12,53.97,53.97,53.97,53.97,398.8,398.75
1996-01-15,53.97,53.97,53.97,53.97,395.75,396.05
1996-01-16,54.065,54.065,54.065,54.065,398.35,395.5
1996-01-17,54.09,54.09,54.09,54.09,399.55,398.35
1996-01-18,53.83,53.83,53.83,53.83,397.25,399.85
1996-01-19,53.75,53.75,53.75,53.75,399.55,397.0
1996-01-22,53.85,53.85,53.85,53.85,403.35,400.75
1996-01-23,53.84,53.84,53.84,53.84,403.25,403.35
1996-01-24,53.8,53.8,53.8,53.8,403.4,402.55
1996-01-25,53.73,53.73,53.73,53.73,406.6,403.4
1996-01-26,53.74,53.74,53.74,53.74,405.95,406.6
1996-01-29,53.705,53.705,53.705,53.705,406.05,406.0
1996-01-30,53.685,53.685,53.685,53.685,405.15,406.05
1996-01-31,53.685,53.685,53.685,53.685,406.05,403.0
1996-02-01,53.685,53.685,53.685,53.685,411.35,406.05
1996-02-02,53.685,53.685,53.685,53.685,415.25,410.0
1996-02-05,53.685,53.685,53.685,53.685,413.7,415.6
1996-02-06,53.685,53.685,53.685,53.685,412.15,412.35
1996-02-07,53.685,53.685,53.685,53.685,408.95,415.35
1996-02-08,53.685,53.685,53.685,53.685,409.05,410.57
1996-02-09,53.685,53.685,53.685,53.685,405.55,408.85
1996-02-12,53.685,53.685,53.685,53.685,401.15,406.0
1996-02-13,53.685,53.685,53.685,53.685,403.9,402.5
1996-02-14,53.685,53.685,53.685,53.685,404.15,403.95
1996-02-15,53.685,53.685,53.685,53.685,403.35,404.75
1996-02-16,53.685,53.685,53.685,53.685,405.25,403.35
1996-02-19,53.685,53.685,53.685,53.685,405.6,406.25
1996-02-20,53.685,53.685,53.685,53.685,399.15,405.6
1996-02-21,53.685,53.685,53.685,53.685,402.25,398.75
1996-02-22,53.685,53.685,53.685,53.685,399.9,401.3
1996-02-23,53.685,53.685,53.685,53.685,399.25,399.55
1996-02-26,53.685,53.685,53.685,53.685,398.85,398.85
1996-02-27,53.685,53.685,53.685,53.685,398.25,399.75
1996-02-28,53.685,53.685,53.685,53.685,397.25,397.75
1996-02-29,53.685,53.685,53.685,53.685,399.55,400.25
1996-03-01,53.685,53.685,53.685,53.685,398.95,400.0
1996-03-04,53.685,53.685,53.685,53.685,394.0,399.25
1996-03-05,53.685,53.685,53.685,53.685,393.25,393.85
1996-03-06,53.685,53.685,53.685,53.685,393.25,394.2
1996-03-08,53.685,53.685,53.685,53.685,397.25,396.3
1996-03-11,53.685,53.685,53.685,53.685,395.8,396.75
1996-03-12,53.685,53.685,53.685,53.685,396.55,395.85
1996-03-13,53.685,53.685,53.685,53.685,397.0,397.2
1996-03-14,53.685,53.685,53.685,53.685,395.65,396.5
1996-03-15,53.685,53.685,53.685,53.685,395.35,395.75
1996-03-18,53.685,53.685,53.685,53.685,395.75,396.45
1996-03-19,53.685,53.685,53.685,53.685,395.45,395.0
1996-03-20,53.685,53.685,53.685,53.685,395.85,395.25
1996-03-21,53.685,53.685,53.685,53.685,398.15,395.0
1996-03-22,53.685,53.685,53.685,53.685,398.45,397.5
1996-03-25,53.685,53.685,53.685,53.685,398.0,397.6
1996-03-26,53.685,53.685,53.685,53.685,400.15,398.95
1996-03-27,53.685,53.685,53.685,53.685,400.05,400.15
1996-03-28,53.685,53.685,53.685,53.685,396.55,400.25
1996-03-29,53.685,53.685,53.685,53.685,395.35,396.75
1996-04-01,53.685,53.685,53.685,53.685,394.95,395.35
1996-04-02,53.685,53.685,53.685,53.685,394.05,394.95
1996-04-03,53.685,53.685,53.685,53.685,394.35,394.1
1996-04-04,53.685,53.685,53.685,53.685,395.05,394.35
1996-04-05,53.685,53.685,53.685,53.685,393.55,393.55
1996-04-08,53.685,53.685,53.685,53.685,397.95,395.25
1996-04-09,53.685,53.685,53.685,53.685,394.65,398.25
1996-04-10,53.685,53.685,53.685,53.685,395.05,396.35
1996-04-11,54.1,54.1,54.1,54.1,395.75,395.05
1996-04-12,54.1,54.1,54.1,54.1,394.55,395.25
1996-04-15,54.15,54.15,54.15,54.15,393.25,393.85
1996-04-16,54.145,54.145,54.145,54.145,391.25,393.35
1996-04-17,54.165,54.165,54.165,54.165,391.05,391.45
1996-04-18,54.175,54.175,54.175,54.175,391.15,391.05
1996-04-19,54.265,54.265,54.265,54.265,390.75,390.5
1996-04-22,54.365,54.365,54.365,54.365,391.65,390.75
1996-04-23,54.43,54.43,54.43,54.43,391.45,391.75
1996-04-24,54.45,54.45,54.45,54.45,390.75,392.0
1996-04-25,54.47,54.47,54.47,54.47,393.45,390.5
1996-04-26,54.47,54.47,54.47,54.47,390.6,394.25
1996-04-29,54.47,54.47,54.47,54.47,390.45,390.75
1996-04-30,54.735,54.735,54.735,54.735,391.65,389.95
1996-05-01,54.735,54.735,54.735,54.735,392.95,391.95
1996-05-02,54.785,54.785,54.785,54.785,393.85,392.55
1996-05-03,54.785,54.785,54.785,54.785,392.45,393.25
1996-05-06,54.78,54.78,54.78,54.78,393.25,393.25
1996-05-07,54.78,54.78,54.78,54.78,393.6,393.05
1996-05-08,54.78,54.78,54.78,54.78,393.05,393.75
1996-05-09,54.78,54.78,54.78,54.78,392.95,394.65
1996-05-10,54.78,54.78,54.78,54.78,390.35,392.75
1996-05-13,54.817,54.817,54.817,54.817,391.45,392.25
1996-05-14,54.84,54.84,54.84,54.84,391.85,391.5
1996-05-15,54.89,54.89,54.89,54.89,392.45,391.8
1996-05-16,54.95,54.95,54.95,54.95,392.65,391.85
1996-05-17,54.94,54.94,54.94,54.94,392.25,392.15
1996-05-20,54.99,54.99,54.99,54.99,390.85,392.25
1996-05-21,54.973,54.973,54.973,54.973,391.05,390.85
1996-05-22,54.973,54.973,54.973,54.973,391.75,391.25
1996-05-23,55.015,55.015,55.015,55.015,391.75,391.75
1996-05-24,55.014,55.014,55.014,55.014,391.0,391.75
1996-05-27,54.925,54.925,54.925,54.925,391.0,391.0
1996-05-28,54.925,54.925,54.925,54.925,391.35,392.15
1996-05-29,54.95,54.95,54.95,54.95,391.25,391.35
1996-05-30,54.95,54.95,54.95,54.95,391.25,391.25
1996-05-31,54.95,54.95,54.95,54.95,390.75,391.25
1996-06-04,55.22,55.22,55.22,55.22,388.05,390.95
1996-06-05,55.27,55.27,55.27,55.27,386.25,388.05
1996-06-06,55.315,55.315,55.315,55.315,385.85,386.25
1996-06-07,55.335,55.335,55.335,55.335,385.35,385.85
1996-06-10,55.39,55.39,55.39,55.39,386.25,385.5
1996-06-11,55.395,55.395,55.395,55.395,384.5,386.25
1996-06-12,55.465,55.465,55.465,55.465,384.45,384.5
1996-06-13,55.45,55.45,55.45,55.45,384.45,384.95
1996-06-14,55.5,55.5,55.5,55.5,384.25,384.45
1996-06-17,55.545,55.545,55.545,55.545,385.35,384.25
1996-06-18,55.535,55.535,55.535,55.535,385.75,385.35
1996-06-19,55.47,55.47,55.47,55.47,384.55,385.75
1996-06-20,55.6,55.6,55.6,55.6,384.35,384.55
1996-06-21,55.65,55.65,55.65,55.65,384.95,384.35
1996-06-24,55.69,55.69,55.69,55.69,385.05,384.95
1996-06-25,55.74,55.74,55.74,55.74,383.95,384.95
1996-06-26,55.765,55.765,55.765,55.765,383.15,383.95
1996-06-27,55.75,55.75,55.75,55.75,382.25,383.15
1996-06-28,55.505,55.505,55.505,55.505,380.45,382.25
1996-07-01,55.325,55.325,55.325,55.325,382.0,380.25
1996-07-02,55.23,55.23,55.23,55.23,381.85,382.0
1996-07-03,55.17,55.17,55.17,55.17,382.1,381.85
1996-07-04,55.25,55.25,55.25,55.25,381.0,382.1
1996-07-05,55.225,55.225,55.225,55.225,381.75,381.0
1996-07-08,55.225,55.225,55.225,55.225,381.25,381.75
1996-07-09,55.225,55.225,55.225,55.225,382.85,382.15
1996-07-10,55.295,55.295,55.295,55.295,382.45,383.5
1996-07-11,55.345,55.345,55.345,55.345,383.5,382.45
1996-07-12,55.325,55.325,55.325,55.325,383.75,383.5
1996-07-15,55.46,55.46,55.46,55.46,383.0,383.75
1996-07-16,55.4,55.4,55.4,55.4,385.0,383.0
1996-07-17,55.385,55.385,55.385,55.385,383.75,385.0
1996-07-18,55.385,55.385,55.385,55.385,383.95,383.75
1996-07-19,55.385,55.385,55.385,55.385,384.95,383.95
1996-07-22,55.365,55.365,55.365,55.365,384.75,384.95
1996-07-23,55.2,55.2,55.2,55.2,384.75,384.75
1996-07-24,55.14,55.14,55.14,55.14,385.75,384.75
1996-07-25,55.14,55.14,55.14,55.14,384.95,385.75
1996-07-26,55.11,55.11,55.11,55.11,385.25,384.95
1996-07-29,55.11,55.11,55.11,55.11,384.55,385.25
1996-07-30,55.11,55.11,55.11,55.11,384.75,384.55
1996-07-31,55.12,55.12,55.12,55.12,387.35,384.75
1996-08-01,55.1,55.1,55.1,55.1,386.35,387.35
1996-08-02,55.11,55.11,55.11,55.11,386.45,386.35
1996-08-05,55.075,55.075,55.075,55.075,389.15,386.45
1996-08-06,55.115,55.115,55.115,55.115,388.65,389.5
1996-08-07,55.19,55.19,55.19,55.19,388.35,388.65
1996-08-08,55.265,55.265,55.265,55.265,388.65,388.35
1996-08-09,55.375,55.375,55.375,55.375,387.75,388.65
1996-08-12,55.61,55.61,55.61,55.61,387.75,387.75
1996-08-13,55.7,55.7,55.7,55.7,387.65,387.75
1996-08-14,55.74,55.74,55.74,55.74,386.5,387.75
1996-08-15,55.85,55.85,55.85,55.85,386.4,386.5
1996-08-16,55.8,55.8,55.8,55.8,386.25,386.4
1996-08-19,55.85,55.85,55.85,55.85,387.35,386.5
1996-08-20,55.83,55.83,55.83,55.83,387.85,387.35
1996-08-21,55.745,55.745,55.745,55.745,386.85,387.72
1996-08-22,55.75,55.75,55.75,55.75,387.5,387.0
1996-08-23,55.75,55.75,55.75,55.75,387.7,387.5
1996-08-26,55.765,55.765,55.765,55.765,389.65,387.7
1996-08-27,55.75,55.75,55.75,55.75,389.15,389.65
1996-08-28,55.75,55.75,55.75,55.75,388.15,388.85
1996-08-29,55.6,55.6,55.6,55.6,387.85,388.15
1996-08-30,55.6,55.6,55.6,55.6,386.5,387.85
1996-09-02,55.68,55.68,55.68,55.68,387.0,386.5
1996-09-03,55.81,55.81,55.81,55.81,386.15,387.0
1996-09-04,55.875,55.875,55.875,55.875,385.55,386.15
1996-09-05,55.82,55.82,55.82,55.82,385.75,386.0
1996-09-06,55.75,55.75,55.75,55.75,385.05,385.75
1996-09-09,55.755,55.755,55.755,55.755,383.55,385.05
1996-09-10,55.755,55.755,55.755,55.755,383.25,383.55
1996-09-11,55.82,55.82,55.82,55.82,383.15,383.25
1996-09-12,55.845,55.845,55.845,55.845,382.55,383.15
1996-09-13,56.0,56.0,56.0,56.0,383.05,382.45
1996-09-16,56.09,56.09,56.09,56.09,383.15,382.75
1996-09-17,56.22,56.22,56.22,56.22,383.4,383.15
1996-09-18,56.195,56.195,56.195,56.195,383.25,383.4
1996-09-19,56.275,56.275,56.275,56.275,382.75,383.25
1996-09-20,56.4,56.4,56.4,56.4,381.85,382.75
1996-09-23,56.43,56.43,56.43,56.43,381.65,381.35
1996-09-24,56.4,56.4,56.4,56.4,383.05,381.35
1996-09-25,56.44,56.44,56.44,56.44,382.25,383.05
1996-09-26,56.44,56.44,56.44,56.44,381.15,382.25
1996-09-27,56.475,56.475,56.475,56.475,381.0,381.15
1996-09-30,56.6,56.6,56.6,56.6,378.25,379.65
1996-10-01,56.8,56.8,56.8,56.8,378.75,378.05
1996-10-02,56.815,56.815,56.815,56.815,380.15,378.75
1996-10-03,56.9,56.9,56.9,56.9,380.15,380.15
1996-10-04,56.9,56.9,56.9,56.9,380.45,380.15
1996-10-07,56.9,56.9,56.9,56.9,380.35,380.0
1996-10-08,56.87,56.87,56.87,56.87,380.95,380.35
1996-10-09,56.885,56.885,56.885,56.885,381.25,380.95
1996-10-10,56.9,56.9,56.9,56.9,382.25,381.25
1996-10-11,57.05,57.05,57.05,57.05,381.25,382.25
1996-10-14,56.94,56.94,56.94,56.94,381.6,381.25
1996-10-15,57.025,57.025,57.025,57.025,381.25,381.75
1996-10-16,57.045,57.045,57.045,57.045,381.75,381.25
1996-10-17,57.05,57.05,57.05,57.05,380.55,381.75
1996-10-18,57.075,57.075,57.075,57.075,380.25,380.75
1996-10-21,57.145,57.145,57.145,57.145,382.0,380.25
1996-10-22,57.17,57.17,57.17,57.17,384.15,382.0
1996-10-23,57.155,57.155,57.155,57.155,383.75,384.15
1996-10-24,57.15,57.15,57.15,57.15,383.0,383.75
1996-10-25,57.12,57.12,57.12,57.12,382.6,383.0
1996-10-28,57.05,57.05,57.05,57.05,383.0,382.6
1996-10-29,57.115,57.115,57.115,57.115,380.65,383.3
1996-10-30,57.115,57.115,57.115,57.115,380.25,380.65
1996-10-31,57.05,57.05,57.05,57.05,378.3,380.45
1996-11-01,57.085,57.085,57.085,57.085,377.85,378.3
1996-11-04,57.075,57.075,57.075,57.075,378.9,377.95
1996-11-05,57.095,57.095,57.095,57.095,379.4,378.75
1996-11-06,57.095,57.095,57.095,57.095,378.6,379.0
1996-11-07,57.055,57.055,57.055,57.055,380.55,378.1
1996-11-08,57.06,57.06,57.06,57.06,379.05,379.05
1996-11-11,57.05,57.05,57.05,57.05,380.75,379.05
1996-11-12,56.85,56.85,56.85,56.85,381.75,380.75
1996-11-13,56.75,56.75,56.75,56.75,383.55,381.75
1996-11-14,56.8,56.8,56.8,56.8,382.5,383.55
1996-11-15,56.95,56.95,56.95,56.95,379.75,382.5
1996-11-18,57.01,57.01,57.01,57.01,379.0,380.35
1996-11-19,57.0,57.0,57.0,57.0,378.5,378.75
1996-11-20,57.0,57.0,57.0,57.0,379.25,378.5
1996-11-21,56.99,56.99,56.99,56.99,376.4,379.25
1996-11-22,56.6,56.6,56.6,56.6,377.25,376.85
1996-11-25,56.55,56.55,56.55,56.55,375.5,377.25
1996-11-26,56.55,56.55,56.55,56.55,373.85,374.0
1996-11-27,56.59,56.59,56.59,56.59,373.75,374.9
1996-11-28,56.7,56.7,56.7,56.7,372.75,373.75
1996-11-29,56.63,56.63,56.63,56.63,371.65,372.45
1996-12-02,56.675,56.675,56.675,56.675,371.05,370.8
1996-12-03,56.75,56.75,56.75,56.75,367.85,367.95
1996-12-04,56.725,56.725,56.725,56.725,369.9,369.35
1996-12-05,56.73,56.73,56.73,56.73,370.25,369.35
1996-12-06,56.75,56.75,56.75,56.75,368.26,370.25
1996-12-09,56.73,56.73,56.73,56.73,368.85,368.25
1996-12-10,56.73,56.73,56.73,56.73,368.45,368.85
1996-12-11,56.72,56.72,56.72,56.72,368.65,368.45
1996-12-12,56.75,56.75,56.75,56.75,368.75,368.65
1996-12-13,56.77,56.77,56.77,56.77,368.7,368.75
1996-12-16,56.745,56.745,56.745,56.745,368.1,368.7
1996-12-17,56.625,56.625,56.625,56.625,368.55,368.0
1996-12-18,56.525,56.525,56.525,56.525,369.3,368.55
1996-12-19,56.5,56.5,56.5,56.5,369.1,369.45
1996-12-20,56.425,56.425,56.425,56.425,369.25,369.0
1996-12-23,56.69,56.69,56.69,56.69,368.7,369.25
1996-12-24,56.69,56.69,56.69,56.69,368.85,369.05
1996-12-25,56.69,56.69,56.69,56.69,369.05,368.85
1996-12-26,56.69,56.69,56.69,56.69,368.85,369.05
1996-12-27,56.85,56.85,56.85,56.85,369.6,368.85
1996-12-30,56.73,56.73,56.73,56.73,369.35,369.6
1996-12-31,56.73,56.73,56.73,56.73,369.45,369.35
1997-01-02,56.73,56.73,56.73,56.73,365.7,368.45
1997-01-03,56.86,56.86,56.86,56.86,361.8,365.55
1997-01-06,57.1,57.1,57.1,57.1,357.85,361.65
1997-01-07,57.175,57.175,57.175,57.175,358.85,357.85
1997-01-08,57.15,57.15,57.15,57.15,355.75,358.85
1997-01-09,57.2,57.2,57.2,57.2,357.25,355.1
1997-01-10,57.21,57.21,57.21,57.21,359.05,357.1
1997-01-13,57.295,57.295,57.295,57.295,358.75,358.75
1997-01-14,57.295,57.295,57.295,57.295,353.55,358.25
1997-01-15,57.225,57.225,57.225,57.225,352.25,353.55
1997-01-16,57.16,57.16,57.16,57.16,354.05,352.4
1997-01-17,57.015,57.015,57.015,57.015,355.45,354.05
1997-01-20,56.9,56.9,56.9,56.9,353.85,355.05
1997-01-21,57.05,57.05,57.05,57.05,352.95,353.85
1997-01-22,57.175,57.175,57.175,57.175,351.0,352.85
1997-01-23,57.175,57.175,57.175,57.175,351.75,350.85
1997-01-24,57.5,57.5,57.5,57.5,352.55,351.75
1997-01-27,57.6,57.6,57.6,57.6,356.5,352.7
1997-01-28,57.64,57.64,57.64,57.64,353.25,355.9
1997-01-29,57.65,57.65,57.65,57.65,351.25,353.25
1997-01-30,57.67,57.67,57.67,57.67,345.65,351.25
1997-01-31,57.69,57.69,57.69,57.69,344.1,345.6
1997-02-03,57.68,57.68,57.68,57.68,346.65,344.5
1997-02-04,57.68,57.68,57.68,57.68,344.35,346.65
1997-02-05,57.7,57.7,57.7,57.7,344.25,344.35
1997-02-06,57.76,57.76,57.76,57.76,342.95,344.25
1997-02-07,57.8,57.8,57.8,57.8,340.65,342.95
1997-02-10,57.82,57.82,57.82,57.82,341.4,340.65
1997-02-11,57.81,57.81,57.81,57.81,340.0,340.85
1997-02-12,57.825,57.825,57.825,57.825,343.05,338.0
1997-02-13,57.74,57.74,57.74,57.74,343.7,343.7
1997-02-14,57.73,57.73,57.73,57.73,342.7,342.7
1997-02-17,57.7,57.7,57.7,57.7,344.0,344.0
1997-02-18,57.595,57.595,57.595,57.595,345.35,344.0
1997-02-19,57.45,57.45,57.45,57.45,345.85,345.85
1997-02-20,57.53,57.53,57.53,57.53,351.0,345.85
1997-02-21,57.53,57.53,57.53,57.53,352.25,351.35
1997-02-24,57.45,57.45,57.45,57.45,353.1,352.25
1997-02-25,57.46,57.46,57.46,57.46,354.25,352.35
1997-02-26,57.475,57.475,57.475,57.475,354.25,354.35
1997-02-27,57.525,57.525,57.525,57.525,359.25,355.1
1997-02-28,57.5,57.5,57.5,57.5,363.25,360.0
1997-03-03,57.59,57.59,57.59,57.59,362.1,363.15
1997-03-04,57.65,57.65,57.65,57.65,358.95,362.04
1997-03-05,57.865,57.865,57.865,57.865,352.75,358.75
1997-03-06,57.8,57.8,57.8,57.8,352.04,353.05
1997-03-07,57.75,57.75,57.75,57.75,349.0,351.85
1997-03-10,57.8,57.8,57.8,57.8,351.75,349.2
1997-03-11,57.79,57.79,57.79,57.79,353.75,351.75
1997-03-12,57.68,57.68,57.68,57.68,351.25,353.75
1997-03-13,57.7,57.7,57.7,57.7,353.35,351.25
1997-03-14,57.75,57.75,57.75,57.75,352.95,353.5
1997-03-17,57.73,57.73,57.73,57.73,347.45,352.95
1997-03-18,57.62,57.62,57.62,57.62,348.35,347.45
1997-03-19,57.7,57.7,57.7,57.7,352.25,348.35
1997-03-20,57.685,57.685,57.685,57.685,351.25,351.9
1997-03-21,57.805,57.805,57.805,57.805,352.55,351.3
1997-03-24,57.77,57.77,57.77,57.77,350.15,352.55
1997-03-25,57.97,57.97,57.97,57.97,348.64,350.15
1997-03-26,58.25,58.25,58.25,58.25,350.45,348.64
1997-03-27,58.125,58.125,58.125,58.125,348.15,350.35
1997-03-28,58.125,58.125,58.125,58.125,348.85,348.15
1997-03-31,58.33,58.33,58.33,58.33,351.05,348.85
1997-04-01,58.325,58.325,58.325,58.325,351.95,351.05
1997-04-02,58.225,58.225,58.225,58.225,349.05,351.95
1997-04-03,58.35,58.35,58.35,58.35,348.75,349.05
1997-04-04,58.375,58.375,58.375,58.375,349.0,348.55
1997-04-07,58.4,58.4,58.4,58.4,348.3,349.0
1997-04-08,58.4,58.4,58.4,58.4,348.55,348.3
1997-04-09,58.6,58.6,58.6,58.6,348.05,348.0
1997-04-10,58.7,58.7,58.7,58.7,348.0,348.35
1997-04-11,58.83,58.83,58.83,58.83,346.95,348.0
1997-04-14,58.83,58.83,58.83,58.83,346.45,346.95
1997-04-15,58.83,58.83,58.83,58.83,341.75,346.45
1997-04-16,58.975,58.975,58.975,58.975,341.35,341.6
1997-04-17,58.96,58.96,58.96,58.96,342.55,341.35
1997-04-18,59.4,59.4,59.4,59.4,341.35,342.55
1997-04-21,58.85,58.85,58.85,58.85,343.04,341.35
1997-04-22,58.85,58.85,58.85,58.85,341.7,342.75
1997-04-23,59.08,59.08,59.08,59.08,340.85,341.05
1997-04-24,59.11,59.11,59.11,59.11,340.75,341.15
1997-04-25,59.17,59.17,59.17,59.17,342.25,340.75
1997-04-28,59.295,59.295,59.295,59.295,339.5,342.25
1997-04-29,59.28,59.28,59.28,59.28,339.85,339.45
1997-04-30,59.2,59.2,59.2,59.2,339.25,339.85
1997-05-01,59.2,59.2,59.2,59.2,340.25,339.25
1997-05-02,59.275,59.275,59.275,59.275,340.25,340.25
1997-05-05,59.5,59.5,59.5,59.5,342.95,340.25
1997-05-06,59.35,59.35,59.35,59.35,340.25,342.95
1997-05-07,59.45,59.45,59.45,59.45,341.25,340.25
1997-05-08,59.28,59.28,59.28,59.28,343.5,341.25
1997-05-09,59.305,59.305,59.305,59.305,348.0,343.5
1997-05-12,59.225,59.225,59.225,59.225,347.75,348.0
1997-05-13,58.8,58.8,58.8,58.8,349.5,347.75
1997-05-14,58.62,58.62,58.62,58.62,347.55,348.6
1997-05-15,58.425,58.425,58.425,58.425,347.2,347.55
1997-05-16,58.55,58.55,58.55,58.55,344.15,347.2
1997-05-19,58.575,58.575,58.575,58.575,341.65,344.15
1997-05-20,58.55,58.55,58.55,58.55,342.95,341.2
1997-05-21,58.55,58.55,58.55,58.55,342.54,342.85
1997-05-22,58.55,58.55,58.55,58.55,342.85,342.54
1997-05-23,58.55,58.55,58.55,58.55,342.6,342.6
1997-05-26,58.54,58.54,58.54,58.54,343.1,342.6
1997-05-27,58.45,58.45,58.45,58.45,343.65,343.1
1997-05-28,58.3,58.3,58.3,58.3,344.5,343.65
1997-05-29,58.33,58.33,58.33,58.33,344.35,344.5
1997-05-30,58.305,58.305,58.305,58.305,344.75,344.35
1997-06-02,58.41,58.41,58.41,58.41,343.95,344.75
1997-06-03,58.65,58.65,58.65,58.65,343.45,343.75
1997-06-04,58.65,58.65,58.65,58.65,341.64,343.45
1997-06-05,58.71,58.71,58.71,58.71,342.45,342.15
1997-06-09,58.6,58.6,58.6,58.6,344.0,343.65
1997-06-10,58.65,58.65,58.65,58.65,343.95,344.1
1997-06-11,58.375,58.375,58.375,58.375,344.14,343.4
1997-06-12,58.33,58.33,58.33,58.33,342.25,344.14
1997-06-13,58.475,58.475,58.475,58.475,341.54,342.25
1997-06-16,58.55,58.55,58.55,58.55,342.0,341.54
1997-06-17,58.45,58.45,58.45,58.45,341.75,342.0
1997-06-18,58.41,58.41,58.41,58.41,340.15,341.75
1997-06-19,58.55,58.55,58.55,58.55,339.14,339.2
1997-06-20,58.55,58.55,58.55,58.55,337.55,339.14
1997-06-23,58.45,58.45,58.45,58.45,339.05,337.55
1997-06-24,58.45,58.45,58.45,58.45,337.85,339.05
1997-06-25,58.49,58.49,58.49,58.49,337.45,337.85
1997-06-26,58.475,58.475,58.475,58.475,338.25,337.45
1997-06-27,58.44,58.44,58.44,58.44,334.75,338.25
1997-06-30,58.49,58.49,58.49,58.49,334.0,334.75
1997-07-01,58.495,58.495,58.495,58.495,334.05,333.8
1997-07-02,58.5,58.5,58.5,58.5,331.55,334.05
1997-07-03,58.495,58.495,58.495,58.495,324.75,331.55
1997-07-04,58.5,58.5,58.5,58.5,324.5,324.75
1997-07-07,58.47,58.47,58.47,58.47,318.65,324.5
1997-07-08,58.56,58.56,58.56,58.56,320.25,318.0
1997-07-09,58.57,58.57,58.57,58.57,318.25,320.25
1997-07-10,58.56,58.56,58.56,58.56,319.65,318.25
1997-07-11,58.565,58.565,58.565,58.565,321.55,320.85
1997-07-14,58.565,58.565,58.565,58.565,319.75,321.55
1997-07-15,58.6,58.6,58.6,58.6,318.05,319.1
1997-07-16,58.71,58.71,58.71,58.71,318.0,318.05
1997-07-17,58.71,58.71,58.71,58.71,324.0,318.0
1997-07-18,58.71,58.71,58.71,58.71,326.25,324.0
1997-07-21,58.725,58.725,58.725,58.725,326.65,326.25
1997-07-22,58.75,58.75,58.75,58.75,325.6,325.5
1997-07-23,58.77,58.77,58.77,58.77,322.0,323.0
1997-07-24,58.8,58.8,58.8,58.8,324.0,321.1
1997-07-25,58.85,58.85,58.85,58.85,325.75,324.0
1997-07-28,58.84,58.84,58.84,58.84,327.4,325.45
1997-07-29,58.765,58.765,58.765,58.765,325.85,328.0
1997-07-30,58.83,58.83,58.83,58.83,326.45,325.85
1997-07-31,58.85,58.85,58.85,58.85,324.55,326.45
1997-08-01,58.93,58.93,58.93,58.93,324.75,324.39
1997-08-04,58.91,58.91,58.91,58.91,323.95,324.0
1997-08-05,58.93,58.93,58.93,58.93,319.25,323.95
1997-08-06,58.95,58.95,58.95,58.95,319.75,319.15
1997-08-07,58.95,58.95,58.95,58.95,321.85,318.75
1997-08-08,58.95,58.95,58.95,58.95,325.85,321.85
1997-08-11,58.95,58.95,58.95,58.95,328.65,326.5
1997-08-12,58.95,58.95,58.95,58.95,326.95,328.25
1997-08-13,58.95,58.95,58.95,58.95,328.25,327.35
1997-08-14,58.9,58.9,58.9,58.9,325.0,327.37
1997-08-15,58.95,58.95,58.95,58.95,324.5,323.55
1997-08-18,58.95,58.95,58.95,58.95,321.45,326.25
1997-08-19,58.925,58.925,58.925,58.925,323.35,321.35
1997-08-20,58.925,58.925,58.925,58.925,321.25,323.35
1997-08-21,58.9,58.9,58.9,58.9,323.35,321.25
1997-08-25,58.975,58.975,58.975,58.975,324.7,324.65
1997-08-26,58.975,58.975,58.975,58.975,325.75,324.7
1997-08-27,59.1,59.1,59.1,59.1,325.45,325.75
1997-08-28,58.927,58.927,58.927,58.927,323.95,325.45
1997-08-29,59.285,59.285,59.285,59.285,324.15,323.95
1997-09-01,59.435,59.435,59.435,59.435,324.65,324.15
1997-09-02,59.825,59.825,59.825,59.825,322.75,324.65
1997-09-03,59.75,59.75,59.75,59.75,322.05,322.3
1997-09-04,59.34,59.34,59.34,59.34,321.35,322.05
1997-09-05,59.5,59.5,59.5,59.5,322.25,321.35
1997-09-08,59.47,59.47,59.47,59.47,321.95,322.25
1997-09-09,59.495,59.495,59.495,59.495,321.5,321.95
1997-09-10,59.67,59.67,59.67,59.67,321.45,321.5
1997-09-11,59.75,59.75,59.75,59.75,324.05,321.55
1997-09-12,59.68,59.68,59.68,59.68,323.75,324.05
1997-09-15,59.64,59.64,59.64,59.64,322.95,323.75
1997-09-16,59.64,59.64,59.64,59.64,320.75,322.95
1997-09-17,59.64,59.64,59.64,59.64,320.25,320.75
1997-09-18,59.55,59.55,59.55,59.55,320.65,320.25
1997-09-19,59.62,59.62,59.62,59.62,320.85,320.65
1997-09-22,59.58,59.58,59.58,59.58,320.95,320.85
1997-09-23,59.7,59.7,59.7,59.7,321.95,320.85
1997-09-24,59.655,59.655,59.655,59.655,323.65,322.15
1997-09-25,59.6,59.6,59.6,59.6,327.15,323.05
1997-09-26,59.645,59.645,59.645,59.645,326.75,326.25
1997-09-29,59.75,59.75,59.75,59.75,328.25,326.75
1997-09-30,59.75,59.75,59.75,59.75,334.45,328.25
1997-10-01,59.73,59.73,59.73,59.73,334.0,334.45
1997-10-02,59.92,59.92,59.92,59.92,331.45,334.0
1997-10-03,60.0,60.0,60.0,60.0,334.85,331.45
1997-10-06,59.94,59.94,59.94,59.94,332.55,334.85
1997-10-07,59.875,59.875,59.875,59.875,331.25,331.42
1997-10-08,59.65,59.65,59.65,59.65,333.25,332.0
1997-10-09,59.36,59.36,59.36,59.36,327.25,333.25
1997-10-10,59.375,59.375,59.375,59.375,329.65,327.25
1997-10-13,59.38,59.38,59.38,59.38,328.45,329.65
1997-10-14,59.475,59.475,59.475,59.475,327.95,328.4
1997-10-15,59.475,59.475,59.475,59.475,326.95,327.0
1997-10-16,59.475,59.475,59.475,59.475,325.85,326.95
1997-10-17,59.475,59.475,59.475,59.475,325.05,325.85
1997-10-20,59.675,59.675,59.675,59.675,323.65,325.14
1997-10-21,59.65,59.65,59.65,59.65,322.9,324.05
1997-10-22,59.63,59.63,59.63,59.63,322.45,322.75
1997-10-23,59.675,59.675,59.675,59.675,323.65,322.45
1997-10-24,59.675,59.675,59.675,59.675,310.35,323.65
1997-10-27,59.75,59.75,59.75,59.75,311.85,309.67
1997-10-28,59.66,59.66,59.66,59.66,315.75,311.85
1997-10-29,59.665,59.665,59.665,59.665,313.85,314.35
1997-10-30,59.665,59.665,59.665,59.665,316.45,313.64
1997-10-31,59.775,59.775,59.775,59.775,311.45,312.55
1997-11-03,59.805,59.805,59.805,59.805,313.45,312.3
1997-11-04,59.835,59.835,59.835,59.835,313.85,313.5
1997-11-05,59.845,59.845,59.845,59.845,313.55,314.05
1997-11-06,59.93,59.93,59.93,59.93,312.45,313.45
1997-11-07,59.925,59.925,59.925,59.925,310.25,312.15
1997-11-10,59.875,59.875,59.875,59.875,310.15,309.6
1997-11-11,59.83,59.83,59.83,59.83,309.75,309.75
1997-11-12,59.865,59.865,59.865,59.865,307.45,309.15
1997-11-13,59.865,59.865,59.865,59.865,307.85,308.1
1997-11-14,59.865,59.865,59.865,59.865,303.35,307.4
1997-11-17,59.87,59.87,59.87,59.87,303.85,303.55
1997-11-18,59.875,59.875,59.875,59.875,306.75,303.35
1997-11-19,59.885,59.885,59.885,59.885,303.95,306.0
1997-11-20,59.965,59.965,59.965,59.965,302.85,303.25
1997-11-21,60.125,60.125,60.125,60.125,304.95,303.7
1997-11-24,60.275,60.275,60.275,60.275,302.95,304.85
1997-11-25,60.405,60.405,60.405,60.405,300.55,302.75
1997-11-26,60.8,60.8,60.8,60.8,296.55,299.05
1997-11-27,60.78,60.78,60.78,60.78,296.25,296.35
1997-11-28,60.75,60.75,60.75,60.75,297.0,296.0
1997-12-01,60.875,60.875,60.875,60.875,293.85,297.25
1997-12-02,61.3,61.3,61.3,61.3,293.65,293.25
1997-12-03,61.22,61.22,61.22,61.22,292.35,293.54
1997-12-04,61.06,61.06,61.06,61.06,286.25,291.0
1997-12-05,61.15,61.15,61.15,61.15,288.25,286.04
1997-12-08,61.225,61.225,61.225,61.225,287.85,288.15
1997-12-09,61.33,61.33,61.33,61.33,282.75,287.35
1997-12-10,61.45,61.45,61.45,61.45,286.65,284.0
1997-12-11,61.45,61.45,61.45,61.45,284.05,287.95
1997-12-12,61.61,61.61,61.61,61.61,282.85,283.85
1997-12-15,61.63,61.63,61.63,61.63,284.35,282.95
1997-12-16,61.725,61.725,61.725,61.725,283.75,284.45
1997-12-17,61.55,61.55,61.55,61.55,289.15,283.54
1997-12-18,61.55,61.55,61.55,61.55,287.35,288.3
1997-12-19,61.55,61.55,61.55,61.55,289.05,286.45
1997-12-22,61.65,61.65,61.65,61.65,291.1,289.1
1997-12-23,61.7,61.7,61.7,61.7,293.75,291.35
1997-12-24,61.785,61.785,61.785,61.785,296.2,294.0
1997-12-25,61.785,61.785,61.785,61.785,296.25,296.0
1997-12-26,61.78,61.78,61.78,61.78,295.25,296.0
1997-12-29,61.665,61.665,61.665,61.665,291.0,294.2
1997-12-30,61.66,61.66,61.66,61.66,290.3,290.5
1997-12-31,61.75,61.75,61.75,61.75,288.8,290.1
1998-01-02,61.835,61.835,61.835,61.835,288.25,287.85
1998-01-05,61.92,61.92,61.92,61.92,281.85,287.85
1998-01-06,62.045,62.045,62.045,62.045,281.45,281.75
1998-01-07,62.05,62.05,62.05,62.05,283.85,280.8
1998-01-08,61.985,61.985,61.985,61.985,280.95,283.3
1998-01-09,62.04,62.04,62.04,62.04,278.5,282.0
1998-01-12,62.04,62.04,62.04,62.04,278.15,278.35
1998-01-13,61.885,61.885,61.885,61.885,282.75,277.05
1998-01-14,61.885,61.885,61.885,61.885,281.45,283.05
1998-01-15,62.0,62.0,62.0,62.0,285.75,281.7
1998-01-16,62.07,62.07,62.07,62.07,290.15,287.25
1998-01-19,62.065,62.065,62.065,62.065,287.45,290.25
1998-01-20,62.1,62.1,62.1,62.1,290.45,288.35
1998-01-21,62.125,62.125,62.125,62.125,292.55,290.9
1998-01-22,62.2,62.2,62.2,62.2,290.45,293.15
1998-01-23,62.3,62.3,62.3,62.3,299.62,290.15
1998-01-26,61.975,61.975,61.975,61.975,296.75,298.88
1998-01-27,62.35,62.35,62.35,62.35,300.55,298.55
1998-01-28,62.275,62.275,62.275,62.275,305.95,300.0
1998-01-29,62.25,62.25,62.25,62.25,302.85,303.38
1998-01-30,62.25,62.25,62.25,62.25,302.75,302.6
1998-02-02,62.2,62.2,62.2,62.2,302.95,301.95
1998-02-03,62.525,62.525,62.525,62.525,295.25,303.2
1998-02-04,62.5,62.5,62.5,62.5,299.25,296.25
1998-02-05,62.475,62.475,62.475,62.475,298.4,299.15
1998-02-06,62.3,62.3,62.3,62.3,298.75,298.25
1998-02-09,62.5,62.5,62.5,62.5,300.0,298.45
1998-02-10,62.528,62.528,62.528,62.528,300.45,301.0
1998-02-11,62.45,62.45,62.45,62.45,300.05,300.9
1998-02-12,62.3,62.3,62.3,62.3,298.75,300.35
1998-02-13,62.1,62.1,62.1,62.1,299.85,298.8
1998-02-16,61.765,61.765,61.765,61.765,298.35,298.95
1998-02-17,62.1,62.1,62.1,62.1,298.0,298.3
1998-02-18,61.975,61.975,61.975,61.975,297.55,297.45
1998-02-19,62.1,62.1,62.1,62.1,298.95,297.95
1998-02-20,62.05,62.05,62.05,62.05,297.25,298.75
1998-02-23,62.15,62.15,62.15,62.15,293.45,296.85
1998-02-24,61.975,61.975,61.975,61.975,291.45,293.75
1998-02-25,61.9,61.9,61.9,61.9,292.25,291.25
1998-02-26,62.175,62.175,62.175,62.175,293.55,292.05
1998-02-27,61.675,61.675,61.675,61.675,299.15,296.15
1998-03-02,62.0,62.0,62.0,62.0,299.7,299.75
1998-03-03,61.59,61.59,61.59,61.59,297.85,298.65
1998-03-04,61.565,61.565,61.565,61.565,296.05,297.5
1998-03-05,61.625,61.625,61.625,61.625,293.45,296.14
1998-03-06,61.725,61.725,61.725,61.725,294.45,293.5
1998-03-09,62.1,62.1,62.1,62.1,294.45,294.2
1998-03-10,61.575,61.575,61.575,61.575,296.0,294.2
1998-03-11,61.9,61.9,61.9,61.9,294.6,295.85
1998-03-12,61.9,61.9,61.9,61.9,294.55,294.45
1998-03-13,61.9,61.9,61.9,61.9,295.35,295.2
1998-03-16,62.0,62.0,62.0,62.0,294.15,295.4
1998-03-17,61.8,61.8,61.8,61.8,292.1,294.25
1998-03-18,61.9,61.9,61.9,61.9,291.15,292.35
1998-03-19,62.025,62.025,62.025,62.025,291.75,291.4
1998-03-20,62.0,62.0,62.0,62.0,291.95,291.1
1998-03-23,62.1,62.1,62.1,62.1,298.95,292.35
1998-03-24,62.65,62.65,62.65,62.65,299.55,297.35
1998-03-25,62.75,62.75,62.75,62.75,297.95,298.95
1998-03-26,62.625,62.625,62.625,62.625,301.55,298.85
1998-03-27,62.275,62.275,62.275,62.275,302.25,301.75
1998-03-30,62.245,62.245,62.245,62.245,301.85,302.35
1998-03-31,62.375,62.375,62.375,62.375,300.95,301.4
1998-04-01,62.55,62.55,62.55,62.55,299.75,300.7
1998-04-02,62.4,62.4,62.4,62.4,302.25,299.4
1998-04-03,62.345,62.345,62.345,62.345,307.75,302.0
1998-04-06,62.355,62.355,62.355,62.355,309.15,308.25
1998-04-07,62.625,62.625,62.625,62.625,309.85,309.25
1998-04-08,62.5,62.5,62.5,62.5,309.15,310.0
1998-04-09,62.7,62.7,62.7,62.7,308.45,309.3
1998-04-10,62.7,62.7,62.7,62.7,307.75,307.75
1998-04-13,62.7,62.7,62.7,62.7,310.85,310.85
1998-04-15,62.525,62.525,62.525,62.525,307.25,307.35
1998-04-16,62.45,62.45,62.45,62.45,308.15,306.6
1998-04-17,62.5,62.5,62.5,62.5,307.75,308.25
1998-04-20,62.95,62.95,62.95,62.95,307.95,307.15
1998-04-21,63.05,63.05,63.05,63.05,307.75,308.25
1998-04-22,62.75,62.75,62.75,62.75,313.25,311.05
1998-04-23,62.85,62.85,62.85,62.85,314.05,313.0
1998-04-24,62.95,62.95,62.95,62.95,312.65,313.85
1998-04-27,62.925,62.925,62.925,62.925,309.65,312.5
1998-04-28,63.275,63.275,63.275,63.275,307.95,309.62
1998-04-29,63.225,63.225,63.225,63.225,310.25,307.9
1998-04-30,63.305,63.305,63.305,63.305,306.65,310.14
1998-05-01,63.305,63.305,63.305,63.305,306.25,306.5
1998-05-04,63.425,63.425,63.425,63.425,304.35,304.77
1998-05-05,63.52,63.52,63.52,63.52,303.35,303.9
1998-05-06,63.7,63.7,63.7,63.7,300.75,303.85
1998-05-07,63.725,63.725,63.725,63.725,298.45,300.7
1998-05-08,63.89,63.89,63.89,63.89,299.85,298.75
1998-05-11,63.9,63.9,63.9,63.9,300.35,299.8
1998-05-12,63.9,63.9,63.9,63.9,298.15,300.05
1998-05-13,63.925,63.925,63.925,63.925,298.45,298.05
1998-05-14,64.15,64.15,64.15,64.15,299.05,298.55
1998-05-15,64.275,64.275,64.275,64.275,301.35,298.85
1998-05-18,64.525,64.525,64.525,64.525,299.55,301.25
1998-05-19,64.65,64.65,64.65,64.65,298.75,299.4
1998-05-20,64.48,64.48,64.48,64.48,299.75,298.1
1998-05-22,64.205,64.205,64.205,64.205,300.05,300.65
1998-05-25,64.275,64.275,64.275,64.275,299.75,299.6
1998-05-26,64.65,64.65,64.65,64.65,295.55,299.55
1998-05-27,64.65,64.65,64.65,64.65,293.85,295.0
1998-05-28,65.0,65.0,65.0,65.0,293.2,294.4
1998-05-29,65.0,65.0,65.0,65.0,292.95,292.9
1998-06-01,65.1,65.1,65.1,65.1,288.65,293.0
1998-06-02,64.95,64.95,64.95,64.95,291.15,288.25
1998-06-04,64.85,64.85,64.85,64.85,293.55,292.65
1998-06-05,65.1,65.1,65.1,65.1,291.65,292.8
1998-06-08,65.25,65.25,65.25,65.25,295.95,291.7
1998-06-09,65.25,65.25,65.25,65.25,293.65,295.0
1998-06-10,65.25,65.25,65.25,65.25,293.25,293.05
1998-06-11,65.15,65.15,65.15,65.15,287.05,292.6
1998-06-12,65.025,65.025,65.025,65.025,286.0,286.75
1998-06-15,64.925,64.925,64.925,64.925,284.85,285.5
1998-06-16,64.85,64.85,64.85,64.85,288.65,284.5
1998-06-17,65.1,65.1,65.1,65.1,293.45,289.1
1998-06-18,64.85,64.85,64.85,64.85,293.25,295.55
1998-06-19,65.0,65.0,65.0,65.0,299.25,293.25
1998-06-22,65.01,65.01,65.01,65.01,295.75,295.25
1998-06-23,65.0,65.0,65.0,65.0,295.05,295.5
1998-06-24,65.0,65.0,65.0,65.0,292.85,294.25
1998-06-25,65.4,65.4,65.4,65.4,293.85,292.7
1998-06-26,65.2,65.2,65.2,65.2,293.85,293.5
1998-06-29,65.375,65.375,65.375,65.375,293.65,293.0
1998-06-30,65.4,65.4,65.4,65.4,296.95,293.55
1998-07-01,65.225,65.225,65.225,65.225,296.45,297.95
1998-07-02,65.6,65.6,65.6,65.6,293.85,296.0
1998-07-03,65.55,65.55,65.55,65.55,294.49,293.75
1998-07-06,65.7,65.7,65.7,65.7,293.25,294.1
1998-07-07,65.8,65.8,65.8,65.8,294.95,293.65
1998-07-08,65.8,65.8,65.8,65.8,293.25,295.15
1998-07-09,65.8,65.8,65.8,65.8,291.65,293.25
1998-07-10,65.5,65.5,65.5,65.5,290.85,291.25
1998-07-13,65.825,65.825,65.825,65.825,291.65,289.5
1998-07-14,65.665,65.665,65.665,65.665,293.35,291.55
1998-07-15,65.925,65.925,65.925,65.925,293.95,293.15
1998-07-16,65.8,65.8,65.8,65.8,293.25,293.6
1998-07-17,65.625,65.625,65.625,65.625,294.5,293.35
1998-07-20,65.725,65.725,65.725,65.725,296.0,294.25
1998-07-21,65.925,65.925,65.925,65.925,294.9,295.65
1998-07-22,66.05,66.05,66.05,66.05,294.15,294.85
1998-07-23,65.95,65.95,65.95,65.95,293.15,294.25
1998-07-24,65.85,65.85,65.85,65.85,291.15,294.0
1998-07-27,65.875,65.875,65.875,65.875,290.35,291.05
1998-07-28,65.925,65.925,65.925,65.925,291.75,290.0
1998-07-29,65.6,65.6,65.6,65.6,290.05,291.75
1998-07-30,65.625,65.625,65.625,65.625,288.85,289.5
1998-07-31,65.925,65.925,65.925,65.925,286.45,289.05
1998-08-03,66.25,66.25,66.25,66.25,283.75,286.45
1998-08-04,66.45,66.45,66.45,66.45,288.45,283.8
1998-08-05,66.345,66.345,66.345,66.345,287.95,288.45
1998-08-06,66.435,66.435,66.435,66.435,287.35,287.5
1998-08-07,66.435,66.435,66.435,66.435,286.65,287.5
1998-08-10,66.575,66.575,66.575,66.575,287.45,286.85
1998-08-11,66.45,66.45,66.45,66.45,283.95,287.45
1998-08-12,66.35,66.35,66.35,66.35,282.75,283.85
1998-08-13,66.33,66.33,66.33,66.33,285.35,283.05
1998-08-14,66.25,66.25,66.25,66.25,284.05,285.15
1998-08-17,66.65,66.65,66.65,66.65,285.05,284.55
1998-08-18,66.575,66.575,66.575,66.575,284.95,284.5
1998-08-19,66.19,66.19,66.19,66.19,283.35,285.6
1998-08-20,66.3,66.3,66.3,66.3,285.15,283.55
1998-08-21,66.6,66.6,66.6,66.6,283.55,284.9
1998-08-24,66.4,66.4,66.4,66.4,284.65,284.85
1998-08-25,66.425,66.425,66.425,66.425,283.05,284.3
1998-08-26,66.55,66.55,66.55,66.55,282.25,283.2
1998-08-27,66.55,66.55,66.55,66.55,276.55,280.95
1998-08-28,66.4,66.4,66.4,66.4,274.35,277.6
1998-08-31,66.525,66.525,66.525,66.525,275.55,274.15
1998-09-01,66.375,66.375,66.375,66.375,278.85,277.9
1998-09-03,66.23,66.23,66.23,66.23,285.35,278.75
1998-09-04,66.45,66.45,66.45,66.45,286.85,285.65
1998-09-07,66.25,66.25,66.25,66.25,288.45,287.05
1998-09-08,65.97,65.97,65.97,65.97,286.05,287.45
1998-09-09,66.15,66.15,66.15,66.15,284.25,286.5
1998-09-10,66.025,66.025,66.025,66.025,290.45,284.15
1998-09-11,65.975,65.975,65.975,65.975,293.75,291.05
1998-09-14,65.85,65.85,65.85,65.85,290.35,292.65
1998-09-15,65.95,65.95,65.95,65.95,289.65,289.75
1998-09-16,66.095,66.095,66.095,66.095,287.65,289.2
1998-09-17,66.1,66.1,66.1,66.1,291.45,287.85
1998-09-18,66.08,66.08,66.08,66.08,291.45,292.2
1998-09-21,66.065,66.065,66.065,66.065,288.95,290.6
1998-09-22,65.965,65.965,65.965,65.965,287.65,288.6
1998-09-23,66.115,66.115,66.115,66.115,289.55,288.0
1998-09-24,66.155,66.155,66.155,66.155,293.85,290.95
1998-09-25,66.18,66.18,66.18,66.18,293.95,294.45
1998-09-28,66.115,66.115,66.115,66.115,295.85,294.65
1998-09-29,66.085,66.085,66.085,66.085,294.65,297.0
1998-09-30,65.985,65.985,65.985,65.985,296.95,295.2
1998-10-01,66.025,66.025,66.025,66.025,300.2,296.45
1998-10-02,65.825,65.825,65.825,65.825,300.55,300.35
1998-10-05,65.75,65.75,65.75,65.75,297.55,299.95
1998-10-06,65.85,65.85,65.85,65.85,296.55,297.0
1998-10-07,65.48,65.48,65.48,65.48,301.0,298.2
1998-10-08,65.47,65.47,65.47,65.47,299.65,301.85
1998-10-09,65.545,65.545,65.545,65.545,296.75,300.4
1998-10-12,65.63,65.63,65.63,65.63,296.25,297.15
1998-10-13,65.8,65.8,65.8,65.8,296.55,296.0
1998-10-14,65.975,65.975,65.975,65.975,296.05,296.55
1998-10-15,66.275,66.275,66.275,66.275,297.35,296.25
1998-10-16,66.295,66.295,66.295,66.295,299.95,299.75
1998-10-19,66.31,66.31,66.31,66.31,296.15,300.05
1998-10-20,66.29,66.29,66.29,66.29,296.25,295.55
1998-10-21,66.375,66.375,66.375,66.375,295.25,296.1
1998-10-22,66.585,66.585,66.585,66.585,292.25,295.05
1998-10-23,66.58,66.58,66.58,66.58,292.85,293.1
1998-10-26,66.4,66.4,66.4,66.4,292.45,292.6
1998-10-27,66.925,66.925,66.925,66.925,293.75,292.15
1998-10-28,66.995,66.995,66.995,66.995,293.05,292.9
1998-10-29,67.02,67.02,67.02,67.02,293.65,293.1
1998-10-30,67.075,67.075,67.075,67.075,292.55,293.65
1998-11-02,67.095,67.095,67.095,67.095,289.95,292.6
1998-11-03,67.095,67.095,67.095,67.095,288.95,290.35
1998-11-04,67.2,67.2,67.2,67.2,290.95,289.8
1998-11-05,67.225,67.225,67.225,67.225,294.05,291.14
1998-11-06,67.27,67.27,67.27,67.27,293.2,293.45
1998-11-09,67.395,67.395,67.395,67.395,292.7,292.75
1998-11-10,67.525,67.525,67.525,67.525,293.6,292.55
1998-11-11,67.495,67.495,67.495,67.495,293.35,293.55
1998-11-12,67.515,67.515,67.515,67.515,296.95,293.45
1998-11-13,67.63,67.63,67.63,67.63,295.85,296.65
1998-11-17,67.57,67.57,67.57,67.57,294.1,294.15
1998-11-18,67.445,67.445,67.445,67.445,297.55,294.15
1998-11-19,67.6,67.6,67.6,67.6,295.75,297.5
1998-11-20,67.695,67.695,67.695,67.695,296.25,296.6
1998-11-23,67.785,67.785,67.785,67.785,296.0,296.05
1998-11-24,67.8,67.8,67.8,67.8,296.25,296.45
1998-11-25,67.895,67.895,67.895,67.895,296.6,296.25
1998-11-26,67.875,67.875,67.875,67.875,296.55,296.7
1998-11-27,67.85,67.85,67.85,67.85,296.2,296.0
1998-11-30,67.9,67.9,67.9,67.9,293.25,296.05
1998-12-01,67.9,67.9,67.9,67.9,293.75,293.3
1998-12-02,67.95,67.95,67.95,67.95,293.05,294.0
1998-12-03,67.95,67.95,67.95,67.95,291.85,293.2
1998-12-04,67.875,67.875,67.875,67.875,292.15,292.05
1998-12-07,68.075,68.075,68.075,68.075,295.05,292.55
1998-12-08,67.69,67.69,67.69,67.69,293.85,295.15
1998-12-09,67.805,67.805,67.805,67.805,294.05,294.1
1998-12-10,67.975,67.975,67.975,67.975,294.25,294.05
1998-12-11,67.985,67.985,67.985,67.985,290.85,295.25
1998-12-14,68.055,68.055,68.055,68.055,291.35,292.0
1998-12-15,68.085,68.085,68.085,68.085,292.85,291.55
1998-12-16,68.15,68.15,68.15,68.15,295.05,293.1
1998-12-17,68.23,68.23,68.23,68.23,291.55,296.0
1998-12-21,68.085,68.085,68.085,68.085,288.95,290.05
1998-12-22,68.215,68.215,68.215,68.215,287.65,288.6
1998-12-23,68.25,68.25,68.25,68.25,286.75,287.6
1998-12-24,68.305,68.305,68.305,68.305,286.25,287.05
1998-12-28,68.325,68.325,68.325,68.325,286.65,286.35
1998-12-29,68.365,68.365,68.365,68.365,286.25,286.7
1998-12-30,68.4,68.4,68.4,68.4,287.05,286.25
1998-12-31,68.43,68.43,68.43,68.43,288.25,287.25
1999-01-04,68.405,68.405,68.405,68.405,287.35,288.55
1999-01-05,68.375,68.375,68.375,68.375,286.95,287.65
1999-01-06,68.38,68.38,68.38,68.38,287.65,286.9
1999-01-07,68.485,68.485,68.485,68.485,291.6,288.1
1999-01-08,68.46,68.46,68.46,68.46,291.35,291.45
1999-01-11,68.545,68.545,68.545,68.545,292.95,290.8
1999-01-12,68.635,68.635,68.635,68.635,288.55,292.7
1999-01-13,68.615,68.615,68.615,68.615,286.75,288.35
1999-01-14,68.535,68.535,68.535,68.535,286.95,286.0
1999-01-15,68.535,68.535,68.535,68.535,286.95,286.5
1999-01-18,68.58,68.58,68.58,68.58,287.25,286.5
1999-01-19,68.55,68.55,68.55,68.55,286.5,287.3
1999-01-20,68.605,68.605,68.605,68.605,287.15,286.9
1999-01-21,68.625,68.625,68.625,68.625,287.65,287.25
1999-01-22,68.66,68.66,68.66,68.66,286.45,287.35
1999-01-25,68.7,68.7,68.7,68.7,287.8,286.45
1999-01-26,68.68,68.68,68.68,68.68,286.0,287.65
1999-01-27,68.75,68.75,68.75,68.75,283.15,285.95
1999-01-28,68.86,68.86,68.86,68.86,284.25,283.4
1999-01-29,68.825,68.825,68.825,68.825,286.05,284.3
1999-02-01,68.91,68.91,68.91,68.91,288.85,286.65
1999-02-02,68.685,68.685,68.685,68.685,288.55,288.9
1999-02-03,68.775,68.775,68.775,68.775,287.65,288.35
1999-02-04,68.775,68.775,68.775,68.775,290.05,287.25
1999-02-05,68.805,68.805,68.805,68.805,288.55,289.9
1999-02-08,68.945,68.945,68.945,68.945,289.55,289.05
1999-02-09,68.905,68.905,68.905,68.905,287.55,288.9
1999-02-10,68.825,68.825,68.825,68.825,287.15,287.85
1999-02-11,68.975,68.975,68.975,68.975,287.95,287.15
1999-02-12,69.095,69.095,69.095,69.095,289.55,287.95
1999-02-15,69.045,69.045,69.045,69.045,289.5,289.4
1999-02-16,69.14,69.14,69.14,69.14,284.95,288.1
1999-02-17,69.185,69.185,69.185,69.185,284.75,285.45
1999-02-18,69.2,69.2,69.2,69.2,286.45,285.75
1999-02-19,69.29,69.29,69.29,69.29,288.25,286.45
1999-02-22,69.365,69.365,69.365,69.365,287.25,287.85
1999-02-23,69.255,69.255,69.255,69.255,287.45,286.9
1999-02-24,69.43,69.43,69.43,69.43,286.4,287.3
1999-02-25,69.525,69.525,69.525,69.525,287.95,287.45
1999-02-26,69.53,69.53,69.53,69.53,287.05,286.95
1999-03-01,69.53,69.53,69.53,69.53,286.65,286.75
1999-03-02,69.585,69.585,69.585,69.585,286.75,286.5
1999-03-03,69.595,69.595,69.595,69.595,287.15,286.75
1999-03-04,69.625,69.625,69.625,69.625,288.05,286.35
1999-03-05,69.725,69.725,69.725,69.725,288.45,288.0
1999-03-08,69.7,69.7,69.7,69.7,291.55,288.05
1999-03-09,69.73,69.73,69.73,69.73,292.05,291.3
1999-03-10,69.675,69.675,69.675,69.675,292.95,291.75
1999-03-11,69.695,69.695,69.695,69.695,294.35,293.45
1999-03-12,69.65,69.65,69.65,69.65,292.25,294.4
1999-03-15,69.525,69.525,69.525,69.525,286.65,292.15
1999-03-16,69.425,69.425,69.425,69.425,284.05,286.9
1999-03-17,69.325,69.325,69.325,69.325,284.0,283.85
1999-03-18,69.525,69.525,69.525,69.525,283.3,283.85
1999-03-19,69.385,69.385,69.385,69.385,284.25,283.25
1999-03-22,69.495,69.495,69.495,69.495,284.75,284.45
1999-03-23,69.5,69.5,69.5,69.5,284.55,284.7
1999-03-24,69.4,69.4,69.4,69.4,283.95,284.5
1999-03-25,69.3,69.3,69.3,69.3,283.45,284.0
1999-03-26,69.345,69.345,69.345,69.345,279.75,283.55
1999-03-29,69.355,69.355,69.355,69.355,280.35,280.25
1999-03-30,69.425,69.425,69.425,69.425,279.35,280.0
1999-03-31,69.425,69.425,69.425,69.425,280.05,279.75
1999-04-01,69.51,69.51,69.51,69.51,280.45,280.15
1999-04-05,69.475,69.475,69.475,69.475,278.45,279.65
1999-04-06,69.4,69.4,69.4,69.4,279.85,278.5
1999-04-07,69.275,69.275,69.275,69.275,280.55,280.55
1999-04-08,69.225,69.225,69.225,69.225,280.85,279.95
1999-04-09,69.275,69.275,69.275,69.275,281.55,280.3
1999-04-12,69.435,69.435,69.435,69.435,282.85,281.85
1999-04-13,69.435,69.435,69.435,69.435,283.95,282.75
1999-04-14,69.435,69.435,69.435,69.435,281.45,283.7
1999-04-15,69.5,69.5,69.5,69.5,283.55,281.85
1999-04-16,69.5,69.5,69.5,69.5,284.25,283.75
1999-04-19,69.51,69.51,69.51,69.51,284.55,283.65
1999-04-20,69.67,69.67,69.67,69.67,284.45,284.5
1999-04-21,69.655,69.655,69.655,69.655,283.85,284.35
1999-04-22,69.66,69.66,69.66,69.66,283.75,283.55
1999-04-23,69.45,69.45,69.45,69.45,283.55,284.2
1999-04-26,69.89,69.89,69.89,69.89,281.15,283.2
1999-04-27,69.81,69.81,69.81,69.81,282.25,281.1
1999-04-28,69.55,69.55,69.55,69.55,282.85,282.05
1999-04-29,69.625,69.625,69.625,69.625,286.05,283.15
1999-04-30,69.625,69.625,69.625,69.625,286.05,285.65
1999-05-03,69.59,69.59,69.59,69.59,286.25,286.45
1999-05-04,69.69,69.69,69.69,69.69,285.65,286.45
1999-05-05,69.775,69.775,69.775,69.775,287.45,285.75
1999-05-06,69.825,69.825,69.825,69.825,289.55,286.95
1999-05-07,69.855,69.855,69.855,69.855,282.75,289.15
1999-05-10,70.075,70.075,70.075,70.075,278.65,281.9
1999-05-11,70.325,70.325,70.325,70.325,278.35,278.4
1999-05-12,70.54,70.54,70.54,70.54,277.05,278.45
1999-05-13,70.71,70.71,70.71,70.71,277.65,277.5
1999-05-14,70.7,70.7,70.7,70.7,275.95,278.1
1999-05-17,70.875,70.875,70.875,70.875,274.45,275.7
1999-05-18,70.775,70.775,70.775,70.775,274.25,274.7
1999-05-19,70.825,70.825,70.825,70.825,272.95,273.75
1999-05-20,70.775,70.775,70.775,70.775,274.45,273.25
1999-05-21,70.82,70.82,70.82,70.82,272.85,274.6
1999-05-24,70.85,70.85,70.85,70.85,272.65,272.4
1999-05-25,70.765,70.765,70.765,70.765,270.65,272.9
1999-05-26,70.75,70.75,70.75,70.75,269.15,270.75
1999-05-27,70.885,70.885,70.885,70.885,270.45,269.3
1999-05-28,70.85,70.85,70.85,70.85,270.25,270.65
1999-05-31,70.85,70.85,70.85,70.85,270.35,270.4
1999-06-01,70.875,70.875,70.875,70.875,267.65,270.05
1999-06-02,70.725,70.725,70.725,70.725,265.65,267.7
1999-06-04,70.8,70.8,70.8,70.8,264.8,266.7
1999-06-07,70.75,70.75,70.75,70.75,265.55,264.55
1999-06-08,70.85,70.85,70.85,70.85,262.25,265.05
1999-06-09,70.805,70.805,70.805,70.805,259.55,262.55
1999-06-10,70.885,70.885,70.885,70.885,258.45,259.0
1999-06-11,70.875,70.875,70.875,70.875,260.65,261.0
1999-06-14,70.965,70.965,70.965,70.965,260.55,259.3
1999-06-15,71.225,71.225,71.225,71.225,259.45,260.2
1999-06-16,71.05,71.05,71.05,71.05,258.35,258.55
1999-06-17,71.0,71.0,71.0,71.0,258.45,258.4
1999-06-18,71.27,71.27,71.27,71.27,259.55,258.77
1999-06-21,71.25,71.25,71.25,71.25,258.95,259.25
1999-06-22,71.3,71.3,71.3,71.3,258.35,259.1
1999-06-23,71.445,71.445,71.445,71.445,260.5,258.2
1999-06-24,71.615,71.615,71.615,71.615,260.55,260.7
1999-06-25,71.55,71.55,71.55,71.55,259.45,261.1
1999-06-28,71.7,71.7,71.7,71.7,260.8,259.6
1999-06-29,71.56,71.56,71.56,71.56,260.75,260.8
1999-06-30,71.55,71.55,71.55,71.55,261.2,260.9
1999-07-01,71.425,71.425,71.425,71.425,262.75,262.6
1999-07-02,71.35,71.35,71.35,71.35,263.3,263.45
1999-07-05,71.49,71.49,71.49,71.49,262.1,263.05
1999-07-06,71.65,71.65,71.65,71.65,256.85,262.0
1999-07-07,71.55,71.55,71.55,71.55,257.35,256.65
1999-07-08,71.55,71.55,71.55,71.55,256.95,257.0
1999-07-09,71.65,71.65,71.65,71.65,257.15,256.5
1999-07-12,71.7,71.7,71.7,71.7,255.65,256.9
1999-07-13,71.7,71.7,71.7,71.7,255.85,254.5
1999-07-14,71.85,71.85,71.85,71.85,254.25,255.85
1999-07-15,71.85,71.85,71.85,71.85,254.05,254.1
1999-07-16,71.85,71.85,71.85,71.85,253.9,254.2
1999-07-19,71.575,71.575,71.575,71.575,253.25,254.0
1999-07-20,71.575,71.575,71.575,71.575,253.45,253.0
1999-07-21,71.7,71.7,71.7,71.7,255.25,253.3
1999-07-22,71.7,71.7,71.7,71.7,255.95,255.45
1999-07-23,71.75,71.75,71.75,71.75,254.75,255.7
1999-07-26,71.8,71.8,71.8,71.8,253.95,254.15
1999-07-27,71.8,71.8,71.8,71.8,253.85,254.05
1999-07-28,71.75,71.75,71.75,71.75,254.05,253.6
1999-07-29,71.75,71.75,71.75,71.75,257.05,254.85
1999-07-30,71.6,71.6,71.6,71.6,255.95,256.6
1999-08-02,71.6,71.6,71.6,71.6,255.25,255.9
1999-08-03,71.55,71.55,71.55,71.55,256.15,254.65
1999-08-04,71.45,71.45,71.45,71.45,256.15,257.05
1999-08-05,71.4,71.4,71.4,71.4,255.45,256.3
1999-08-06,71.4,71.4,71.4,71.4,256.05,255.45
1999-08-09,71.4,71.4,71.4,71.4,257.15,255.95
1999-08-10,71.4,71.4,71.4,71.4,257.35,257.55
1999-08-11,71.4,71.4,71.4,71.4,258.95,259.65
1999-08-12,71.4,71.4,71.4,71.4,261.05,259.35
1999-08-13,71.7,71.7,71.7,71.7,260.85,260.95
1999-08-16,71.85,71.85,71.85,71.85,260.15,259.25
1999-08-17,71.665,71.665,71.665,71.665,261.45,259.6
1999-08-18,71.8,71.8,71.8,71.8,259.65,261.65
1999-08-19,71.63,71.63,71.63,71.63,258.75,259.5
1999-08-20,71.75,71.75,71.75,71.75,257.35,258.45
1999-08-23,71.8,71.8,71.8,71.8,254.35,257.25
1999-08-24,71.8,71.8,71.8,71.8,252.85,254.85
1999-08-25,71.755,71.755,71.755,71.755,252.35,253.35
1999-08-26,71.9,71.9,71.9,71.9,252.95,252.5
1999-08-31,71.8,71.8,71.8,71.8,255.75,254.75
1999-09-01,71.7,71.7,71.7,71.7,253.95,254.85
1999-09-03,71.76,71.76,71.76,71.76,254.25,253.95
1999-09-06,71.76,71.76,71.76,71.76,254.9,255.0
1999-09-07,71.55,71.55,71.55,71.55,255.95,255.15
1999-09-08,71.55,71.55,71.55,71.55,256.45,256.25
1999-09-09,71.55,71.55,71.55,71.55,257.25,256.25
1999-09-10,71.55,71.55,71.55,71.55,256.55,256.65
1999-09-13,71.65,71.65,71.65,71.65,256.65,256.5
1999-09-14,71.65,71.65,71.65,71.65,257.25,256.65
1999-09-15,71.65,71.65,71.65,71.65,256.75,256.45
1999-09-16,71.7,71.7,71.7,71.7,256.45,256.45
1999-09-17,71.7,71.7,71.7,71.7,255.3,256.25
1999-09-20,71.9,71.9,71.9,71.9,255.05,255.0
1999-09-21,71.625,71.625,71.625,71.625,261.05,254.7
1999-09-22,71.625,71.625,71.625,71.625,264.55,260.5
1999-09-23,72.0,72.0,72.0,72.0,266.15,263.65
1999-09-24,71.7,71.7,71.7,71.7,268.75,266.25
1999-09-27,71.85,71.85,71.85,71.85,282.45,268.75
1999-09-28,71.85,71.85,71.85,71.85,309.15,284.5
1999-09-29,71.85,71.85,71.85,71.85,304.0,308.5
1999-09-30,71.73,71.73,71.73,71.73,299.2,303.0
1999-10-01,71.7,71.7,71.7,71.7,305.5,300.25
1999-10-04,71.55,71.55,71.55,71.55,318.8,307.75
1999-10-05,71.45,71.45,71.45,71.45,325.5,326.75
1999-10-06,71.15,71.15,71.15,71.15,325.5,324.5
1999-10-07,71.45,71.45,71.45,71.45,323.8,326.0
1999-10-08,71.4,71.4,71.4,71.4,321.2,323.0
1999-10-11,71.45,71.45,71.45,71.45,319.8,319.25
1999-10-12,71.65,71.65,71.65,71.65,317.7,319.25
1999-10-13,71.65,71.65,71.65,71.65,321.3,318.0
1999-10-14,71.7,71.7,71.7,71.7,312.5,322.75
1999-10-15,71.8,71.8,71.8,71.8,315.4,314.75
1999-10-18,71.8,71.8,71.8,71.8,310.7,315.62
1999-10-19,71.8,71.8,71.8,71.8,308.6,311.5
1999-10-20,71.7,71.7,71.7,71.7,306.3,307.7
1999-10-21,71.55,71.55,71.55,71.55,304.7,306.5
1999-10-22,71.48,71.48,71.48,71.48,302.1,303.88
1999-10-25,71.5,71.5,71.5,71.5,299.7,300.75
1999-10-26,71.5,71.5,71.5,71.5,289.35,295.75
1999-10-27,71.4,71.4,71.4,71.4,293.5,287.25
1999-10-28,71.45,71.45,71.45,71.45,299.45,298.0
1999-10-29,71.55,71.55,71.55,71.55,299.2,300.25
1999-11-01,71.4,71.4,71.4,71.4,290.55,293.75
1999-11-02,71.4,71.4,71.4,71.4,291.45,291.5
1999-11-03,71.4,71.4,71.4,71.4,292.3,291.75
1999-11-04,71.5,71.5,71.5,71.5,292.6,292.75
1999-11-05,71.6,71.6,71.6,71.6,290.55,292.05
1999-11-08,71.7,71.7,71.7,71.7,289.7,288.5
1999-11-09,72.05,72.05,72.05,72.05,292.1,290.0
1999-11-10,72.05,72.05,72.05,72.05,298.0,292.25
1999-11-11,71.95,71.95,71.95,71.95,294.0,297.15
1999-11-12,72.05,72.05,72.05,72.05,291.3,294.0
1999-11-15,71.8,71.8,71.8,71.8,291.5,291.25
1999-11-16,72.15,72.15,72.15,72.15,294.6,291.75
1999-11-17,72.1,72.1,72.1,72.1,295.1,294.05
1999-11-18,71.95,71.95,71.95,71.95,294.25,295.0
1999-11-19,71.95,71.95,71.95,71.95,295.0,293.55
1999-11-22,71.95,71.95,71.95,71.95,295.0,293.95
1999-11-23,71.95,71.95,71.95,71.95,298.3,294.95
1999-11-24,72.0,72.0,72.0,72.0,298.2,297.95
1999-11-25,72.05,72.05,72.05,72.05,298.38,298.9
1999-11-26,71.9,71.9,71.9,71.9,297.12,298.5
1999-11-29,72.05,72.05,72.05,72.05,291.2,296.1
1999-11-30,72.1,72.1,72.1,72.1,290.7,290.9
1999-12-01,72.25,72.25,72.25,72.25,289.7,290.75
1999-12-02,72.05,72.05,72.05,72.05,285.0,289.25
1999-12-03,72.2,72.2,72.2,72.2,280.1,284.1
1999-12-06,71.975,71.975,71.975,71.975,276.1,280.05
1999-12-07,72.25,72.25,72.25,72.25,283.25,278.85
1999-12-08,72.25,72.25,72.25,72.25,281.95,283.85
1999-12-09,72.25,72.25,72.25,72.25,278.6,281.45
1999-12-10,71.95,71.95,71.95,71.95,278.95,278.1
1999-12-13,71.95,71.95,71.95,71.95,280.5,279.15
1999-12-14,71.85,71.85,71.85,71.85,280.3,280.4
1999-12-15,71.85,71.85,71.85,71.85,282.75,279.9
1999-12-16,71.85,71.85,71.85,71.85,281.95,283.15
1999-12-17,71.7,71.7,71.7,71.7,283.65,281.8
1999-12-20,71.55,71.55,71.55,71.55,284.15,283.6
1999-12-21,71.55,71.55,71.55,71.55,287.73,284.4
1999-12-22,71.55,71.55,71.55,71.55,286.85,287.73
1999-12-23,71.55,71.55,71.55,71.55,286.95,286.88
1999-12-24,71.575,71.575,71.575,71.575,287.75,286.75
1999-12-27,71.55,71.55,71.55,71.55,288.0,287.95
1999-12-28,71.5,71.5,71.5,71.5,289.8,288.1
1999-12-29,71.5,71.5,71.5,71.5,290.7,290.35
1999-12-30,71.5,71.5,71.5,71.5,288.3,290.6
1999-12-31,71.5,71.5,71.5,71.5,288.25,288.38
2000-01-03,72.2,72.2,72.2,72.2,289.0,288.12
2000-01-04,71.5,71.5,71.5,71.5,282.38,286.75
2000-01-05,71.5,71.5,71.5,71.5,280.85,282.27
2000-01-06,72.7,72.7,72.7,72.7,281.45,280.8
2000-01-07,72.9,72.9,72.9,72.9,281.75,281.25
2000-01-10,72.725,72.725,72.725,72.725,281.6,281.25
2000-01-11,73.1,73.1,73.1,73.1,283.3,281.62
2000-01-12,72.725,72.725,72.725,72.725,282.55,283.2
2000-01-13,73.0,73.0,73.0,73.0,284.2,282.12
2000-01-14,73.1,73.1,73.1,73.1,284.2,284.25
2000-01-17,72.95,72.95,72.95,72.95,285.5,284.2
2000-01-18,72.9,72.9,72.9,72.9,288.8,285.52
2000-01-19,72.8,72.8,72.8,72.8,289.65,288.52
2000-01-20,72.775,72.775,72.775,72.775,288.45,289.5
2000-01-21,72.8,72.8,72.8,72.8,289.1,288.4
2000-01-24,72.8,72.8,72.8,72.8,287.6,289.12
2000-01-25,72.875,72.875,72.875,72.875,286.12,287.62
2000-01-26,72.875,72.875,72.875,72.875,286.05,285.6
2000-01-27,72.9,72.9,72.9,72.9,287.05,286.1
2000-01-28,72.9,72.9,72.9,72.9,283.35,286.95
2000-01-31,73.15,73.15,73.15,73.15,283.5,282.75
2000-02-01,73.2,73.2,73.2,73.2,282.65,283.55
2000-02-02,73.075,73.075,73.075,73.075,284.95,282.85
2000-02-03,73.15,73.15,73.15,73.15,287.5,284.9
2000-02-04,73.075,73.075,73.075,73.075,311.3,287.8
2000-02-07,73.25,73.25,73.25,73.25,305.0,314.0
2000-02-08,73.35,73.35,73.35,73.35,299.1,303.0
2000-02-09,73.35,73.35,73.35,73.35,307.2,301.5
2000-02-10,73.35,73.35,73.35,73.35,316.25,311.5
2000-02-11,73.375,73.375,73.375,73.375,310.65,315.25
2000-02-14,73.3,73.3,73.3,73.3,308.2,310.05
2000-02-15,73.3,73.3,73.3,73.3,301.75,308.2
2000-02-16,73.3,73.3,73.3,73.3,302.5,302.0
2000-02-17,73.35,73.35,73.35,73.35,300.75,303.0
2000-02-18,73.34,73.34,73.34,73.34,304.8,300.85
2000-02-21,73.5,73.5,73.5,73.5,305.5,304.8
2000-02-22,73.35,73.35,73.35,73.35,305.2,305.6
2000-02-23,73.375,73.375,73.375,73.375,300.3,305.1
2000-02-24,73.5,73.5,73.5,73.5,298.5,300.2
2000-02-25,73.475,73.475,73.475,73.475,292.6,298.5
2000-02-28,73.5,73.5,73.5,73.5,292.2,292.7
2000-02-29,73.475,73.475,73.475,73.475,292.2,292.62
2000-03-01,73.5,73.5,73.5,73.5,289.25,292.2
2000-03-02,73.65,73.65,73.65,73.65,288.2,289.2
2000-03-03,73.675,73.675,73.675,73.675,288.5,288.13
2000-03-06,73.75,73.75,73.75,73.75,287.9,288.5
2000-03-07,73.5,73.5,73.5,73.5,293.2,287.75
2000-03-08,73.45,73.45,73.45,73.45,288.5,293.5
2000-03-09,73.475,73.475,73.475,73.475,291.2,289.17
2000-03-10,73.55,73.55,73.55,73.55,289.0,291.3
2000-03-13,73.65,73.65,73.65,73.65,290.4,289.85
2000-03-14,73.65,73.65,73.65,73.65,288.9,290.5
2000-03-15,73.7,73.7,73.7,73.7,289.0,289.0
2000-03-16,73.7,73.7,73.7,73.7,286.5,289.2
2000-03-17,73.75,73.75,73.75,73.75,284.6,286.4
2000-03-20,73.65,73.65,73.65,73.65,285.9,283.87
2000-03-21,73.55,73.55,73.55,73.55,289.7,286.25
2000-03-22,73.5,73.5,73.5,73.5,288.0,289.8
2000-03-23,73.575,73.575,73.575,73.575,285.6,288.0
2000-03-24,73.6,73.6,73.6,73.6,285.0,285.55
2000-03-27,73.7,73.7,73.7,73.7,280.3,285.0
2000-03-28,73.725,73.725,73.725,73.725,280.0,280.4
2000-03-29,73.775,73.775,73.775,73.775,276.4,280.0
2000-03-30,73.725,73.725,73.725,73.725,276.65,276.5
2000-03-31,73.75,73.75,73.75,73.75,278.9,276.95
2000-04-03,73.725,73.725,73.725,73.725,278.2,278.75
2000-04-04,73.8,73.8,73.8,73.8,283.9,277.5
2000-04-05,73.75,73.75,73.75,73.75,281.5,284.2
2000-04-06,73.93,73.93,73.93,73.93,280.5,281.6
2000-04-07,73.9,73.9,73.9,73.9,280.2,280.4
2000-04-10,73.75,73.75,73.75,73.75,282.0,280.6
2000-04-11,73.7,73.7,73.7,73.7,281.6,281.7
2000-04-12,73.675,73.675,73.675,73.675,282.2,281.5
2000-04-13,73.675,73.675,73.675,73.675,281.9,282.2
2000-04-14,73.8,73.8,73.8,73.8,282.6,281.7
2000-04-17,73.725,73.725,73.725,73.725,281.6,283.9
2000-04-18,73.8,73.8,73.8,73.8,281.3,281.5
2000-04-19,73.8,73.8,73.8,73.8,280.7,281.3
2000-04-20,73.825,73.825,73.825,73.825,279.8,280.7
2000-04-21,73.75,73.75,73.75,73.75,280.0,279.8
2000-04-24,73.85,73.85,73.85,73.85,279.8,280.0
2000-04-25,73.8,73.8,73.8,73.8,278.4,279.95
2000-04-26,73.825,73.825,73.825,73.825,275.7,278.25
2000-04-27,73.9,73.9,73.9,73.9,277.05,275.85
2000-04-28,74.3,74.3,74.3,74.3,273.35,276.95
2000-05-01,73.975,73.975,73.975,73.975,273.65,275.25
2000-05-02,74.0,74.0,74.0,74.0,274.95,274.33
2000-05-03,74.025,74.025,74.025,74.025,278.25,276.55
2000-05-04,74.05,74.05,74.05,74.05,279.95,278.25
2000-05-05,74.05,74.05,74.05,74.05,278.95,280.4
2000-05-08,74.125,74.125,74.125,74.125,276.55,278.95
2000-05-09,74.225,74.225,74.225,74.225,277.25,276.55
2000-05-10,74.25,74.25,74.25,74.25,277.75,277.25
2000-05-11,74.25,74.25,74.25,74.25,276.15,277.65
2000-05-12,74.3,74.3,74.3,74.3,276.15,275.95
2000-05-15,74.45,74.45,74.45,74.45,275.45,276.35
2000-05-16,74.45,74.45,74.45,74.45,275.65,275.45
2000-05-17,74.65,74.65,74.65,74.65,273.05,275.1
2000-05-18,74.65,74.65,74.65,74.65,273.35,273.55
2000-05-19,74.9,74.9,74.9,74.9,274.25,273.4
2000-05-22,74.7,74.7,74.7,74.7,275.8,274.1
2000-05-23,74.7,74.7,74.7,74.7,274.35,275.45
2000-05-24,74.7,74.7,74.7,74.7,273.5,274.3
2000-05-25,75.0,75.0,75.0,75.0,270.3,273.5
2000-05-26,75.0,75.0,75.0,75.0,272.4,270.3
2000-05-29,74.66,74.66,74.66,74.66,272.1,272.7
2000-05-30,74.975,74.975,74.975,74.975,273.2,272.1
2000-05-31,74.735,74.735,74.735,74.735,272.1,273.1
2000-06-01,74.85,74.85,74.85,74.85,272.8,272.2
2000-06-02,74.9,74.9,74.9,74.9,281.15,272.65
2000-06-05,74.9,74.9,74.9,74.9,285.45,281.05
2000-06-06,74.925,74.925,74.925,74.925,289.5,285.45
2000-06-07,74.975,74.975,74.975,74.975,287.3,289.5
2000-06-08,75.0,75.0,75.0,75.0,284.45,287.5
2000-06-09,74.975,74.975,74.975,74.975,283.85,284.45
2000-06-12,75.0,75.0,75.0,75.0,286.75,283.75
2000-06-13,75.025,75.025,75.025,75.025,285.75,286.65
2000-06-14,75.1,75.1,75.1,75.1,291.75,286.35
2000-06-15,75.0,75.0,75.0,75.0,289.85,291.85
2000-06-16,74.95,74.95,74.95,74.95,289.25,289.55
2000-06-19,74.975,74.975,74.975,74.975,286.25,289.15
2000-06-20,77.95,77.95,77.95,77.95,286.15,285.9
2000-06-21,78.35,78.35,78.35,78.35,286.15,286.25
2000-06-22,78.55,78.55,78.55,78.55,285.65,286.15
2000-06-23,78.6,78.6,78.6,78.6,283.15,286.45
2000-06-26,78.6,78.6,78.6,78.6,283.95,283.15
2000-06-27,78.75,78.75,78.75,78.75,286.15,283.95
2000-06-28,78.7,78.7,78.7,78.7,292.8,285.95
2000-06-29,78.9,78.9,78.9,78.9,289.15,292.75
2000-06-30,78.9,78.9,78.9,78.9,290.1,289.15
2000-07-03,78.95,78.95,78.95,78.95,287.85,288.95
2000-07-04,79.1,79.1,79.1,79.1,286.85,287.85
2000-07-05,79.1,79.1,79.1,79.1,284.15,286.75
2000-07-06,79.075,79.075,79.075,79.075,283.55,284.15
2000-07-07,79.075,79.075,79.075,79.075,283.65,283.55
2000-07-10,79.025,79.025,79.025,79.025,284.05,283.75
2000-07-11,78.975,78.975,78.975,78.975,282.55,284.05
2000-07-12,79.025,79.025,79.025,79.025,280.65,282.55
2000-07-13,78.95,78.95,78.95,78.95,280.25,280.65
2000-07-14,79.0,79.0,79.0,79.0,281.4,280.5
2000-07-17,78.715,78.715,78.715,78.715,283.55,280.45
2000-07-18,78.55,78.55,78.55,78.55,282.65,283.55
2000-07-19,78.475,78.475,78.475,78.475,279.15,282.6
2000-07-20,78.485,78.485,78.485,78.485,280.25,279.15
2000-07-21,78.2,78.2,78.2,78.2,280.35,280.25
2000-07-24,78.2,78.2,78.2,78.2,279.25,280.25
2000-07-25,78.555,78.555,78.555,78.555,279.15,279.25
2000-07-26,78.35,78.35,78.35,78.35,279.75,279.05
2000-07-27,78.35,78.35,78.35,78.35,278.55,279.85
2000-07-28,78.35,78.35,78.35,78.35,278.4,278.45
2000-07-31,78.35,78.35,78.35,78.35,277.25,278.4
2000-08-01,78.4,78.4,78.4,78.4,277.35,277.7
2000-08-02,78.405,78.405,78.405,78.405,277.55,277.5
2000-08-03,78.41,78.41,78.41,78.41,273.95,277.45
2000-08-04,78.41,78.41,78.41,78.41,273.25,274.5
2000-08-07,78.41,78.41,78.41,78.41,273.75,272.85
2000-08-08,78.5,78.5,78.5,78.5,273.05,273.77
2000-08-09,78.46,78.46,78.46,78.46,272.55,272.95
2000-08-10,78.35,78.35,78.35,78.35,272.75,272.25
2000-08-11,78.35,78.35,78.35,78.35,275.15,272.75
2000-08-14,78.35,78.35,78.35,78.35,274.75,274.75
2000-08-15,78.41,78.41,78.41,78.41,274.65,274.75
2000-08-16,78.325,78.325,78.325,78.325,277.2,274.65
2000-08-17,78.32,78.32,78.32,78.32,277.65,277.25
2000-08-18,78.175,78.175,78.175,78.175,276.65,277.65
2000-08-21,78.275,78.275,78.275,78.275,275.2,276.7
2000-08-22,78.255,78.255,78.255,78.255,273.75,275.15
2000-08-23,78.035,78.035,78.035,78.035,271.25,273.75
2000-08-24,78.05,78.05,78.05,78.05,272.95,271.25
2000-08-25,78.005,78.005,78.005,78.005,274.25,272.95
2000-08-28,78.005,78.005,78.005,78.005,274.25,274.0
2000-08-29,78.005,78.005,78.005,78.005,273.25,274.05
2000-08-30,77.85,77.85,77.85,77.85,274.15,273.25
2000-08-31,78.05,78.05,78.05,78.05,277.85,274.15
2000-09-01,78.45,78.45,78.45,78.45,276.75,277.75
2000-09-04,78.265,78.265,78.265,78.265,277.0,276.85
2000-09-05,78.15,78.15,78.15,78.15,275.6,277.05
2000-09-06,78.2,78.2,78.2,78.2,274.65,275.75
2000-09-07,78.15,78.15,78.15,78.15,273.85,274.6
2000-09-08,78.2,78.2,78.2,78.2,273.05,273.75
2000-09-11,78.355,78.355,78.355,78.355,273.15,272.95
2000-09-12,78.34,78.34,78.34,78.34,273.05,273.15
2000-09-13,78.3,78.3,78.3,78.3,272.75,273.1
2000-09-14,78.35,78.35,78.35,78.35,272.45,272.85
2000-09-15,78.45,78.45,78.45,78.45,272.55,272.45
2000-09-18,78.65,78.65,78.65,78.65,271.8,272.55
2000-09-19,78.7,78.7,78.7,78.7,272.15,271.85
2000-09-20,78.9,78.9,78.9,78.9,269.45,272.3
2000-09-21,79.365,79.365,79.365,79.365,270.65,269.55
2000-09-22,79.3,79.3,79.3,79.3,272.15,271.05
2000-09-25,79.15,79.15,79.15,79.15,274.35,272.45
2000-09-26,79.26,79.26,79.26,79.26,274.35,274.35
2000-09-27,79.15,79.15,79.15,79.15,278.7,274.75
2000-09-28,79.15,79.15,79.15,79.15,274.85,278.62
2000-09-29,79.15,79.15,79.15,79.15,274.25,274.95
2000-10-02,79.15,79.15,79.15,79.15,273.55,273.95
2000-10-03,79.225,79.225,79.225,79.225,272.25,273.35
2000-10-04,79.4,79.4,79.4,79.4,270.85,272.05
2000-10-05,79.15,79.15,79.15,79.15,269.25,270.8
2000-10-06,79.15,79.15,79.15,79.15,269.65,269.75
2000-10-09,79.51,79.51,79.51,79.51,270.65,269.95
2000-10-10,79.05,79.05,79.05,79.05,272.75,270.55
2000-10-11,79.15,79.15,79.15,79.15,270.95,272.85
2000-10-12,79.2,79.2,79.2,79.2,276.55,270.95
2000-10-13,79.3,79.3,79.3,79.3,272.65,276.35
2000-10-16,79.3,79.3,79.3,79.3,272.05,272.45
2000-10-17,79.3,79.3,79.3,79.3,271.3,272.15
2000-10-18,79.225,79.225,79.225,79.225,270.75,271.2
2000-10-19,79.225,79.225,79.225,79.225,270.85,270.85
2000-10-20,79.3,79.3,79.3,79.3,271.55,270.75
2000-10-23,79.225,79.225,79.225,79.225,270.35,271.35
2000-10-24,79.225,79.225,79.225,79.225,270.15,270.35
2000-10-25,79.15,79.15,79.15,79.15,266.75,270.25
2000-10-26,79.35,79.35,79.35,79.35,265.35,266.85
2000-10-30,79.45,79.45,79.45,79.45,264.35,264.85
2000-10-31,79.41,79.41,79.41,79.41,264.6,264.36
2000-11-01,79.05,79.05,79.05,79.05,264.8,264.7
2000-11-02,79.1,79.1,79.1,79.1,264.75,264.7
2000-11-03,79.15,79.15,79.15,79.15,265.2,264.7
2000-11-06,79.15,79.15,79.15,79.15,264.95,265.5
2000-11-07,80.33,80.33,80.33,80.33,264.5,265.0
2000-11-08,80.15,80.15,80.15,80.15,265.05,264.45
2000-11-09,79.85,79.85,79.85,79.85,265.95,265.05
2000-11-10,79.95,79.95,79.95,79.95,264.75,265.75
2000-11-13,80.35,80.35,80.35,80.35,264.45,264.75
2000-11-14,80.35,80.35,80.35,80.35,264.55,264.45
2000-11-15,80.35,80.35,80.35,80.35,264.95,264.6
2000-11-16,80.05,80.05,80.05,80.05,266.35,265.0
2000-11-17,80.55,80.55,80.55,80.55,265.8,266.25
2000-11-20,80.65,80.65,80.65,80.65,266.4,266.25
2000-11-21,80.85,80.85,80.85,80.85,265.85,266.35
2000-11-22,80.95,80.95,80.95,80.95,266.65,265.65
2000-11-23,81.21,81.21,81.21,81.21,266.05,266.85
2000-11-24,80.95,80.95,80.95,80.95,265.95,266.05
2000-11-27,80.95,80.95,80.95,80.95,270.0,265.75
2000-11-28,81.05,81.05,81.05,81.05,269.6,269.55
2000-11-29,81.15,81.15,81.15,81.15,266.95,269.65
2000-11-30,81.45,81.45,81.45,81.45,270.45,266.95
2000-12-01,81.05,81.05,81.05,81.05,269.8,270.25
2000-12-04,81.05,81.05,81.05,81.05,270.5,270.98
2000-12-05,81.05,81.05,81.05,81.05,270.6,270.85
2000-12-06,81.15,81.15,81.15,81.15,274.75,270.6
2000-12-07,81.05,81.05,81.05,81.05,273.75,274.85
2000-12-08,81.05,81.05,81.05,81.05,272.75,273.85
2000-12-11,82.05,82.05,82.05,82.05,270.55,272.75
2000-12-12,82.05,82.05,82.05,82.05,271.35,270.75
2000-12-13,82.15,82.15,82.15,82.15,269.35,271.05
2000-12-14,82.2,82.2,82.2,82.2,269.85,269.25
2000-12-15,82.3,82.3,82.3,82.3,270.95,269.55
2000-12-18,82.305,82.305,82.305,82.305,270.15,270.75
2000-12-19,82.675,82.675,82.675,82.675,270.25,270.15
2000-12-20,82.765,82.765,82.765,82.765,273.45,270.25
2000-12-21,82.675,82.675,82.675,82.675,274.15,272.85
2000-12-22,82.15,82.15,82.15,82.15,273.95,274.15
2000-12-25,82.15,82.15,82.15,82.15,273.8,273.55
2000-12-26,82.35,82.35,82.35,82.35,274.45,273.8
2000-12-27,82.4,82.4,82.4,82.4,275.5,274.45
2000-12-28,82.4,82.4,82.4,82.4,272.25,275.45
2000-12-29,82.7,82.7,82.7,82.7,272.25,272.25
2001-01-02,82.55,82.55,82.55,82.55,269.05,273.15
2001-01-03,82.65,82.65,82.65,82.65,267.95,269.15
2001-01-04,82.7,82.7,82.7,82.7,267.55,268.05
2001-01-05,83.125,83.125,83.125,83.125,268.15,267.55
2001-01-08,82.9,82.9,82.9,82.9,268.35,268.35
2001-01-09,82.85,82.85,82.85,82.85,267.75,268.35
2001-01-10,82.95,82.95,82.95,82.95,264.95,267.75
2001-01-11,83.395,83.395,83.395,83.395,264.4,265.0
2001-01-12,84.95,84.95,84.95,84.95,264.32,264.35
2001-01-15,84.95,84.95,84.95,84.95,263.68,264.35
2001-01-16,84.965,84.965,84.965,84.965,263.75,263.6
2001-01-17,84.96,84.96,84.96,84.96,263.8,263.9
2001-01-18,85.07,85.07,85.07,85.07,265.05,263.75
2001-01-19,85.075,85.075,85.075,85.075,264.75,265.05
2001-01-22,85.165,85.165,85.165,85.165,267.0,264.75
2001-01-23,88.25,88.25,88.25,88.25,266.75,267.15
2001-01-24,90.0,90.0,90.0,90.0,264.75,266.65
2001-01-26,89.4,89.4,89.4,89.4,263.05,264.95
2001-01-30,89.4,89.4,89.4,89.4,265.85,263.35
2001-01-31,89.5,89.5,89.5,89.5,266.05,265.85
2001-02-01,89.9,89.9,89.9,89.9,268.55,265.85
2001-02-02,88.0,88.0,88.0,88.0,267.55,268.25
2001-02-05,88.0,88.0,88.0,88.0,265.25,267.45
2001-02-06,86.85,86.85,86.85,86.85,263.75,265.55
2001-02-07,87.0,87.0,87.0,87.0,263.35,263.9
2001-02-08,87.0,87.0,87.0,87.0,260.85,263.35
2001-02-09,86.5,86.5,86.5,86.5,260.65,260.65
2001-02-12,86.1,86.1,86.1,86.1,261.45,260.65
2001-02-14,86.5,86.5,86.5,86.5,259.85,260.95
2001-02-15,85.7,85.7,85.7,85.7,255.85,259.85
2001-02-16,86.5,86.5,86.5,86.5,258.95,256.05
2001-02-19,86.13,86.13,86.13,86.13,259.65,258.85
2001-02-20,84.9,84.9,84.9,84.9,256.65,259.55
2001-02-21,85.04,85.04,85.04,85.04,258.65,256.25
2001-02-22,86.5,86.5,86.5,86.5,259.05,258.65
2001-02-23,86.5,86.5,86.5,86.5,261.55,259.05
2001-02-26,85.59,85.59,85.59,85.59,266.55,261.55
2001-02-27,86.5,86.5,86.5,86.5,267.75,267.05
2001-02-28,86.5,86.5,86.5,86.5,267.15,267.25
2001-03-01,85.45,85.45,85.45,85.45,265.65,267.15
2001-03-02,86.5,86.5,86.5,86.5,262.85,265.1
2001-03-05,86.5,86.5,86.5,86.5,263.05,262.8
2001-03-06,85.0,85.0,85.0,85.0,260.75,263.05
2001-03-07,85.05,85.05,85.05,85.05,262.45,260.55
2001-03-08,85.1,85.1,85.1,85.1,267.05,262.65
2001-03-09,84.25,84.25,84.25,84.25,272.38,267.85
2001-03-12,84.3,84.3,84.3,84.3,272.55,272.25
2001-03-13,84.35,84.35,84.35,84.35,268.15,272.55
2001-03-14,84.7,84.7,84.7,84.7,263.15,268.15
2001-03-15,85.175,85.175,85.175,85.175,260.65,263.2
2001-03-16,85.445,85.445,85.445,85.445,258.75,260.85
2001-03-19,85.495,85.495,85.495,85.495,260.85,259.35
2001-03-20,85.495,85.495,85.495,85.495,261.55,261.05
2001-03-21,85.535,85.535,85.535,85.535,263.05,262.15
2001-03-22,85.625,85.625,85.625,85.625,262.05,262.85
2001-03-23,85.55,85.55,85.55,85.55,262.45,262.05
2001-03-26,85.6,85.6,85.6,85.6,262.65,262.35
2001-03-27,85.9,85.9,85.9,85.9,261.55,262.55
2001-03-28,86.2,86.2,86.2,86.2,260.05,261.55
2001-03-29,86.35,86.35,86.35,86.35,258.95,260.05
2001-03-30,86.35,86.35,86.35,86.35,257.95,258.95
2001-04-02,86.35,86.35,86.35,86.35,255.55,258.05
2001-04-03,87.2,87.2,87.2,87.2,257.25,255.55
2001-04-04,87.85,87.85,87.85,87.85,258.45,257.05
2001-04-05,87.6,87.6,87.6,87.6,258.55,258.45
2001-04-06,87.65,87.65,87.65,87.65,260.05,258.55
2001-04-09,87.725,87.725,87.725,87.725,258.55,260.05
2001-04-10,87.55,87.55,87.55,87.55,257.5,258.5
2001-04-11,87.675,87.675,87.675,87.675,258.8,257.45
2001-04-12,87.5,87.5,87.5,87.5,260.15,258.7
2001-04-13,87.5,87.5,87.5,87.5,259.25,260.15
2001-04-16,87.15,87.15,87.15,87.15,263.35,259.25
2001-04-17,87.25,87.25,87.25,87.25,261.05,263.35
2001-04-18,87.45,87.45,87.45,87.45,261.25,261.05
2001-04-19,87.65,87.65,87.65,87.65,265.45,261.25
2001-04-20,87.95,87.95,87.95,87.95,264.65,265.45
2001-04-23,88.15,88.15,88.15,88.15,263.45,264.15
2001-04-24,88.65,88.65,88.65,88.65,264.15,263.65
2001-04-25,88.65,88.65,88.65,88.65,262.25,264.15
2001-04-26,88.95,88.95,88.95,88.95,264.15,262.65
2001-04-27,89.75,89.75,89.75,89.75,263.65,264.15
2001-04-30,90.45,90.45,90.45,90.45,264.05,264.05
2001-05-01,90.35,90.35,90.35,90.35,264.55,264.05
2001-05-04,90.425,90.425,90.425,90.425,266.15,266.25
2001-05-07,90.275,90.275,90.275,90.275,266.25,266.1
2001-05-08,90.275,90.275,90.275,90.275,265.25,266.25
2001-05-09,89.825,89.825,89.825,89.825,270.05,265.25
2001-05-10,89.775,89.775,89.775,89.775,269.25,270.05
2001-05-11,89.775,89.775,89.775,89.775,268.05,269.25
2001-05-14,89.875,89.875,89.875,89.875,268.4,268.05
2001-05-15,90.275,90.275,90.275,90.275,268.45,268.45
2001-05-16,90.275,90.275,90.275,90.275,272.05,268.45
2001-05-17,90.425,90.425,90.425,90.425,273.75,272.25
2001-05-18,90.475,90.475,90.475,90.475,287.55,273.55
2001-05-21,90.475,90.475,90.475,90.475,285.55,285.5
2001-05-22,90.475,90.475,90.475,90.475,285.15,285.45
2001-05-23,90.475,90.475,90.475,90.475,283.75,285.15
2001-05-24,90.675,90.675,90.675,90.675,279.15,283.75
2001-05-25,90.775,90.775,90.775,90.775,277.65,279.15
2001-05-28,90.83,90.83,90.83,90.83,277.65,277.65
2001-05-29,91.175,91.175,91.175,91.175,273.85,277.95
2001-05-30,91.175,91.175,91.175,91.175,266.05,273.85
2001-05-31,91.825,91.825,91.825,91.825,265.85,266.05
2001-06-01,91.175,91.175,91.175,91.175,267.05,265.85
2001-06-04,90.275,90.275,90.275,90.275,265.75,266.75
2001-06-05,90.175,90.175,90.175,90.175,266.25,265.75
2001-06-06,89.775,89.775,89.775,89.775,266.25,266.25
2001-06-07,89.725,89.725,89.725,89.725,266.55,266.25
2001-06-08,89.725,89.725,89.725,89.725,273.75,266.95
2001-06-11,89.875,89.875,89.875,89.875,268.15,273.25
2001-06-12,89.925,89.925,89.925,89.925,271.75,268.05
2001-06-13,89.925,89.925,89.925,89.925,272.6,271.75
2001-06-14,90.25,90.25,90.25,90.25,275.75,272.65
2001-06-15,89.925,89.925,89.925,89.925,271.55,275.55
2001-06-18,89.925,89.925,89.925,89.925,272.75,271.25
2001-06-19,89.925,89.925,89.925,89.925,273.65,272.55
2001-06-20,89.925,89.925,89.925,89.925,272.75,273.65
2001-06-21,90.475,90.475,90.475,90.475,272.95,272.75
2001-06-22,90.425,90.425,90.425,90.425,272.65,272.95
2001-06-25,90.425,90.425,90.425,90.425,273.95,272.85
2001-06-26,90.475,90.475,90.475,90.475,276.15,273.95
2001-06-27,90.475,90.475,90.475,90.475,272.35,276.15
2001-06-28,90.575,90.575,90.575,90.575,269.25,272.35
2001-06-29,90.625,90.625,90.625,90.625,270.85,269.25
2001-07-02,90.775,90.775,90.775,90.775,269.55,270.85
2001-07-03,90.575,90.575,90.575,90.575,267.75,269.55
2001-07-04,90.46,90.46,90.46,90.46,267.95,267.75
2001-07-05,90.575,90.575,90.575,90.575,265.35,267.95
2001-07-06,90.175,90.175,90.175,90.175,266.25,265.35
2001-07-09,90.075,90.075,90.075,90.075,266.65,266.45
2001-07-10,90.075,90.075,90.075,90.075,266.35,266.65
2001-07-11,90.075,90.075,90.075,90.075,268.45,266.35
2001-07-12,90.125,90.125,90.125,90.125,266.85,268.45
2001-07-13,90.125,90.125,90.125,90.125,267.35,266.85
2001-07-16,90.175,90.175,90.175,90.175,267.15,267.2
2001-07-17,90.175,90.175,90.175,90.175,268.35,267.15
2001-07-18,90.175,90.175,90.175,90.175,270.75,268.35
2001-07-19,90.15,90.15,90.15,90.15,269.25,270.75
2001-07-20,90.15,90.15,90.15,90.15,270.05,269.25
2001-07-23,90.15,90.15,90.15,90.15,268.85,269.95
2001-07-24,90.15,90.15,90.15,90.15,269.75,268.85
2001-07-25,90.1,90.1,90.1,90.1,267.95,269.75
2001-07-26,89.95,89.95,89.95,89.95,266.45,267.75
2001-07-27,89.9,89.9,89.9,89.9,267.55,266.45
2001-07-30,89.9,89.9,89.9,89.9,265.25,267.85
2001-07-31,89.9,89.9,89.9,89.9,266.65,265.25
2001-08-01,89.9,89.9,89.9,89.9,267.55,266.85
2001-08-02,89.9,89.9,89.9,89.9,268.05,267.95
2001-08-03,89.775,89.775,89.775,89.775,268.55,268.05
2001-08-06,89.825,89.825,89.825,89.825,267.75,268.5
2001-08-07,89.875,89.875,89.875,89.875,267.65,267.75
2001-08-08,89.825,89.825,89.825,89.825,268.35,267.65
2001-08-09,89.825,89.825,89.825,89.825,274.15,268.35
2001-08-10,89.825,89.825,89.825,89.825,274.55,274.15
2001-08-13,89.825,89.825,89.825,89.825,275.95,273.75
2001-08-14,89.825,89.825,89.825,89.825,276.75,275.95
2001-08-15,89.825,89.825,89.825,89.825,275.85,276.75
2001-08-16,89.825,89.825,89.825,89.825,275.35,275.85
2001-08-17,89.825,89.825,89.825,89.825,279.25,275.35
2001-08-20,89.75,89.75,89.75,89.75,276.05,279.25
2001-08-21,89.75,89.75,89.75,89.75,275.05,276.05
2001-08-22,89.8,89.8,89.8,89.8,274.45,275.05
2001-08-23,89.8,89.8,89.8,89.8,275.35,274.75
2001-08-24,89.8,89.8,89.8,89.8,272.85,275.35
2001-08-27,89.8,89.8,89.8,89.8,272.85,273.05
2001-08-28,89.875,89.875,89.875,89.875,272.25,272.8
2001-08-29,89.875,89.875,89.875,89.875,273.65,272.85
2001-08-30,89.875,89.875,89.875,89.875,275.3,273.75
2001-08-31,89.875,89.875,89.875,89.875,274.45,275.25
2001-09-03,90.275,90.275,90.275,90.275,273.5,274.45
2001-09-04,90.2,90.2,90.2,90.2,272.15,273.5
2001-09-05,90.2,90.2,90.2,90.2,272.05,272.15
2001-09-06,90.2,90.2,90.2,90.2,272.9,272.05
2001-09-07,90.15,90.15,90.15,90.15,273.15,272.9
2001-09-10,90.15,90.15,90.15,90.15,271.75,273.25
2001-09-11,90.15,90.15,90.15,90.15,286.75,271.75
2001-09-12,90.11,90.11,90.11,90.11,278.25,289.5
2001-09-13,90.085,90.085,90.085,90.085,281.25,278.25
2001-09-14,90.17,90.17,90.17,90.17,285.55,281.25
2001-09-17,90.17,90.17,90.17,90.17,290.0,286.8
2001-09-18,90.135,90.135,90.135,90.135,287.75,289.9
2001-09-19,90.05,90.05,90.05,90.05,290.5,287.75
2001-09-20,90.05,90.05,90.05,90.05,288.65,290.15
2001-09-21,90.05,90.05,90.05,90.05,291.45,288.65
2001-09-24,90.05,90.05,90.05,90.05,289.25,290.75
2001-09-25,90.05,90.05,90.05,90.05,289.75,289.25
2001-09-26,90.0,90.0,90.0,90.0,293.05,289.75
2001-09-27,90.0,90.0,90.0,90.0,291.95,293.05
2001-09-28,90.05,90.05,90.05,90.05,293.2,291.95
2001-10-01,90.1,90.1,90.1,90.1,291.7,292.25
2001-10-02,90.1,90.1,90.1,90.1,289.45,291.7
2001-10-03,90.1,90.1,90.1,90.1,289.45,289.45
2001-10-04,90.1,90.1,90.1,90.1,289.85,289.45
2001-10-05,90.1,90.1,90.1,90.1,290.95,289.85
2001-10-08,90.1,90.1,90.1,90.1,291.9,291.0
2001-10-09,90.1,90.1,90.1,90.1,288.0,291.9
2001-10-10,90.1,90.1,90.1,90.1,284.85,288.0
2001-10-11,90.15,90.15,90.15,90.15,281.25,284.85
2001-10-12,90.15,90.15,90.15,90.15,284.45,281.4
2001-10-15,90.4,90.4,90.4,90.4,281.45,284.45
2001-10-16,90.85,90.85,90.85,90.85,281.35,281.55
2001-10-17,90.95,90.95,90.95,90.95,282.45,281.35
2001-10-18,90.95,90.95,90.95,90.95,279.45,282.45
2001-10-19,91.15,91.15,91.15,91.15,279.65,279.45
2001-10-22,91.35,91.35,91.35,91.35,275.55,279.65
2001-10-23,91.45,91.45,91.45,91.45,275.95,275.55
2001-10-24,91.45,91.45,91.45,91.45,275.35,275.95
2001-10-25,91.45,91.45,91.45,91.45,277.25,275.45
2001-10-26,91.6,91.6,91.6,91.6,277.35,276.75
2001-10-29,91.6,91.6,91.6,91.6,278.85,277.35
2001-10-30,91.75,91.75,91.75,91.75,280.75,279.15
2001-10-31,91.75,91.75,91.75,91.75,279.5,280.85
2001-11-01,91.95,91.95,91.95,91.95,279.65,279.5
2001-11-02,91.95,91.95,91.95,91.95,279.95,279.65
2001-11-05,92.05,92.05,92.05,92.05,279.05,279.95
2001-11-06,92.15,92.15,92.15,92.15,280.65,279.05
2001-11-07,92.2,92.2,92.2,92.2,280.75,280.5
2001-11-08,92.2,92.2,92.2,92.2,277.05,280.55
2001-11-09,92.15,92.15,92.15,92.15,277.45,277.05
2001-11-12,92.15,92.15,92.15,92.15,278.67,277.45
2001-11-13,92.15,92.15,92.15,92.15,277.55,278.42
2001-11-14,92.15,92.15,92.15,92.15,277.75,277.55
2001-11-15,92.15,92.15,92.15,92.15,275.35,277.85
2001-11-16,92.35,92.35,92.35,92.35,274.85,275.35
2001-11-19,92.55,92.55,92.55,92.55,272.75,274.85
2001-11-20,93.0,93.0,93.0,93.0,273.25,272.85
2001-11-21,93.0,93.0,93.0,93.0,273.15,273.25
2001-11-22,93.225,93.225,93.225,93.225,272.85,273.05
2001-11-23,93.0,93.0,93.0,93.0,272.9,272.95
2001-11-26,93.0,93.0,93.0,93.0,272.95,273.05
2001-11-27,93.0,93.0,93.0,93.0,273.75,273.05
2001-11-28,93.1,93.1,93.1,93.1,274.55,273.55
2001-11-29,93.15,93.15,93.15,93.15,274.0,274.45
2001-11-30,93.15,93.15,93.15,93.15,274.4,273.35
2001-12-03,93.26,93.26,93.26,93.26,277.35,274.4
2001-12-04,93.15,93.15,93.15,93.15,275.75,277.35
2001-12-05,93.15,93.15,93.15,93.15,274.45,275.75
2001-12-06,93.15,93.15,93.15,93.15,274.55,274.3
2001-12-07,93.15,93.15,93.15,93.15,274.55,274.5
2001-12-10,93.15,93.15,93.15,93.15,272.75,274.55
2001-12-11,93.0,93.0,93.0,93.0,272.85,272.85
2001-12-12,93.0,93.0,93.0,93.0,274.55,272.75
2001-12-13,93.0,93.0,93.0,93.0,274.5,274.55
2001-12-14,93.0,93.0,93.0,93.0,278.45,274.5
2001-12-17,93.0,93.0,93.0,93.0,278.35,277.6
2001-12-18,93.0,93.0,93.0,93.0,280.45,278.25
2001-12-19,93.0,93.0,93.0,93.0,276.15,280.45
2001-12-20,93.0,93.0,93.0,93.0,276.35,276.15
2001-12-21,93.0,93.0,93.0,93.0,278.15,276.35
2001-12-24,93.0,93.0,93.0,93.0,278.05,278.15
2001-12-25,93.0,93.0,93.0,93.0,278.75,278.05
2001-12-26,93.0,93.0,93.0,93.0,279.25,278.75
2001-12-27,93.0,93.0,93.0,93.0,277.05,279.25
2001-12-28,93.0,93.0,93.0,93.0,276.55,277.05
2001-12-31,93.0,93.0,93.0,93.0,278.95,276.15
2002-01-02,93.0,93.0,93.0,93.0,278.75,278.95
2002-01-03,93.0,93.0,93.0,93.0,278.45,278.75
2002-01-04,93.0,93.0,93.0,93.0,278.95,278.55
2002-01-07,93.0,93.0,93.0,93.0,278.75,278.85
2002-01-08,93.05,93.05,93.05,93.05,279.05,278.85
2002-01-09,93.15,93.15,93.15,93.15,283.75,279.05
2002-01-10,93.45,93.45,93.45,93.45,286.4,283.85
2002-01-11,93.45,93.45,93.45,93.45,287.55,286.4
2002-01-14,93.45,93.45,93.45,93.45,285.15,286.95
2002-01-15,93.45,93.45,93.45,93.45,284.65,285.25
2002-01-16,93.45,93.45,93.45,93.45,287.55,284.35
2002-01-17,93.45,93.45,93.45,93.45,284.05,287.15
2002-01-18,93.45,93.45,93.45,93.45,283.55,284.05
2002-01-21,93.45,93.45,93.45,93.45,282.55,283.55
2002-01-22,93.45,93.45,93.45,93.45,281.85,282.55
2002-01-23,93.49,93.49,93.49,93.49,279.25,281.9
2002-01-24,93.45,93.45,93.45,93.45,278.85,279.25
2002-01-25,93.45,93.45,93.45,93.45,279.45,279.0
2002-01-28,93.45,93.45,93.45,93.45,278.75,279.7
2002-01-29,93.45,93.45,93.45,93.45,281.95,278.65
2002-01-30,93.45,93.45,93.45,93.45,281.95,281.95
2002-01-31,93.45,93.45,93.45,93.45,282.95,281.95
2002-02-01,93.45,93.45,93.45,93.45,286.25,282.95
2002-02-04,93.45,93.45,93.45,93.45,289.65,285.5
2002-02-05,93.45,93.45,93.45,93.45,297.55,290.35
2002-02-06,93.45,93.45,93.45,93.45,296.75,297.7
2002-02-07,93.45,93.45,93.45,93.45,301.05,296.65
2002-02-08,93.45,93.45,93.45,93.45,303.75,301.75
2002-02-11,93.45,93.45,93.45,93.45,299.75,303.75
2002-02-12,93.45,93.45,93.45,93.45,300.25,299.25
2002-02-13,93.45,93.45,93.45,93.45,299.5,300.25
2002-02-14,93.45,93.45,93.45,93.45,299.95,299.5
2002-02-15,93.45,93.45,93.45,93.45,297.85,299.9
2002-02-18,93.45,93.45,93.45,93.45,297.75,298.75
2002-02-19,93.45,93.45,93.45,93.45,293.1,297.75
2002-02-20,93.55,93.55,93.55,93.55,291.45,293.1
2002-02-21,93.55,93.55,93.55,93.55,292.75,291.45
2002-02-22,93.55,93.55,93.55,93.55,292.75,292.75
2002-02-25,93.55,93.55,93.55,93.55,292.55,293.0
2002-02-26,93.6,93.6,93.6,93.6,297.75,292.55
2002-02-27,93.6,93.6,93.6,93.6,296.6,297.75
2002-02-28,93.6,93.6,93.6,93.6,296.55,296.6
2002-03-01,93.75,93.75,93.75,93.75,298.15,296.55
2002-03-04,93.75,93.75,93.75,93.75,296.85,297.85
2002-03-05,94.05,94.05,94.05,94.05,293.95,296.85
2002-03-06,94.25,94.25,94.25,94.25,293.5,294.05
2002-03-07,94.25,94.25,94.25,94.25,289.55,293.65
2002-03-08,94.35,94.35,94.35,94.35,289.75,289.55
2002-03-11,94.4,94.4,94.4,94.4,290.7,289.6
2002-03-12,94.4,94.4,94.4,94.4,293.85,290.7
2002-03-13,94.4,94.4,94.4,94.4,293.35,293.85
2002-03-14,94.7,94.7,94.7,94.7,291.25,293.35
2002-03-15,94.8,94.8,94.8,94.8,290.05,291.25
2002-03-18,94.8,94.8,94.8,94.8,292.55,290.05
2002-03-19,94.8,94.8,94.8,94.8,293.2,292.55
2002-03-20,94.9,94.9,94.9,94.9,292.45,293.2
2002-03-21,95.25,95.25,95.25,95.25,293.15,292.35
2002-03-22,95.35,95.35,95.35,95.35,297.75,293.15
2002-03-25,95.35,95.35,95.35,95.35,298.35,297.65
2002-03-26,95.35,95.35,95.35,95.35,296.75,298.35
2002-03-27,95.6,95.6,95.6,95.6,302.25,296.75
2002-03-28,95.6,95.6,95.6,95.6,302.65,302.25
2002-03-29,95.6,95.6,95.6,95.6,302.5,302.65
2002-04-01,95.6,95.6,95.6,95.6,303.35,302.5
2002-04-02,95.6,95.6,95.6,95.6,305.85,303.35
2002-04-03,95.9,95.9,95.9,95.9,302.55,305.85
2002-04-04,95.85,95.85,95.85,95.85,301.0,302.65
2002-04-05,95.95,95.95,95.95,95.95,300.05,301.0
2002-04-08,95.85,95.85,95.85,95.85,300.5,300.1
2002-04-09,95.75,95.75,95.75,95.75,298.55,300.5
2002-04-10,95.75,95.75,95.75,95.75,301.25,298.55
2002-04-11,95.65,95.65,95.65,95.65,302.6,301.25
2002-04-12,95.7,95.7,95.7,95.7,302.15,302.4
2002-04-15,95.7,95.7,95.7,95.7,299.85,302.15
2002-04-16,95.9,95.9,95.9,95.9,299.0,299.85
2002-04-17,95.9,95.9,95.9,95.9,302.05,299.0
2002-04-18,95.9,95.9,95.9,95.9,303.65,302.05
2002-04-19,96.0,96.0,96.0,96.0,302.35,303.65
2002-04-22,96.05,96.05,96.05,96.05,302.9,302.35
2002-04-23,96.05,96.05,96.05,96.05,303.65,303.0
2002-04-24,96.05,96.05,96.05,96.05,304.05,303.65
2002-04-25,96.05,96.05,96.05,96.05,307.65,304.05
2002-04-26,96.05,96.05,96.05,96.05,311.35,307.65
2002-04-29,96.05,96.05,96.05,96.05,311.05,311.0
2002-04-30,96.05,96.05,96.05,96.05,308.45,311.0
2002-05-01,96.05,96.05,96.05,96.05,308.85,308.45
2002-05-02,96.05,96.05,96.05,96.05,307.85,308.85
2002-05-03,96.1,96.1,96.1,96.1,311.95,307.85
2002-05-06,96.1,96.1,96.1,96.1,312.3,311.75
2002-05-07,96.1,96.1,96.1,96.1,311.55,312.3
2002-05-08,96.1,96.1,96.1,96.1,308.25,311.55
2002-05-09,96.1,96.1,96.1,96.1,309.55,308.25
2002-05-10,96.1,96.1,96.1,96.1,311.05,309.55
2002-05-13,96.1,96.1,96.1,96.1,310.95,310.85
2002-05-14,96.1,96.1,96.1,96.1,307.65,310.75
2002-05-15,96.2,96.2,96.2,96.2,309.05,307.65
2002-05-16,96.25,96.25,96.25,96.25,309.85,309.05
2002-05-17,96.25,96.25,96.25,96.25,311.05,309.85
2002-05-20,96.25,96.25,96.25,96.25,311.75,310.85
2002-05-21,96.25,96.25,96.25,96.25,316.15,315.65
2002-05-22,96.25,96.25,96.25,96.25,317.65,316.2
2002-05-23,96.25,96.25,96.25,96.25,322.05,317.65
2002-05-24,96.3,96.15,96.26,96.13,320.55,322.05
2002-05-27,96.3,96.15,96.15,96.15,320.25,320.55
2002-05-28,96.25,96.22,96.22,96.1,324.35,320.25
2002-05-29,96.25,96.2,96.2,96.1,325.05,324.35
2002-05-30,96.15,96.16,96.16,96.0,325.05,325.05
2002-05-31,96.15,96.15,96.18,96.0,326.55,324.95
2002-06-03,96.2,96.15,96.2,96.05,327.15,326.55
2002-06-04,96.2,96.18,96.2,96.05,324.8,327.05
2002-06-05,96.25,96.2,96.2,96.1,321.45,324.85
2002-06-06,96.27,96.19,96.21,96.12,325.65,321.55
2002-06-07,96.27,96.2,96.22,96.12,323.95,325.85
2002-06-10,96.35,96.21,96.25,96.2,319.05,324.6
2002-06-11,96.35,96.23,96.26,96.2,321.05,319.05
2002-06-12,96.35,96.24,96.28,96.2,319.25,321.1
2002-06-13,96.35,96.23,96.28,96.2,318.15,319.25
2002-06-14,96.35,96.3,96.33,96.2,322.1,318.25
2002-06-17,96.3,96.22,96.23,96.15,317.8,322.2
2002-06-18,96.24,96.19,96.19,96.09,318.35,318.1
2002-06-19,96.24,96.18,96.19,96.0,320.65,319.05
2002-06-20,96.25,96.15,96.22,96.1,322.35,321.35
2002-06-21,96.2,96.2,96.2,96.0,322.7,322.55
2002-06-24,96.2,96.05,96.05,96.05,326.4,322.9
2002-06-25,96.23,96.15,96.18,96.05,321.7,327.2
2002-06-26,96.2,96.1,96.15,96.0,324.6,322.6
2002-06-27,96.2,96.14,96.14,95.98,318.45,325.2
2002-06-28,96.15,96.08,96.1,96.0,318.5,318.45
2002-07-01,96.15,96.08,96.12,96.0,312.3,318.5
2002-07-02,96.2,96.11,96.17,96.05,314.45,312.5
2002-07-03,96.23,96.18,96.18,96.08,310.85,314.85
2002-07-04,96.155,96.14,96.15,96.13,310.6,311.65
2002-07-05,96.18,96.15,96.15,96.03,311.3,311.5
2002-07-08,96.18,96.14,96.14,96.03,311.7,311.5
2002-07-09,96.17,96.12,96.14,96.02,321.45,312.5
2002-07-10,96.18,96.12,96.14,96.03,314.8,321.75
2002-07-11,96.15,96.12,96.14,96.0,314.15,315.1
2002-07-12,96.15,96.12,96.12,96.0,316.7,315.05
2002-07-15,96.12,96.08,96.08,95.97,319.0,316.9
2002-07-16,96.12,96.06,96.08,95.97,318.25,319.9
2002-07-17,96.05,96.01,96.01,95.85,316.15,319.15
2002-07-18,96.05,95.92,96.0,95.85,317.65,316.65
2002-07-19,96.05,95.96,96.03,95.9,322.9,317.75
2002-07-22,96.08,96.0,96.04,95.9,324.0,323.3
2002-07-23,96.08,95.93,95.93,95.93,319.7,324.6
2002-07-24,96.09,96.03,96.04,95.94,311.25,320.2
2002-07-25,96.11,96.02,96.14,95.96,309.45,312.05
2002-07-26,96.05,96.08,96.15,95.9,304.95,310.25
2002-07-29,96.02,96.14,96.15,95.87,303.0,305.75
2002-07-30,96.05,96.14,96.28,95.87,305.4,304.0
2002-07-31,96.08,96.27,96.28,95.9,304.65,306.0
2002-08-01,96.15,96.2,96.25,96.0,302.25,305.65
2002-08-02,96.15,96.2,96.25,96.0,305.55,302.55
2002-08-05,96.15,96.2,96.25,96.0,309.5,305.85
2002-08-06,96.17,96.2,96.27,96.0,306.75,310.2
2002-08-07,96.07,96.22,96.22,95.92,312.2,307.75
2002-08-08,96.05,96.17,96.2,95.9,312.15,312.3
2002-08-09,96.08,96.17,96.2,95.93,312.95,312.25
2002-08-12,96.07,96.16,96.19,95.92,316.7,312.95
2002-08-13,96.05,96.2,96.2,95.9,313.8,317.3
2002-08-14,96.0,96.16,96.22,95.85,315.65,314.7
2002-08-15,96.1,96.17,96.23,95.95,312.65,315.75
2002-08-16,96.15,96.22,96.26,95.95,314.2,312.75
2002-08-19,96.12,96.23,96.24,95.97,310.1,314.5
2002-08-20,96.15,96.23,96.25,95.97,308.0,310.5
2002-08-21,96.2,96.24,96.3,96.05,306.55,308.6
2002-08-22,96.2,96.05,96.05,96.05,305.4,307.45
2002-08-23,96.18,96.29,96.32,96.03,305.95,305.8
2002-08-27,96.18,96.31,96.31,96.03,310.5,306.85
2002-08-28,96.14,96.28,96.28,95.99,311.1,311.5
2002-08-29,96.1,96.23,96.25,95.95,312.1,311.2
2002-08-30,96.2,96.23,96.3,96.05,312.8,312.1
2002-09-02,96.08,96.25,96.25,95.93,312.0,313.2
2002-09-03,96.1,96.22,96.22,95.95,313.5,312.9
2002-09-04,96.05,96.15,96.2,95.9,313.0,313.5
2002-09-05,95.96,96.12,96.12,95.81,317.55,313.6
2002-09-06,95.95,96.05,96.1,95.8,319.25,318.05
2002-09-09,95.95,96.02,96.05,95.8,322.5,319.65
2002-09-10,95.95,96.05,96.05,95.8,319.1,322.9
2002-09-11,95.95,96.03,96.05,95.8,315.5,319.2
2002-09-12,96.0,96.01,96.11,95.85,318.85,315.8
2002-09-16,96.0,96.07,96.11,95.85,318.8,319.05
2002-09-17,96.0,96.1,96.1,95.85,315.9,319.5
2002-09-18,96.01,96.08,96.17,95.86,318.7,316.7
2002-09-19,96.08,96.15,96.19,95.86,322.25,318.7
2002-09-20,96.08,95.93,95.93,95.93,322.3,323.05
2002-09-23,96.1,96.15,96.21,95.95,322.5,322.6
2002-09-24,96.08,96.18,96.21,95.93,326.3,323.2
2002-09-25,96.15,96.18,96.29,96.0,325.15,327.0
2002-09-26,96.2,96.35,96.35,96.0,319.6,325.65
2002-09-27,96.25,96.2,96.26,96.05,320.05,319.7
2002-09-30,96.25,96.22,96.22,96.1,323.7,320.35
2002-10-01,96.25,96.2,96.21,96.1,321.75,324.0
2002-10-02,96.25,96.21,96.25,96.1,322.2,322.45
2002-10-03,96.25,96.22,96.26,96.1,322.1,322.6
2002-10-04,96.25,96.25,96.25,96.1,320.3,322.4
2002-10-07,96.25,96.21,96.24,96.1,321.75,321.0
2002-10-08,96.25,96.23,96.25,96.1,319.0,321.85
2002-10-09,96.25,96.26,96.26,96.1,319.35,319.2
2002-10-10,96.25,96.25,96.28,96.1,318.95,319.45
2002-10-11,96.25,96.29,96.3,96.1,316.85,319.25
2002-10-14,96.25,96.2,96.21,96.1,317.75,317.75
2002-10-15,96.25,96.2,96.21,96.1,316.2,318.25
2002-10-16,96.25,96.2,96.25,96.1,314.05,316.9
2002-10-17,96.25,96.22,96.28,96.1,310.75,314.95
2002-10-18,96.25,96.28,96.29,96.1,312.75,311.25
2002-10-21,96.25,96.27,96.3,96.1,312.6,313.65
2002-10-22,96.25,96.22,96.27,96.1,311.65,313.5
2002-10-23,96.25,96.24,96.35,96.1,312.1,311.95
2002-10-24,96.25,96.3,96.41,96.1,311.1,312.7
2002-10-25,96.25,96.32,96.37,96.1,311.75,312.0
2002-10-28,96.25,96.35,96.36,96.1,314.45,312.45
2002-10-29,96.25,96.1,96.34,96.1,317.15,315.35
2002-10-30,96.25,96.1,96.36,96.1,316.55,318.15
2002-10-31,96.25,96.1,96.44,96.1,316.35,317.15
2002-11-01,96.25,96.1,96.41,96.1,319.85,317.35
2002-11-04,96.25,96.1,96.1,96.1,317.55,320.75
2002-11-05,96.25,96.1,96.4,96.1,318.5,318.35
2002-11-06,96.3,96.1,96.38,96.1,317.3,319.2
2002-11-07,96.3,96.15,96.47,96.15,319.25,318.2
2002-11-08,96.3,96.15,96.42,96.15,321.7,319.55
2002-11-11,96.3,96.38,96.4,96.15,320.7,321.8
2002-11-12,96.3,96.4,96.4,96.15,321.75,321.1
2002-11-13,96.3,96.15,96.47,96.15,324.0,322.25
2002-11-14,96.3,96.15,96.53,96.15,318.6,324.9
2002-11-15,96.3,96.15,96.52,96.15,318.5,319.3
2002-11-18,96.3,96.47,96.51,96.15,318.75,319.4
2002-11-19,96.3,96.15,96.15,96.15,319.7,319.55
2002-11-20,96.3,96.15,96.5,96.15,318.85,320.1
2002-11-21,96.3,96.15,96.56,96.15,318.4,319.45
2002-11-22,96.3,96.15,96.65,96.15,317.7,319.3
2002-11-25,96.3,96.62,96.62,96.15,317.45,318.4
2002-11-26,96.3,96.15,96.6,96.15,317.5,318.25
2002-11-27,96.275,96.15,96.58,96.15,317.85,318.5
2002-11-28,96.555,96.5,96.58,96.5,317.6,318.45
2002-11-29,96.275,96.58,96.61,96.25,319.05,318.4
2002-12-02,96.275,96.58,96.6,96.25,316.45,319.45
2002-12-03,96.5,96.25,96.62,96.25,319.7,316.75
2002-12-04,96.5,96.35,96.7,96.35,322.1,320.6
2002-12-05,96.6,96.35,96.73,96.35,322.45,322.4
2002-12-06,96.6,96.45,96.45,96.45,325.75,322.65
2002-12-09,96.6,96.65,96.66,96.45,325.1,326.45
2002-12-10,96.55,96.45,96.67,96.4,323.1,325.6
2002-12-11,96.55,96.4,96.65,96.4,324.25,323.9
2002-12-12,96.55,96.4,96.73,96.4,326.4,324.85
2002-12-13,96.55,96.4,96.71,96.4,332.2,326.7
2002-12-16,96.6,96.69,96.7,96.45,332.9,332.7
2002-12-17,96.6,96.7,96.72,96.45,339.0,333.2
2002-12-18,96.6,96.45,96.7,96.45,338.0,339.5
2002-12-19,96.6,96.45,96.45,96.45,345.0,338.2
2002-12-20,96.6,96.45,96.7,96.45,341.6,345.8
2002-12-23,96.6,96.69,96.7,96.45,343.95,341.8
2002-12-27,96.55,96.69,96.7,96.4,349.3,344.95
2002-12-30,96.6,96.7,96.7,96.4,347.2,349.5
2002-12-31,96.6,96.45,96.68,96.45,342.75,347.4
2003-01-02,96.6,96.7,96.73,96.45,342.2,343.45
2003-01-03,96.6,96.45,96.75,96.45,344.5,342.4
2003-01-06,96.6,96.72,96.72,96.45,351.75,344.7
2003-01-07,96.7,96.45,96.78,96.45,349.0,352.55
2003-01-08,96.7,96.55,96.78,96.55,349.75,349.3
2003-01-09,96.65,96.55,96.74,96.5,352.4,350.45
2003-01-10,96.6,96.5,96.73,96.45,353.0,352.5
2003-01-13,96.65,96.73,96.73,96.45,352.55,353.3
2003-01-14,96.65,96.5,96.73,96.5,353.1,352.95
2003-01-15,96.65,96.5,96.5,96.5,351.0,353.3
2003-01-16,96.65,96.73,96.73,96.5,352.3,351.2
2003-01-17,96.65,96.5,96.5,96.5,357.0,352.7
2003-01-20,96.65,96.7,96.72,96.5,355.85,357.3
2003-01-21,96.65,96.7,96.73,96.5,353.8,356.25
2003-01-22,96.65,96.5,96.74,96.5,358.5,354.5
2003-01-23,96.65,96.5,96.74,96.5,364.7,358.5
2003-01-24,96.785,96.5,96.8,96.5,366.0,364.8
2003-01-27,96.81,96.77,96.81,96.75,368.5,367.0
2003-01-28,96.795,96.77,96.79,96.76,368.4,368.7
2003-01-29,96.75,96.81,96.83,96.6,370.6,368.5
2003-01-30,96.825,96.82,96.82,96.8,367.6,371.5
2003-01-31,96.8,96.81,96.83,96.65,367.5,368.4
2003-02-03,96.7,96.8,96.84,96.55,369.5,367.5
2003-02-04,96.7,96.7,96.7,96.7,376.55,369.7
2003-02-05,96.855,96.82,96.83,96.8,382.1,376.85
2003-02-06,96.84,96.8,96.83,96.8,375.8,382.7
2003-02-07,96.855,96.83,96.83,96.8,373.25,376.1
2003-02-10,96.75,96.84,96.84,96.6,370.5,373.25
2003-02-11,96.865,96.83,96.84,96.83,364.0,370.9
2003-02-12,96.865,96.865,96.865,96.865,356.3,364.9
2003-02-13,96.825,96.8,96.86,96.8,352.8,356.6
2003-02-14,96.845,96.85,96.85,96.82,354.25,353.1
2003-02-17,96.845,96.84,96.84,96.82,347.0,354.85
2003-02-18,96.855,96.83,96.84,96.82,344.0,347.9
2003-02-19,96.865,96.83,96.84,96.83,346.0,344.8
2003-02-20,96.855,96.84,96.85,96.83,351.55,346.1
2003-02-21,96.855,96.84,96.84,96.83,352.3,352.25
2003-02-24,96.85,96.84,96.85,96.82,355.2,352.5
2003-02-25,96.875,96.83,96.85,96.82,357.6,356.2
2003-02-26,96.855,96.84,96.84,96.82,351.9,358.3
2003-02-27,96.865,96.84,96.85,96.83,351.25,352.7
2003-02-28,96.89,96.87,96.89,96.85,347.65,351.95
2003-03-03,96.9,96.85,96.89,96.85,345.5,348.35
2003-03-04,96.885,96.88,96.9,96.85,353.4,345.8
2003-03-05,96.87,96.88,96.88,96.85,353.95,353.6
2003-03-06,96.915,96.9,96.9,96.88,354.7,354.65
2003-03-07,96.925,96.9,96.91,96.88,350.75,355.5
2003-03-10,96.93,96.87,96.91,96.87,354.45,351.35
2003-03-11,96.93,96.88,96.91,96.88,353.15,354.95
2003-03-12,96.94,96.9,96.92,96.9,346.1,354.15
2003-03-13,96.825,96.89,96.9,96.75,334.5,346.4
2003-03-14,96.93,96.89,96.91,96.87,335.5,335.1
2003-03-17,96.9,96.9,96.9,96.86,340.75,335.8
2003-03-18,96.9,96.9,96.9,96.9,338.8,341.25
2003-03-19,96.925,96.88,96.9,96.88,335.8,339.1
2003-03-20,96.94,96.9,96.93,96.89,335.5,336.6
2003-03-21,96.935,96.91,96.91,96.9,333.5,335.7
2003-03-24,96.94,96.9,96.92,96.9,329.45,333.6
2003-03-25,96.905,96.92,96.92,96.88,331.9,329.55
2003-03-26,96.925,96.88,96.9,96.88,329.95,332.8
2003-03-27,96.93,96.9,96.91,96.9,332.75,330.25
2003-03-28,96.925,96.92,96.92,96.9,330.75,333.45
2003-03-31,96.945,96.9,96.92,96.9,334.85,330.85
2003-04-01,96.85,96.92,96.93,96.8,334.35,335.45
2003-04-02,96.935,96.92,96.93,96.9,329.3,334.75
2003-04-03,96.96,96.9,96.94,96.9,323.7,329.3
2003-04-04,96.95,96.92,96.93,96.92,323.8,324.0
2003-04-07,96.9,96.93,96.93,96.88,319.9,324.0
2003-04-08,96.95,96.88,96.93,96.87,323.4,320.0
2003-04-09,96.96,96.92,96.95,96.92,321.35,324.1
2003-04-10,96.9,96.92,96.94,96.85,324.6,321.45
2003-04-11,96.965,96.94,96.96,96.93,324.8,325.0
2003-04-14,96.965,96.965,96.965,96.965,325.95,324.9
2003-04-15,97.03,96.93,97.07,96.93,325.45,326.55
2003-04-16,97.03,97.03,97.03,97.03,324.1,325.95
2003-04-17,97.025,96.96,97.03,96.96,327.0,324.4
2003-04-22,96.95,96.95,97.02,96.85,334.9,327.3
2003-04-23,96.96,96.96,96.97,96.92,333.3,335.3
2003-04-24,96.975,96.94,96.96,96.92,333.7,334.0
2003-04-25,96.995,96.96,96.98,96.96,333.25,334.3
2003-04-28,97.02,96.97,97.01,96.97,332.6,333.55
2003-04-29,97.075,97.0,97.03,96.98,331.4,333.4
2003-04-30,97.13,96.98,97.13,96.9,336.75,332.3
2003-05-01,97.13,97.13,97.13,97.13,341.2,337.15
2003-05-02,97.135,97.08,97.13,97.08,340.5,341.2
2003-05-06,97.175,97.12,97.15,97.12,342.85,341.4
2003-05-07,97.18,97.1,97.16,97.1,341.85,342.85
2003-05-08,97.185,97.1,97.16,97.05,346.45,342.15
2003-05-09,97.1,97.15,97.17,97.0,347.9,346.85
2003-05-12,97.225,97.12,97.22,97.12,351.1,348.5
2003-05-13,97.15,97.2,97.23,97.05,350.4,351.5
2003-05-14,97.15,97.15,97.15,97.15,353.55,351.1
2003-05-15,97.15,97.15,97.15,97.15,354.25,354.35
2003-05-16,97.2,97.15,97.15,97.15,355.0,354.85
2003-05-19,97.225,97.18,97.23,97.18,359.0,355.3
2003-05-20,97.225,97.2,97.21,97.19,366.3,359.0
2003-05-21,97.215,97.18,97.21,97.18,367.8,366.6
2003-05-22,97.225,97.17,97.23,97.16,369.6,368.1
2003-05-23,97.25,97.18,97.23,97.18,370.5,370.0
2003-05-27,97.235,97.22,97.22,97.2,371.4,370.6
2003-05-29,97.235,97.2,97.21,97.2,363.1,371.5
2003-05-30,97.23,97.22,97.22,97.2,361.4,363.5
2003-06-02,97.225,97.22,97.23,97.2,361.3,361.5
2003-06-03,97.225,97.2,97.24,97.15,365.0,361.9
2003-06-04,97.24,97.22,97.23,97.2,364.2,365.1
2003-06-05,97.27,97.22,97.3,97.17,366.75,364.6
2003-06-06,97.275,97.23,97.25,97.23,363.0,367.35
2003-06-09,97.255,97.24,97.25,97.24,362.75,363.9
2003-06-10,97.245,97.23,97.26,97.17,354.25,363.45
2003-06-11,97.255,97.21,97.25,97.21,354.15,354.55
2003-06-12,97.245,97.2,97.24,97.2,352.25,354.15
2003-06-13,97.25,97.24,97.24,97.21,353.05,353.05
2003-06-16,97.215,97.22,97.22,97.18,359.0,353.35
2003-06-17,97.125,97.18,97.2,97.05,362.75,359.6
2003-06-18,97.185,97.18,97.19,97.16,359.75,363.15
2003-06-19,97.2,97.17,97.19,97.17,357.65,360.35
2003-06-20,97.195,97.17,97.18,97.17,358.0,357.95
2003-06-23,97.185,97.18,97.18,97.16,356.05,358.0
2003-06-24,97.155,97.17,97.17,97.14,348.25,356.55
2003-06-25,97.14,97.13,97.15,97.09,348.1,348.45
2003-06-26,97.12,97.13,97.13,97.09,343.85,348.2
2003-06-27,97.075,97.1,97.12,97.0,345.5,344.55
2003-06-30,97.155,97.09,97.13,96.9,346.0,345.5
2003-07-01,97.075,97.1,97.13,97.0,350.2,346.0
2003-07-02,97.025,97.08,97.08,96.95,351.2,351.1
2003-07-03,97.15,97.1,97.17,97.1,349.4,351.7
2003-07-04,97.18,97.18,97.18,97.16,351.3,350.3
2003-07-07,97.075,97.15,97.15,97.0,350.15,351.6
2003-07-08,97.145,97.12,97.13,97.1,347.2,350.75
2003-07-09,97.135,97.1,97.13,97.1,345.45,348.0
2003-07-10,97.135,97.12,97.13,97.09,343.4,345.95
2003-07-11,97.13,97.1,97.12,97.1,343.7,344.3
2003-07-14,97.13,97.11,97.13,97.09,344.5,344.0
2003-07-15,97.11,97.09,97.12,97.07,348.5,344.8
2003-07-16,97.135,97.08,97.13,97.08,343.2,348.7
2003-07-17,97.125,97.09,97.12,97.09,342.5,343.7
2003-07-18,97.14,97.08,97.13,97.08,344.35,342.9
2003-07-21,97.125,97.09,97.12,97.09,350.0,344.55
2003-07-22,97.135,97.12,97.12,97.1,352.25,350.5
2003-07-23,97.14,97.11,97.13,97.1,354.75,352.95
2003-07-24,97.135,97.09,97.13,97.09,357.3,355.55
2003-07-25,97.145,97.1,97.13,97.1,363.0,357.3
2003-07-28,97.125,97.09,97.13,97.05,361.95,363.9
2003-07-29,97.13,97.09,97.13,97.09,363.5,362.45
2003-07-30,97.075,97.09,97.11,97.0,357.75,363.9
2003-07-31,97.14,97.1,97.13,97.1,354.75,358.55
2003-08-01,97.105,97.05,97.08,97.05,352.35,355.15
2003-08-04,97.115,97.08,97.1,97.08,347.5,353.15
2003-08-05,97.12,97.09,97.11,97.09,348.4,347.7
2003-08-06,97.125,97.1,97.11,97.09,352.0,349.2
2003-08-07,97.115,97.12,97.12,97.1,351.6,352.2
2003-08-08,97.125,97.12,97.12,97.09,353.95,351.7
2003-08-11,97.125,97.125,97.125,97.125,359.15,354.25
2003-08-12,97.095,97.12,97.12,97.06,360.1,360.05
2003-08-13,97.085,97.08,97.08,97.05,358.65,360.4
2003-08-14,96.875,97.04,97.07,96.8,363.6,358.95
2003-08-15,97.05,97.05,97.1,97.0,364.5,364.1
2003-08-18,97.01,97.03,97.03,96.98,360.25,364.7
2003-08-19,96.925,97.0,97.0,96.85,360.4,360.75
2003-08-20,96.85,96.95,96.97,96.7,362.2,361.2
2003-08-21,96.765,96.8,96.84,96.73,363.3,363.0
2003-08-22,96.65,96.73,96.75,96.55,358.75,363.6
2003-08-26,96.645,96.64,96.64,96.62,360.5,359.45
2003-08-27,96.665,96.61,96.65,96.61,371.25,361.3
2003-08-28,96.665,96.665,96.665,96.665,370.9,371.35
2003-08-29,96.83,96.79,96.81,96.79,375.6,371.6
2003-09-01,96.805,96.78,96.79,96.76,376.25,376.1
2003-09-03,96.595,96.65,96.65,96.57,372.2,376.35
2003-09-04,96.3,96.58,96.58,96.2,370.75,373.2
2003-09-05,96.1,96.35,96.35,96.0,376.35,371.35
2003-09-08,95.975,96.14,96.14,95.9,374.65,377.25
2003-09-09,95.825,96.0,96.02,95.75,382.25,375.25
2003-09-11,95.66,95.7,95.83,95.55,376.3,383.05
2003-09-12,95.15,95.25,95.37,95.1,378.25,376.4
2003-09-15,94.51,95.2,95.2,94.45,377.5,378.75
2003-09-16,93.95,94.03,94.03,93.87,374.6,378.5
2003-09-17,94.35,94.27,94.45,94.15,378.2,375.3
2003-09-18,94.4,94.38,94.75,94.25,378.3,379.0
2003-09-19,94.45,94.5,94.5,94.23,379.75,378.7
2003-09-22,94.46,94.4,94.9,94.36,385.5,380.25
2003-09-23,94.95,94.9,94.9,94.82,384.6,386.1
2003-09-24,95.38,95.05,95.35,95.0,385.0,385.2
2003-09-25,95.51,95.3,95.63,95.3,391.85,385.7
2003-09-29,94.42,94.55,94.55,94.2,381.95,392.75
2003-09-30,94.36,94.33,94.5,94.26,388.0,382.25
2003-10-01,94.52,94.53,94.6,94.38,383.5,388.7
2003-10-02,94.54,94.45,94.55,94.44,382.2,384.1
2003-10-03,94.6,94.54,94.61,94.49,383.95,382.8
2003-10-06,94.57,94.57,94.57,94.47,372.75,384.55
2003-10-07,94.495,94.53,94.53,94.47,376.2,373.25
2003-10-08,94.45,94.48,94.49,94.35,375.25,376.5
2003-10-09,94.45,94.45,94.45,94.45,376.45,376.05
2003-10-10,94.39,94.45,94.45,94.29,370.35,376.65
2003-10-13,94.5,94.48,94.48,94.45,370.25,371.15
2003-10-14,94.495,94.47,94.48,94.45,373.95,370.45
2003-10-15,94.4,94.48,94.5,94.3,373.5,374.45
2003-10-16,94.495,94.5,94.52,94.45,373.4,374.1
2003-10-17,94.435,94.46,94.49,94.37,370.5,374.2
2003-10-20,94.475,94.4,94.45,94.4,373.8,371.4
2003-10-21,94.415,94.44,94.44,94.33,374.8,374.1
2003-10-22,94.35,94.4,94.4,94.2,381.55,375.6
2003-10-23,94.3,94.38,94.47,94.2,384.5,381.85
2003-10-24,94.3,94.3,94.3,94.3,384.6,385.4
2003-10-27,94.35,94.45,94.46,94.25,386.75,385.4
2003-10-28,94.595,94.47,94.58,94.45,386.55,386.85
2003-10-29,94.6,94.53,94.6,94.53,382.7,386.75
2003-10-30,94.8,94.59,94.85,94.59,391.0,383.2
2003-10-31,94.76,94.88,95.05,94.72,384.6,391.4
2003-11-03,94.63,94.73,94.74,94.6,383.25,385.2
2003-11-04,95.175,94.54,95.15,94.53,378.3,383.85
2003-11-05,95.4,95.1,95.65,95.0,382.15,378.6
2003-11-06,95.3,95.0,95.5,95.0,380.25,382.95
2003-11-07,95.03,94.9,95.3,94.8,381.0,381.05
2003-11-10,95.075,95.0,95.2,94.94,382.85,381.4
2003-11-11,96.0,95.15,96.05,95.15,386.4,382.85
2003-11-12,95.9,96.05,96.4,95.5,388.05,387.0
2003-11-13,96.125,95.7,96.15,95.7,395.5,388.85
2003-11-14,96.3,96.0,96.5,96.0,395.35,396.2
2003-11-17,96.6,96.2,96.6,96.0,398.0,395.45
2003-11-18,97.0,96.62,97.4,96.62,392.4,398.2
2003-11-19,95.65,96.8,96.8,95.45,397.15,392.9
2003-11-20,95.725,95.6,95.9,95.3,395.75,397.25
2003-11-21,95.75,95.7,95.95,95.5,393.85,396.65
2003-11-24,95.925,95.75,96.0,95.75,394.25,394.35
2003-11-25,96.5,96.0,96.23,95.95,391.5,394.55
2003-11-26,96.35,95.85,95.85,95.85,392.0,391.9
2003-11-27,96.35,96.25,96.6,96.2,396.25,392.5
2003-11-28,96.425,96.25,96.6,96.0,398.1,396.35
2003-12-01,96.35,96.25,96.5,96.2,398.75,398.7
2003-12-02,96.275,96.45,96.45,96.15,401.05,399.25
2003-12-03,96.33,96.25,96.3,96.2,403.3,401.25
2003-12-05,96.45,96.38,96.45,96.35,402.0,404.0
2003-12-08,96.45,96.45,96.45,96.45,408.75,402.8
2003-12-09,96.45,96.3,96.38,96.0,408.25,408.85
2003-12-10,96.25,96.35,96.42,96.0,407.3,408.55
2003-12-11,96.45,96.4,96.57,96.2,404.0,408.1
2003-12-12,96.25,96.55,96.62,96.0,406.6,404.9
2003-12-15,96.2,96.53,96.57,95.95,404.5,407.4
2003-12-16,96.1,96.5,96.56,95.85,409.7,404.5
2003-12-17,96.05,96.48,96.48,95.8,407.5,410.6
2003-12-18,95.89,96.42,96.42,95.64,410.75,408.1
2003-12-19,95.8,96.23,96.24,95.55,408.75,411.15
2003-12-22,95.81,96.15,96.25,95.56,410.8,409.55
2003-12-23,95.92,96.2,96.3,95.67,409.6,410.8
2003-12-29,96.2,96.32,96.64,95.95,413.5,410.5
2003-12-30,96.33,96.7,96.7,96.08,415.6,414.4
2003-12-31,96.55,96.69,96.9,96.3,417.25,416.5
2004-01-02,97.2,96.9,97.55,96.9,415.2,418.05
2004-01-05,97.28,96.95,97.63,96.95,417.75,416.1
2004-01-06,97.9,97.5,97.92,97.5,428.0,418.05
2004-01-07,97.75,97.5,97.5,97.5,420.65,428.9
2004-01-08,97.89,97.83,98.0,97.65,418.1,421.05
2004-01-09,97.73,97.83,97.83,97.58,422.8,419.0
2004-01-12,98.15,97.74,98.1,97.73,428.2,422.8
2004-01-13,97.99,98.07,98.1,97.85,424.5,428.5
2004-01-14,97.9,97.96,98.12,97.85,421.0,424.7
2004-01-15,97.9,97.9,97.9,97.9,415.5,421.6
2004-01-16,98.2,98.05,98.17,98.0,410.3,416.1
2004-01-19,98.18,98.2,98.2,98.08,407.1,411.1
2004-01-20,98.5,98.2,98.48,98.17,408.3,407.3
2004-01-21,98.8,98.68,98.95,98.55,411.25,408.7
2004-01-22,98.28,98.5,98.5,98.23,412.0,411.85
2004-01-23,98.4,98.25,98.33,98.15,411.4,412.2
2004-01-26,97.95,98.2,98.34,97.7,406.2,411.4
2004-01-27,97.25,97.92,97.92,97.0,404.0,407.1
2004-01-28,97.55,97.45,97.5,97.4,410.7,404.5
2004-01-29,97.43,97.5,97.54,97.37,410.15,410.8
2004-01-30,97.28,97.38,97.4,97.2,401.3,410.85
2004-02-02,97.28,97.28,97.28,97.28,401.85,402.1
2004-02-03,97.41,97.25,97.38,97.25,401.75,402.65
2004-02-04,97.41,97.41,97.41,97.41,399.6,402.55
2004-02-05,97.41,97.41,97.41,97.41,399.3,400.3
2004-02-06,97.56,97.3,97.52,97.3,396.4,399.6
2004-02-09,97.95,97.6,98.25,97.4,406.7,397.0
2004-02-10,98.45,98.3,98.45,98.0,408.35,407.6
2004-02-11,98.35,98.4,98.56,98.1,406.4,408.65
2004-02-12,98.45,98.4,98.55,98.2,411.4,406.8
2004-02-13,98.57,98.45,98.58,98.4,412.1,412.4
2004-02-16,98.975,98.55,98.9,98.55,410.7,413.1
2004-02-17,99.1,98.95,99.25,98.6,413.7,411.1
2004-02-18,99.1,99.1,99.1,99.1,413.7,414.6
2004-02-19,98.875,99.1,99.27,98.8,410.2,414.1
2004-02-20,98.92,98.85,98.9,98.85,408.25,410.6
2004-02-23,99.0,98.85,99.0,98.85,399.85,409.25
2004-02-24,98.95,98.95,99.0,98.7,401.45,400.45
2004-02-25,99.075,99.05,99.05,98.95,403.4,402.35
2004-02-26,98.85,99.0,99.0,98.8,395.05,403.5
2004-03-01,98.1,98.58,98.6,98.05,400.0,395.65
2004-03-02,97.6,98.0,98.0,97.42,395.75,400.7
2004-03-03,96.7,97.1,97.1,96.65,390.5,396.75
2004-03-04,96.9,96.7,97.0,96.7,392.0,391.4
2004-03-05,96.67,96.85,96.85,96.6,399.25,392.4
2004-03-08,96.8,96.67,96.68,96.55,399.85,399.25
2004-03-09,96.9,96.68,96.87,96.67,401.5,400.25
2004-03-10,97.0,96.85,96.95,96.85,400.25,401.8
2004-03-11,97.3,97.0,97.32,97.0,402.3,400.65
2004-03-12,97.45,97.35,97.65,97.2,400.75,403.1
2004-03-15,97.5,97.5,97.7,97.25,399.0,401.25
2004-03-16,97.6,97.5,97.55,97.48,402.5,399.4
2004-03-17,97.6,97.52,97.55,97.35,402.75,403.0
2004-03-18,97.6,97.5,97.56,97.35,410.75,403.55
2004-03-19,97.65,97.5,97.58,97.4,412.0,410.85
2004-03-22,97.55,97.53,97.53,97.5,417.65,412.1
2004-03-23,97.62,97.53,97.57,97.53,415.2,418.25
2004-03-24,97.63,97.57,97.6,97.57,417.6,415.6
2004-03-25,97.75,97.5,97.6,97.5,416.1,418.3
2004-03-26,97.4,97.57,97.57,97.15,421.5,416.3
2004-03-29,97.5,97.4,97.4,97.25,421.25,422.4
2004-03-30,97.44,97.35,97.43,97.3,420.0,421.85
2004-03-31,97.6,97.4,97.46,97.35,423.7,420.3
2004-04-01,97.75,97.47,97.69,97.43,427.25,424.3
2004-04-02,97.6,97.67,97.8,97.35,426.1,428.15
2004-04-05,97.6,97.6,97.6,97.6,417.7,427.1
2004-04-06,97.7,97.8,97.85,97.45,418.5,417.9
2004-04-07,98.1,97.8,97.9,97.8,419.0,418.9
2004-04-08,97.6,97.75,97.75,97.35,419.5,419.6
2004-04-13,97.75,97.5,97.5,97.5,407.9,420.3
2004-04-14,97.715,97.72,97.72,97.68,397.75,408.9
2004-04-15,97.78,97.7,97.7,97.6,398.25,398.65
2004-04-16,97.9,97.67,97.85,97.67,400.85,398.25
2004-04-19,97.97,97.85,98.0,97.8,403.1,401.15
2004-04-20,97.9,97.95,98.0,97.65,398.8,403.4
2004-04-21,98.1,97.98,98.1,97.85,392.75,399.1
2004-04-22,98.18,98.12,98.12,98.0,392.3,392.85
2004-04-23,98.24,98.12,98.19,98.1,394.5,392.7
2004-04-26,98.2,98.2,98.3,97.95,397.0,395.2
2004-04-27,98.45,98.25,98.4,98.2,396.25,397.5
2004-04-28,98.25,98.45,98.46,98.0,392.25,396.55
2004-04-29,98.35,98.25,98.32,98.1,386.0,392.95
2004-04-30,98.3,98.28,98.38,98.25,388.5,386.7
2004-05-04,98.49,98.49,98.49,98.49,391.25,389.1
2004-05-05,98.49,98.49,98.49,98.49,392.55,392.25
2004-05-06,98.5,98.47,98.5,98.45,387.5,393.45
2004-05-07,98.5,98.5,98.5,98.5,386.85,387.8
2004-05-10,98.72,98.54,98.7,98.5,375.0,387.45
2004-05-11,98.65,98.68,98.73,98.4,375.25,375.3
2004-05-12,98.8,98.66,98.68,98.55,382.2,375.75
2004-05-13,98.715,98.68,98.71,98.67,375.15,383.1
2004-05-14,98.9,98.68,98.8,98.65,376.5,375.85
2004-05-17,98.95,98.7,99.0,98.7,382.95,377.5
2004-05-18,99.03,98.95,98.98,98.9,377.7,383.15
2004-05-19,99.025,98.95,99.02,98.95,380.75,378.6
2004-05-20,99.15,99.0,99.05,98.9,379.5,381.55
2004-05-21,99.0,98.98,99.05,98.95,385.3,379.9
2004-05-24,99.0,98.98,99.0,98.88,384.0,385.9
2004-05-25,99.01,98.98,99.0,98.94,388.9,384.3
2004-05-26,99.2,99.01,99.06,98.95,389.65,389.8
2004-05-27,99.05,99.04,99.06,99.0,393.6,390.35
2004-06-01,99.3,99.22,99.3,99.22,397.2,394.2
2004-06-02,99.25,99.0,99.0,99.0,394.85,397.7
2004-06-03,99.52,99.3,99.47,99.3,390.35,395.75
2004-06-04,99.6,99.42,99.55,99.42,388.3,390.45
2004-06-07,99.8,99.55,99.76,99.55,393.45,388.6
2004-06-08,99.55,99.8,99.8,99.3,392.35,394.05
2004-06-09,99.9,99.8,99.9,99.75,386.85,392.85
2004-06-10,99.94,99.9,99.95,99.84,384.95,387.65
2004-06-11,99.97,99.95,99.95,99.9,384.85,385.35
2004-06-14,100.22,99.97,100.2,99.92,385.1,385.75
2004-06-15,101.1,100.17,101.03,100.17,386.5,385.4
2004-06-16,101.15,100.95,101.05,100.9,385.25,387.1
2004-06-17,101.1,101.1,101.12,100.95,386.0,386.25
2004-06-18,101.05,101.0,101.05,100.9,395.1,386.9
2004-06-21,101.35,101.03,101.35,100.9,395.25,395.3
2004-06-22,102.025,101.33,101.95,101.33,395.75,395.55
2004-06-23,102.0,101.95,102.35,101.9,393.9,396.55
2004-06-24,102.5,101.95,102.4,101.6,400.0,394.4
2004-06-25,102.4,102.45,102.5,102.25,401.5,400.3
2004-06-28,102.35,102.3,102.4,102.3,404.25,401.7
2004-06-29,102.3,102.35,102.35,102.2,394.4,404.55
2004-06-30,102.35,102.3,102.35,102.3,395.8,394.6
2004-07-01,102.35,102.35,102.57,102.3,394.5,396.6
2004-07-02,102.35,102.35,102.35,102.35,397.75,394.9
2004-07-05,102.5,102.32,102.5,102.3,398.25,397.85
2004-07-06,102.55,102.45,102.55,102.45,394.5,398.65
2004-07-07,102.75,102.5,102.7,102.45,397.35,394.7
2004-07-08,102.8,102.7,102.75,102.7,405.35,398.15
2004-07-09,102.775,102.75,102.75,102.65,406.5,406.15
2004-07-12,102.95,102.75,102.92,102.7,406.35,406.8
2004-07-13,102.95,102.95,103.1,102.85,400.9,406.95
2004-07-14,102.9,102.85,102.95,102.85,403.8,401.9
2004-07-15,103.0,102.85,102.95,102.85,403.15,404.7
2004-07-16,102.975,102.95,102.98,102.95,403.15,404.05
2004-07-19,102.99,102.95,102.97,102.9,406.35,403.25
2004-07-20,102.84,102.95,102.95,102.65,400.0,407.35
2004-07-21,102.6,102.8,102.8,102.25,398.5,400.1
2004-07-22,102.625,102.6,102.63,102.45,397.75,399.2
2004-07-23,102.85,102.5,102.8,102.5,392.85,397.95
2004-07-26,103.325,102.75,103.25,102.75,390.75,393.25
2004-07-27,103.5,103.2,103.58,103.15,389.85,391.45
2004-07-28,103.25,103.45,103.55,103.15,386.2,390.25
2004-07-29,103.5,103.2,103.45,103.15,387.3,386.2
2004-07-30,103.625,103.45,103.6,103.45,387.3,387.9
2004-08-02,103.925,103.5,104.05,103.5,391.5,387.8
2004-08-03,104.0,103.9,104.0,103.85,390.6,392.0
2004-08-04,103.925,103.9,103.95,103.85,390.5,390.8
2004-08-05,103.975,103.95,103.95,103.8,390.85,390.6
2004-08-06,103.925,103.9,103.9,103.8,399.0,391.85
2004-08-09,104.0,103.85,103.95,103.82,399.0,399.8
2004-08-10,103.9,103.95,104.0,103.85,399.5,399.3
2004-08-11,103.925,103.85,104.0,103.85,393.85,400.3
2004-08-12,103.525,103.9,103.9,103.3,394.85,394.65
2004-08-13,102.925,103.5,103.5,102.925,396.75,395.85
2004-08-16,103.025,102.9,103.0,102.8,401.65,397.65
2004-08-17,102.95,103.05,103.07,102.9,401.3,402.25
2004-08-18,103.0,102.95,103.0,102.9,402.45,402.1
2004-08-19,103.025,102.95,103.02,102.9,402.45,402.65
2004-08-20,103.0,103.0,103.0,102.95,402.45,403.15
2004-08-23,103.0,103.0,103.0,102.95,402.45,403.45
2004-08-24,103.0,103.0,103.0,102.95,402.45,402.85
2004-08-25,103.0,103.0,103.0,102.95,405.5,402.85
2004-08-26,103.0,102.95,103.0,102.92,402.45,405.8
2004-08-27,103.0,103.0,103.03,102.95,405.1,403.25
2004-08-31,103.125,103.0,103.12,103.0,407.25,405.2
2004-09-01,103.11,103.1,103.1,103.07,407.65,407.75
2004-09-02,103.025,103.05,103.08,103.0,406.1,407.95
2004-09-03,103.0,102.98,103.04,102.95,401.15,406.8
2004-09-06,102.905,102.98,102.98,102.85,401.6,401.45
2004-09-07,102.965,102.85,102.93,102.85,398.1,402.3
2004-09-08,102.94,102.9,102.9,102.9,396.3,398.3
2004-09-09,102.98,102.94,102.94,102.93,399.25,396.8
2004-09-10,102.9,102.95,102.95,102.82,401.35,400.05
2004-09-13,102.9,102.85,102.88,102.83,399.3,402.15
2004-09-14,102.95,102.88,102.92,102.88,403.5,399.7
2004-09-15,103.25,102.92,103.22,102.92,404.8,404.3
2004-09-16,103.5,103.25,103.48,103.25,404.4,405.1
2004-09-17,103.51,103.5,103.5,103.45,405.7,404.5
2004-09-20,103.51,103.47,103.47,103.45,404.3,406.5
2004-09-21,103.52,103.5,103.5,103.46,408.5,404.3
2004-09-22,103.55,103.5,103.52,103.5,405.35,409.3
2004-09-23,103.525,103.5,103.53,103.47,411.5,406.25
2004-09-24,103.53,103.5,103.5,103.35,409.45,412.4
2004-09-27,103.54,103.48,103.5,103.47,409.2,410.35
2004-09-28,103.54,103.54,103.54,103.54,411.7,410.1
2004-09-29,103.635,103.6,103.7,103.55,411.55,412.3
2004-09-30,103.58,103.58,103.6,103.55,415.65,412.35
2004-10-01,103.5,103.5,103.5,103.45,418.1,415.95
2004-10-04,103.6,103.53,103.55,103.5,412.55,418.1
2004-10-05,103.63,103.57,103.6,103.55,414.25,413.25
2004-10-06,103.65,103.63,103.65,103.6,418.45,415.15
2004-10-07,103.65,103.62,103.65,103.6,418.1,418.95
2004-10-08,103.68,103.63,103.65,103.63,421.75,418.4
2004-10-11,103.7,103.63,103.68,103.63,421.7,422.75
2004-10-12,103.85,103.67,103.8,103.67,414.7,421.9
2004-10-13,103.815,103.8,103.83,103.73,414.7,414.8
2004-10-14,103.9,103.85,103.85,103.77,414.7,415.7
2004-10-15,103.94,103.85,103.9,103.85,420.4,414.8
2004-10-18,103.965,103.87,103.93,103.87,419.1,420.8
2004-10-19,104.0,103.92,103.96,103.9,419.35,419.4
2004-10-20,104.0,103.95,103.99,103.9,423.6,419.35
2004-10-21,103.955,103.97,103.98,103.91,422.5,423.9
2004-10-22,103.945,103.97,103.97,103.9,424.1,423.2
2004-10-25,103.96,103.96,104.0,103.87,428.4,424.8
2004-10-26,104.075,103.96,104.08,103.93,426.2,428.5
2004-10-27,104.075,104.075,104.075,104.075,424.3,426.4
2004-10-28,104.13,104.05,104.08,103.95,423.6,424.7
2004-10-29,104.15,104.0,104.1,104.0,428.1,424.4
2004-11-01,104.225,104.08,104.2,104.08,426.9,429.0
2004-11-02,104.41,104.18,104.4,104.18,419.7,427.2
2004-11-03,104.5,104.37,104.45,104.37,424.3,420.2
2004-11-04,104.6,104.5,104.58,104.45,429.6,424.6
2004-11-05,104.6,104.59,104.6,104.51,433.2,429.7
2004-11-08,104.41,104.6,104.6,104.26,432.3,433.1
2004-11-09,104.37,104.38,104.4,104.19,435.2,432.2
2004-11-10,104.55,104.22,104.57,104.22,433.6,435.3
2004-11-11,104.55,104.55,104.55,104.55,434.4,433.7
2004-11-12,104.535,104.5,104.5,104.36,437.4,434.5
2004-11-15,104.865,104.52,104.85,104.51,436.5,437.4
2004-11-16,104.89,104.8,105.0,104.8,439.7,435.8
2004-11-17,104.885,104.88,104.91,104.85,444.4,439.8
2004-11-18,104.93,104.85,104.92,104.8,442.6,444.0
2004-11-19,104.82,104.9,104.9,104.73,446.6,442.1
2004-11-22,104.885,104.8,104.85,104.8,448.6,446.0
2004-11-23,104.945,104.85,104.9,104.85,447.6,448.5
2004-11-24,105.0,104.9,105.02,104.9,449.3,447.7
2004-11-25,104.975,104.8,105.02,104.8,451.3,449.1
2004-11-26,104.975,104.975,104.975,104.975,451.5,451.4
2004-11-29,104.875,104.95,104.95,104.8,453.5,451.5
2004-11-30,104.825,104.85,104.85,104.7,450.9,452.3
2004-12-01,104.36,104.75,104.75,104.25,453.7,451.0
2004-12-02,104.25,104.4,104.4,104.0,449.7,454.0
2004-12-03,104.65,104.35,104.6,104.25,455.6,448.3
2004-12-06,104.74,104.7,104.7,104.6,453.7,455.6
2004-12-07,104.85,104.7,104.8,104.7,450.8,451.4
2004-12-08,104.82,104.8,104.82,104.75,436.9,449.9
2004-12-09,104.96,104.78,104.92,104.75,437.1,439.9
2004-12-10,104.97,104.88,105.02,104.84,433.4,437.2
2004-12-13,105.25,104.95,105.2,104.95,438.7,433.8
2004-12-14,105.34,105.2,105.35,105.18,435.3,438.8
2004-12-15,105.35,105.3,105.38,105.25,440.3,435.6
2004-12-16,105.45,105.4,105.47,105.32,436.4,440.4
2004-12-17,105.3,105.48,105.52,105.25,440.5,436.6
2004-12-20,105.15,105.3,105.3,105.08,441.8,441.1
2004-12-21,104.94,105.18,105.18,104.8,441.2,442.2
2004-12-22,104.72,104.9,104.92,104.6,439.7,441.0
2004-12-23,104.6,104.6,104.75,104.4,441.2,439.1
2004-12-24,104.175,104.5,104.58,104.15,442.1,441.5
2004-12-27,104.075,104.2,104.25,104.0,444.5,442.2
2004-12-28,104.225,104.05,104.25,104.05,443.7,444.6
2004-12-29,104.4,104.3,104.35,104.15,435.7,443.8
2004-12-30,104.675,104.4,104.6,104.3,436.9,435.9
2004-12-31,104.475,104.6,104.65,104.4,437.9,437.0
2005-01-03,103.475,104.4,104.5,103.0,428.5,437.9
2005-01-04,102.025,103.4,103.43,101.95,427.1,429.0
2005-01-05,99.5,102.05,102.05,98.8,425.9,425.4
2005-01-06,99.075,99.4,99.6,98.4,421.4,426.4
2005-01-07,98.95,99.2,99.5,98.8,418.5,421.3
2005-01-10,98.1,98.8,99.0,97.7,418.6,418.6
2005-01-11,98.125,97.85,98.2,97.7,421.7,419.6
2005-01-12,98.05,98.1,98.22,97.8,425.7,422.0
2005-01-13,98.4,98.15,98.4,98.15,424.3,425.8
2005-01-14,98.4,98.4,98.4,98.4,422.5,424.9
2005-01-17,98.4,98.35,98.55,98.2,422.0,422.8
2005-01-18,98.45,98.4,98.5,98.38,422.9,422.1
2005-01-19,98.5,98.4,98.58,98.4,422.7,422.6
2005-01-20,98.35,98.5,98.5,98.1,422.2,422.4
2005-01-21,98.35,98.35,98.35,98.35,426.3,421.6
2005-01-24,98.35,98.35,98.35,98.35,426.8,426.8
2005-01-25,98.65,98.44,98.9,98.44,421.8,426.6
2005-01-26,98.65,98.67,98.75,98.4,426.7,422.0
2005-01-27,98.925,98.65,98.98,98.65,426.0,426.1
2005-01-28,99.45,98.95,99.5,98.95,425.9,426.1
2005-01-31,99.05,99.6,99.6,98.75,421.9,426.0
2005-02-01,99.25,98.95,99.28,98.95,420.5,422.1
2005-02-02,99.35,99.15,99.5,99.15,420.7,420.7
2005-02-03,99.3,99.35,99.4,99.25,416.6,421.4
2005-02-04,99.3,99.3,99.3,99.3,414.0,416.8
2005-02-07,99.45,99.25,99.45,99.25,413.6,414.3
2005-02-08,99.4,99.0,99.45,99.0,412.4,413.1
2005-02-09,99.5,99.4,99.46,99.35,412.8,412.2
2005-02-10,99.415,99.46,99.55,99.35,417.2,413.2
2005-02-11,99.425,99.38,99.45,99.35,420.6,417.1
2005-02-14,99.375,99.4,99.45,99.3,425.8,420.5
2005-02-15,99.375,99.35,99.35,99.25,424.8,424.8
2005-02-16,99.32,99.4,99.4,99.28,425.2,425.0
2005-02-17,99.34,99.35,99.35,99.29,427.0,424.6
2005-02-18,99.3,99.3,99.32,99.25,426.8,426.6
2005-02-21,99.365,99.3,99.34,99.25,426.9,426.8
2005-02-22,99.365,99.33,99.39,99.28,434.2,426.7
2005-02-23,99.365,99.365,99.365,99.365,434.5,434.6
2005-02-24,99.315,99.35,99.37,99.25,434.1,433.5
2005-02-25,99.4,99.32,99.48,99.15,434.5,432.9
2005-02-28,99.5,99.45,99.5,99.4,435.9,434.8
2005-03-01,99.54,99.4,99.52,99.4,432.3,435.0
2005-03-02,99.65,99.45,99.57,99.4,432.2,432.4
2005-03-03,99.625,99.58,99.63,99.5,429.3,432.4
2005-03-04,99.73,99.65,99.7,99.6,433.7,429.1
2005-03-07,99.7,99.65,99.7,99.55,434.4,433.9
2005-03-08,99.7,99.7,99.7,99.7,439.7,434.5
2005-03-09,99.585,99.55,99.6,99.5,441.5,440.0
2005-03-10,99.455,99.55,99.55,99.4,442.2,439.6
2005-03-11,99.33,99.38,99.4,99.23,445.5,442.1
2005-03-14,99.2,99.32,99.32,99.2,440.5,445.6
2005-03-15,99.25,99.18,99.2,99.0,440.0,440.4
2005-03-16,99.3,99.2,99.33,99.2,443.1,440.2
2005-03-17,99.25,99.25,99.3,99.2,438.3,443.2
2005-03-18,99.34,99.2,99.35,99.2,438.9,438.2
2005-03-21,99.465,99.35,99.44,99.25,430.7,438.9
2005-03-22,99.405,99.4,99.43,99.3,431.0,430.8
2005-03-23,99.425,99.42,99.42,99.35,424.5,426.3
2005-03-24,99.425,99.41,99.42,99.3,424.3,425.1
2005-03-28,99.45,99.35,99.43,99.35,425.6,425.0
2005-03-29,99.38,99.4,99.41,99.33,425.9,425.9
2005-03-30,99.55,99.3,99.4,99.3,427.6,425.8
2005-03-31,99.7,99.37,99.75,99.37,427.9,425.7
2005-04-01,99.705,99.6,99.7,99.5,428.0,428.0
2005-04-04,99.64,99.74,99.82,99.5,423.2,425.8
2005-04-05,99.87,99.68,99.82,99.6,424.0,423.9
2005-04-06,99.7,99.78,99.79,99.65,426.8,424.4
2005-04-07,99.605,99.7,99.71,99.45,425.9,426.2
2005-04-08,99.65,99.58,99.6,99.4,426.4,425.4
2005-04-11,99.625,99.58,99.6,99.54,428.0,426.6
2005-04-12,99.615,99.55,99.6,99.55,427.0,428.3
2005-04-13,99.615,99.615,99.615,99.615,428.8,428.0
2005-04-14,99.615,99.615,99.615,99.615,422.9,428.7
2005-04-15,99.64,99.55,99.62,99.55,424.4,423.3
2005-04-18,99.715,99.6,99.68,99.6,427.0,424.5
2005-04-19,99.71,99.68,99.7,99.62,432.4,426.9
2005-04-20,99.755,99.65,99.76,99.65,434.7,433.2
2005-04-21,99.825,99.7,99.8,99.65,432.5,434.0
2005-04-22,99.825,99.825,99.825,99.825,433.7,432.2
2005-04-25,99.82,99.8,99.88,99.65,434.0,434.2
2005-04-26,99.77,99.8,99.8,99.7,437.1,434.1
2005-04-27,99.75,99.75,99.88,99.65,432.3,436.8
2005-04-28,99.9,99.8,99.9,99.7,430.6,432.5
2005-04-29,99.775,99.75,99.87,99.65,434.5,431.2
2005-05-02,99.775,99.775,99.775,99.775,429.4,434.5
2005-05-03,99.77,99.82,99.82,99.63,426.5,428.8
2005-05-04,99.815,99.74,99.8,99.65,428.0,426.6
2005-05-05,99.89,99.78,99.87,99.7,429.5,429.9
2005-05-06,99.875,99.5,99.87,99.5,425.8,429.8
2005-05-09,99.875,99.84,99.9,99.82,425.8,425.8
2005-05-10,99.87,99.8,99.88,99.7,426.9,425.9
2005-05-11,99.87,99.8,99.87,99.75,427.1,426.3
2005-05-12,99.875,99.85,99.86,99.75,421.2,426.9
2005-05-13,99.875,99.75,99.86,99.75,419.9,421.4
2005-05-16,99.845,99.84,99.84,99.77,418.7,420.0
2005-05-17,99.72,99.65,99.74,99.45,419.5,419.3
2005-05-18,99.755,99.6,99.73,99.58,421.1,418.7
2005-05-19,99.85,99.71,99.9,99.7,420.4,421.3
2005-05-20,99.85,99.7,99.9,99.7,417.3,420.1
2005-05-23,99.85,99.85,99.85,99.85,416.8,417.3
2005-05-24,99.85,99.85,99.85,99.85,417.3,417.1
2005-05-25,99.89,99.85,99.9,99.7,418.5,417.6
2005-05-26,99.925,99.86,99.9,99.75,417.5,418.9
2005-05-27,99.975,99.85,99.95,99.85,420.0,417.3
2005-05-30,99.92,99.91,99.94,99.85,418.1,420.1
2005-05-31,99.925,99.85,99.93,99.85,416.4,418.4
2005-06-01,99.94,99.84,99.91,99.84,415.2,416.6
2005-06-02,99.94,99.93,99.94,99.85,422.4,414.7
2005-06-03,99.945,99.92,99.93,99.84,423.4,421.3
2005-06-06,99.945,99.8,99.94,99.8,425.9,422.1
2005-06-07,99.965,99.93,99.96,99.85,424.3,425.8
2005-06-08,99.945,99.94,99.98,99.88,424.3,424.6
2005-06-09,99.89,99.92,99.94,99.85,423.4,423.1
2005-06-10,99.94,99.87,99.92,99.87,427.0,423.3
2005-06-13,99.99,99.96,99.97,99.85,428.8,426.6
2005-06-14,100.25,99.95,100.2,99.85,427.0,428.7
2005-06-15,100.46,100.2,100.41,99.95,428.5,426.7
2005-06-16,100.3,100.37,100.42,100.25,435.6,428.6
2005-06-17,99.95,100.3,100.3,99.9,437.7,435.2
2005-06-20,100.03,100.1,100.1,100.0,437.7,437.2
2005-06-21,100.03,100.03,100.03,100.03,438.2,437.3
2005-06-22,99.895,100.0,100.0,99.85,437.5,438.3
2005-06-23,99.915,99.88,99.92,99.85,441.2,437.8
2005-06-24,99.76,99.86,99.86,99.65,440.0,441.0
2005-06-27,99.725,99.74,99.74,99.7,439.7,439.5
2005-06-28,99.805,99.72,99.78,99.7,435.8,439.4
2005-06-29,100.1,99.77,100.06,99.72,436.7,435.5
2005-06-30,100.15,99.95,100.12,99.9,434.7,436.9
2005-07-01,100.12,100.1,100.14,99.95,426.8,434.4
2005-07-04,100.085,100.12,100.12,99.9,427.2,427.2
2005-07-05,100.1,100.0,100.09,99.9,422.5,427.1
2005-07-06,99.935,100.0,100.05,99.8,423.1,422.4
2005-07-07,100.05,99.9,100.13,99.85,422.9,423.2
2005-07-08,100.12,100.0,100.12,99.95,422.6,423.0
2005-07-11,100.115,100.1,100.1,99.95,425.1,422.6
2005-07-12,100.1,100.12,100.12,99.95,426.0,425.8
2005-07-13,100.155,100.07,100.13,100.0,423.8,426.3
2005-07-14,100.4,100.12,100.35,100.1,419.5,423.6
2005-07-15,100.505,100.0,100.55,100.0,420.8,419.3
2005-07-18,100.335,100.45,100.45,100.2,420.4,421.2
2005-07-19,100.25,100.3,100.32,100.15,419.7,420.7
2005-07-20,100.365,100.28,100.42,100.2,421.9,419.6
2005-07-21,100.365,100.365,100.365,100.365,425.1,422.7
2005-07-22,100.39,100.25,100.41,100.2,424.6,425.5
2005-07-25,100.69,100.5,100.66,100.48,425.7,424.6
2005-07-26,100.76,100.5,100.85,100.5,423.2,425.6
2005-07-27,100.705,100.71,100.76,100.6,424.5,422.8
2005-07-28,100.675,100.71,100.72,100.63,427.5,424.1
2005-07-29,100.7,100.65,100.67,100.5,429.7,427.4
2005-08-01,100.61,100.6,100.63,100.0,431.7,429.4
2005-08-02,100.5,100.52,100.85,100.16,431.9,431.2
2005-08-03,100.51,100.4,100.51,100.23,436.8,431.5
2005-08-04,100.59,100.5,100.58,100.28,437.8,436.4
2005-08-05,100.65,100.3,100.65,100.3,437.0,437.0
2005-08-08,100.7,100.64,100.7,100.4,434.5,436.9
2005-08-09,100.72,100.7,100.78,100.45,434.0,434.8
2005-08-10,100.66,100.68,100.71,100.41,436.3,434.7
2005-08-11,100.8,100.63,100.77,100.49,445.2,436.9
2005-08-12,100.82,100.76,100.83,100.53,446.4,446.5
2005-08-15,100.875,100.2,100.88,100.2,441.6,445.8
2005-08-16,100.88,100.8,100.89,100.62,446.0,442.1
2005-08-17,100.91,100.85,100.9,100.62,439.7,445.5
2005-08-18,100.88,100.85,100.88,100.62,439.4,439.9
2005-08-19,100.88,100.88,100.88,100.88,436.9,438.6
2005-08-22,100.86,100.83,100.87,100.5,437.9,435.8
2005-08-23,100.74,100.87,100.87,100.49,439.0,437.7
2005-08-24,100.82,100.75,100.82,100.5,437.3,439.1
2005-08-25,100.8,100.8,100.82,100.52,438.1,437.4
2005-08-26,100.9,100.77,100.9,100.6,437.1,438.0
2005-08-29,100.9,100.9,100.9,100.8,436.5,437.1
2005-08-30,101.25,100.88,101.23,100.85,430.9,436.3
2005-08-31,101.25,101.2,101.25,101.0,433.8,431.05
2005-09-01,101.32,101.2,101.33,101.17,442.1,434.9
2005-09-02,101.32,101.3,101.36,101.22,444.1,442.0
2005-09-05,101.37,101.32,101.36,101.15,444.9,444.1
2005-09-06,101.36,101.0,101.4,101.0,444.2,444.95
2005-09-07,101.38,101.2,101.35,101.17,444.7,444.3
2005-09-08,101.44,101.38,101.4,101.2,446.5,444.5
2005-09-09,101.61,101.43,101.51,101.25,448.7,446.4
2005-09-12,101.435,101.42,101.45,101.25,449.5,448.8
2005-09-13,101.34,101.3,101.3,101.2,445.9,449.0
2005-09-14,101.32,101.33,101.33,101.22,449.6,445.8
2005-09-15,101.35,101.33,101.35,101.18,455.2,449.5
2005-09-16,101.45,101.32,101.43,101.22,459.2,455.03
2005-09-19,101.43,101.43,101.43,101.22,465.6,459.2
2005-09-20,101.42,101.41,101.41,101.22,465.9,463.5
2005-09-21,101.43,101.41,101.45,101.32,468.6,464.7
2005-09-22,101.48,101.41,101.46,101.25,466.5,472.1
2005-09-23,101.42,101.42,101.44,101.25,463.4,465.1
2005-09-26,101.47,101.42,101.45,101.25,466.2,463.4
2005-09-27,101.48,101.41,101.45,101.25,462.5,465.9
2005-09-28,101.34,101.33,101.36,101.17,469.4,462.4
2005-09-29,101.25,101.33,101.35,101.0,472.2,468.9
2005-09-30,101.33,101.25,101.31,101.0,468.5,471.6
2005-10-03,101.375,101.31,101.35,101.15,465.8,468.7
2005-10-04,101.425,101.38,101.4,101.2,465.9,464.9
2005-10-05,101.35,101.4,101.4,101.2,465.9,465.8
2005-10-06,101.35,101.33,101.37,101.2,471.7,464.6
2005-10-07,101.39,101.32,101.38,101.2,474.4,473.0
2005-10-10,101.375,101.35,101.35,101.15,474.8,474.3
2005-10-11,101.51,101.34,101.53,101.2,476.6,474.7
2005-10-12,101.51,101.46,101.5,101.3,473.5,475.3
2005-10-13,101.52,101.45,101.53,101.3,470.9,471.5
2005-10-14,101.525,101.52,101.52,101.15,468.8,471.3
2005-10-17,101.525,101.525,101.525,101.525,473.5,469.1
2005-10-18,101.54,101.5,101.54,101.2,471.9,473.6
2005-10-19,101.525,101.51,101.51,101.2,463.2,471.3
2005-10-20,101.525,101.53,101.53,101.2,461.0,464.1
2005-10-21,101.62,101.54,101.7,101.2,466.7,460.9
2005-10-24,101.655,101.58,101.63,101.25,464.55,466.5
2005-10-25,101.77,101.6,101.75,101.35,472.1,465.1
2005-10-26,101.78,101.75,101.77,101.3,470.88,472.2
2005-10-27,101.8,101.77,101.79,101.32,473.3,470.2
2005-10-28,101.85,101.78,101.86,101.4,472.7,473.38
2005-10-31,101.88,101.81,101.85,101.45,465.13,472.7
2005-11-01,101.88,101.88,101.88,101.88,458.7,465.4
2005-11-02,101.835,101.89,101.9,101.8,462.68,459.4
2005-11-03,101.85,101.82,101.82,101.4,460.2,462.8
2005-11-04,101.85,101.85,101.85,101.85,455.85,460.9
2005-11-07,101.855,101.8,101.85,101.45,459.0,456.4
2005-11-08,101.86,101.84,101.85,101.45,461.13,458.9
2005-11-09,101.86,101.8,101.87,101.45,466.3,460.2
2005-11-10,101.88,101.85,101.86,101.45,466.5,466.6
2005-11-11,101.83,101.85,101.85,101.45,468.2,465.9
2005-11-14,101.84,101.82,101.82,101.45,467.9,468.2
2005-11-15,101.84,101.84,101.84,101.84,467.78,467.53
2005-11-16,101.92,101.8,101.89,101.45,478.23,468.8
2005-11-17,101.87,101.81,101.89,101.77,485.9,479.0
2005-11-18,101.93,101.87,101.92,101.83,485.3,485.2
2005-11-21,101.92,101.93,101.96,101.4,488.93,485.3
2005-11-22,101.96,101.88,101.93,101.4,492.2,491.2
2005-11-23,101.94,101.92,101.94,101.65,491.5,492.48
2005-11-24,101.95,101.89,101.93,101.65,493.1,491.6
2005-11-25,101.975,101.91,101.96,101.55,495.5,493.0
2005-11-28,101.93,101.9,101.95,101.65,498.53,495.5
2005-11-29,102.0,101.91,101.99,101.7,499.1,498.63
2005-11-30,102.0,101.95,101.98,101.6,494.2,499.31
2005-12-01,101.97,101.96,101.98,101.65,502.3,491.5
2005-12-02,102.0,101.96,101.98,101.65,502.9,505.2
2005-12-05,102.0,101.96,101.97,101.65,508.5,502.9
2005-12-06,101.99,101.97,101.99,101.65,510.5,508.9
2005-12-07,101.975,101.97,101.97,101.65,513.8,509.6
2005-12-08,101.98,101.97,101.97,101.65,518.85,514.14
2005-12-09,101.98,101.96,101.99,101.65,525.7,520.2
2005-12-12,101.975,101.97,101.97,101.65,527.7,526.4
2005-12-13,102.0,101.95,101.97,101.65,520.5,526.7
2005-12-14,102.06,101.96,102.03,101.65,506.0,514.6
2005-12-15,102.06,102.06,102.06,102.06,503.1,503.1
2005-12-16,101.975,102.01,102.03,101.6,502.6,498.2
2005-12-19,102.03,102.01,102.02,101.65,503.7,502.6
2005-12-20,102.05,102.02,102.02,101.65,493.8,503.45
2005-12-21,102.03,102.0,102.02,101.65,492.4,492.7
2005-12-22,102.09,102.01,102.1,101.65,502.2,494.85
2005-12-23,102.05,102.03,102.06,101.6,502.4,503.5
2005-12-27,102.12,102.05,102.08,101.75,507.4,502.5
2005-12-28,102.1,102.06,102.1,101.75,513.6,508.2
2005-12-29,102.1,102.08,102.08,101.75,515.0,516.05
2005-12-30,102.11,102.07,102.1,101.75,516.5,514.0
2006-01-03,102.155,102.09,102.15,101.75,530.6,516.4
2006-01-04,102.15,102.09,102.15,101.8,533.3,533.4
2006-01-05,102.15,102.11,102.13,101.75,525.6,534.3
2006-01-06,102.1,102.11,102.12,101.7,539.45,524.2
2006-01-09,102.01,102.07,102.07,101.7,550.1,539.2
2006-01-10,102.045,102.06,102.06,101.92,543.95,548.4
2006-01-11,102.045,102.045,102.045,102.045,549.2,541.4
2006-01-12,102.1,102.08,102.11,101.75,547.4,549.0
2006-01-13,102.1,102.1,102.1,102.1,555.5,544.9
2006-01-16,102.17,102.05,102.16,101.75,561.6,555.5
2006-01-17,102.18,102.13,102.17,101.75,553.25,561.5
2006-01-18,102.16,102.14,102.14,101.65,543.4,555.2
2006-01-19,102.14,102.1,102.14,101.65,558.55,539.9
2006-01-20,102.1,102.11,102.14,101.65,553.0,560.05
2006-01-23,102.16,102.12,102.15,101.65,558.0,553.2
2006-01-24,102.1,102.12,102.13,101.65,558.1,558.9
2006-01-25,102.025,102.12,102.15,101.5,562.48,558.28
2006-01-26,102.02,102.02,102.02,101.5,559.1,561.9
2006-01-27,102.13,101.92,102.15,101.6,558.75,558.78
2006-01-30,102.205,102.08,102.27,101.77,566.3,558.9
2006-01-31,102.12,102.15,102.19,101.65,570.1,566.35
2006-02-01,102.1,102.05,102.17,101.65,569.1,569.1
2006-02-02,102.14,102.1,102.14,101.65,570.6,568.3
2006-02-03,102.15,102.12,102.12,101.6,566.8,572.1
2006-02-06,102.05,102.09,102.1,101.5,569.9,567.0
2006-02-07,102.05,101.97,102.05,101.6,550.4,568.4
2006-02-08,102.125,102.02,102.11,101.6,549.4,548.9
2006-02-09,102.04,102.1,102.13,101.6,565.7,550.9
2006-02-10,102.1,101.99,102.09,101.6,549.9,567.0
2006-02-13,102.08,102.08,102.1,101.6,538.3,549.8
2006-02-14,102.12,102.08,102.1,101.6,545.5,538.29
2006-02-15,102.22,102.06,102.19,101.6,539.3,547.1
2006-02-16,102.2,102.16,102.23,101.6,545.7,538.3
2006-02-17,102.2,102.15,102.2,101.6,551.6,547.95
2006-02-20,102.2,102.14,102.2,101.8,555.6,552.3
2006-02-21,102.23,102.18,102.2,101.85,553.7,555.5
2006-02-22,102.32,102.2,102.31,101.85,553.25,553.3
2006-02-23,102.38,102.26,102.41,101.9,549.0,554.3
2006-02-24,102.41,102.38,102.39,101.9,558.4,548.0
2006-02-27,102.53,102.36,102.53,102.0,554.3,558.4
2006-02-28,102.58,102.39,102.68,102.39,561.3,553.25
2006-03-01,102.55,102.65,102.65,102.44,563.3,563.0
2006-03-02,102.465,102.52,102.52,102.3,569.5,562.0
2006-03-03,102.47,102.42,102.57,102.37,565.9,568.9
2006-03-06,102.58,102.48,102.57,102.4,554.35,564.9
2006-03-07,102.63,102.51,102.63,102.51,552.4,553.9
2006-03-08,102.69,102.68,102.7,102.55,542.9,552.6
2006-03-09,102.67,102.61,102.68,102.53,545.5,543.13
2006-03-10,102.68,102.65,102.67,102.5,539.8,545.6
2006-03-13,102.7,102.65,102.72,102.6,546.0,540.3
2006-03-14,102.7,102.7,102.7,102.7,551.5,545.25
2006-03-15,102.73,102.72,102.78,102.58,552.7,550.6
2006-03-16,102.755,102.73,102.76,102.6,554.72,552.45
2006-03-17,102.76,102.72,102.75,102.66,554.0,554.56
2006-03-20,102.75,102.74,102.77,102.65,555.1,553.5
2006-03-21,102.65,102.72,102.72,102.54,552.0,553.8
2006-03-22,102.55,102.62,102.62,102.42,550.8,551.9
2006-03-23,102.58,102.5,102.56,102.48,550.4,550.3
2006-03-24,102.68,102.55,102.67,102.55,559.85,549.5
2006-03-27,102.7,102.68,102.72,102.65,566.7,559.9
2006-03-28,102.76,102.7,102.75,102.66,566.6,567.1
2006-03-29,102.79,102.76,102.8,102.67,572.17,563.6
2006-03-30,102.77,102.78,102.8,102.67,585.0,573.0
2006-03-31,102.575,102.78,102.78,102.55,580.9,587.7
2006-04-03,102.58,102.6,102.62,102.48,588.8,582.73
2006-04-04,102.57,102.58,102.58,102.47,585.7,588.1
2006-04-05,102.53,102.54,102.55,102.42,587.4,585.3
2006-04-06,102.54,102.52,102.52,102.44,594.5,588.0
2006-04-07,102.47,102.53,102.53,102.37,587.8,594.9
2006-04-10,102.56,102.52,102.53,102.4,597.9,590.5
2006-04-11,102.56,102.56,102.56,102.56,594.8,599.65
2006-04-12,102.62,102.53,102.65,102.52,597.4,593.8
2006-04-13,102.62,102.62,102.62,102.62,595.9,597.85
2006-04-17,102.635,102.62,102.7,102.61,614.6,599.0
2006-04-18,102.69,102.62,102.65,102.56,620.3,613.2
2006-04-19,102.675,102.63,102.65,102.57,634.8,621.5
2006-04-20,102.71,102.66,102.7,102.61,617.3,638.8
2006-04-21,102.7,102.7,102.7,102.58,635.23,612.65
2006-04-24,102.71,102.64,102.68,102.61,620.3,633.3
2006-04-25,102.74,102.69,102.72,102.57,630.6,619.95
2006-04-26,102.82,102.8,102.8,102.71,638.5,628.7
2006-04-27,102.81,102.74,102.8,102.71,633.6,639.6
2006-04-28,102.8,102.76,102.78,102.7,649.95,633.5
2006-05-01,102.8,102.8,102.8,102.8,658.2,653.55
2006-05-02,102.8,102.79,102.82,102.7,664.8,653.9
2006-05-03,102.81,102.8,102.82,102.5,665.45,668.4
2006-05-04,102.83,102.65,103.2,102.65,674.1,663.2
2006-05-05,102.855,102.82,102.83,102.75,682.1,679.0
2006-05-08,102.86,102.84,102.85,102.76,677.5,681.7
2006-05-09,102.88,102.85,102.88,102.75,699.8,680.3
2006-05-10,102.84,102.86,102.86,102.74,702.5,700.2
2006-05-11,102.75,102.82,102.82,102.65,720.3,707.1
2006-05-12,102.75,102.75,102.75,102.75,709.9,712.9
2006-05-15,102.9,102.83,102.88,102.78,680.9,713.9
2006-05-16,102.9,102.87,102.92,102.79,692.6,678.55
2006-05-17,102.95,102.88,102.9,102.8,687.1,686.3
2006-05-18,102.96,102.9,102.93,102.82,679.5,687.2
2006-05-19,102.96,102.9,102.95,102.83,658.33,682.8
2006-05-22,102.95,102.92,102.95,102.84,656.2,657.0
2006-05-23,102.93,102.94,102.94,102.82,674.0,657.3
2006-05-24,102.92,102.91,102.91,102.81,638.3,665.2
2006-05-25,102.96,102.93,102.94,102.85,648.58,642.6
2006-05-26,102.94,102.9,102.95,102.9,651.8,650.8
2006-05-30,102.96,102.93,102.96,102.85,654.25,650.8
2006-05-31,103.0,102.7,102.99,102.65,644.0,652.55
2006-06-01,103.2,102.96,103.36,102.94,627.7,642.3
2006-06-02,103.29,103.15,103.4,103.15,635.3,627.9
2006-06-05,103.225,103.25,103.29,103.2,643.2,637.5
2006-06-06,103.24,103.25,103.26,103.14,629.3,634.8
2006-06-07,103.27,103.21,103.26,103.16,627.6,629.8
2006-06-08,103.3,103.2,103.32,103.17,610.5,626.6
2006-06-09,103.33,103.25,103.3,103.23,606.95,613.6
2006-06-12,103.295,103.29,103.29,103.19,606.6,605.25
2006-06-13,103.275,103.28,103.28,103.17,562.75,604.6
2006-06-14,103.29,103.28,103.28,103.19,557.77,564.4
2006-06-15,103.61,103.28,103.57,103.28,567.9,559.4
2006-06-16,103.57,103.55,103.6,103.47,581.0,574.35
2006-06-19,103.55,103.56,103.56,103.4,568.6,579.0
2006-06-20,103.57,103.5,103.62,103.47,575.1,564.0
2006-06-21,103.625,103.58,103.62,103.52,588.2,575.0
2006-06-22,103.75,103.6,103.74,103.6,580.4,588.8
2006-06-23,103.8,103.72,103.82,103.7,582.8,580.9
2006-06-26,103.93,103.86,103.9,103.8,584.55,583.3
2006-06-27,103.92,103.89,103.92,103.82,581.29,584.0
2006-06-28,103.95,103.93,103.98,103.85,579.05,579.6
2006-06-29,103.96,103.94,103.97,103.85,586.4,580.1
2006-06-30,103.97,103.95,103.95,103.86,614.1,598.6
2006-07-03,104.01,103.94,103.99,103.86,623.4,617.9
2006-07-04,103.99,103.98,103.98,103.87,621.3,623.3
2006-07-05,103.95,103.96,103.97,103.84,627.2,624.9
2006-07-06,103.99,103.95,103.98,103.85,633.6,627.0
2006-07-07,103.95,103.95,103.96,103.85,632.7,633.3
2006-07-10,103.95,103.85,103.85,103.85,623.3,628.9
2006-07-11,103.93,103.95,103.97,103.83,641.1,623.2
2006-07-12,103.91,103.9,103.93,103.8,648.1,641.2
2006-07-13,103.94,103.9,103.92,103.82,654.4,650.0
2006-07-14,103.96,103.93,103.97,103.85,666.5,665.05
2006-07-17,103.97,103.95,103.97,103.85,648.9,669.8
2006-07-18,103.98,103.96,103.97,103.86,628.8,643.2
2006-07-19,103.97,103.96,103.98,103.87,642.8,630.9
2006-07-20,103.99,103.97,103.97,103.87,632.0,643.4
2006-07-21,104.0,103.96,103.97,103.87,620.0,629.9
2006-07-24,104.01,103.97,104.0,103.89,611.4,618.2
2006-07-25,103.99,103.85,103.99,103.85,618.0,615.9
2006-07-26,103.98,103.99,104.0,103.94,621.8,619.0
2006-07-27,103.95,103.99,103.99,103.92,632.2,624.05
2006-07-28,103.99,103.7,103.98,103.5,634.4,633.2
2006-07-31,103.97,103.97,104.02,103.96,634.4,636.6
2006-08-01,104.0,103.97,104.0,103.97,646.6,635.7
2006-08-02,103.97,103.99,103.99,103.96,651.1,646.3
2006-08-03,103.99,103.98,104.0,103.96,644.7,650.6
2006-08-04,103.96,103.96,103.99,103.955,644.5,645.9
2006-08-07,103.97,104.0,104.0,103.96,646.3,644.9
2006-08-08,103.96,103.95,103.95,103.935,645.2,647.8
2006-08-09,103.96,103.96,103.96,103.96,650.84,640.7
2006-08-10,103.9,103.94,103.94,103.89,634.3,651.0
2006-08-11,103.925,103.9,103.92,103.89,632.61,636.8
2006-08-14,103.925,103.91,103.97,103.89,627.02,627.8
2006-08-15,103.99,103.5,103.99,103.74,622.28,626.1
2006-08-16,103.97,103.94,103.99,103.96,627.3,624.3
2006-08-17,103.995,103.98,103.99,103.97,614.3,628.8
2006-08-18,104.0,103.99,104.0,103.985,612.0,614.6
2006-08-21,103.995,103.99,103.99,103.98,626.4,614.4
2006-08-22,103.885,103.95,103.97,103.885,623.5,626.7
2006-08-23,103.72,103.75,103.75,103.66,623.4,623.75
2006-08-24,103.55,103.65,103.65,103.425,619.55,621.7
2006-08-25,103.315,103.5,103.5,103.25,622.75,619.8
2006-08-28,103.265,103.3,103.3,103.175,614.1,622.4
2006-08-29,102.85,102.95,102.95,102.75,611.7,613.15
2006-08-30,102.56,102.73,102.73,102.435,617.4,614.0
2006-08-31,102.19,102.2,102.22,102.15,625.1,618.1
2006-09-01,102.2,102.0,102.15,102.0,624.33,625.95
2006-09-04,102.14,102.07,102.12,102.08,625.9,625.4
2006-09-05,102.15,102.09,102.12,102.085,638.11,627.0
2006-09-06,102.225,102.12,102.32,102.105,634.1,639.1
2006-09-07,102.225,102.225,102.225,102.225,618.0,632.9
2006-09-08,102.45,102.3,102.4,102.285,610.1,617.2
2006-09-11,102.53,102.3,102.52,102.295,590.5,606.75
2006-09-12,102.42,102.5,102.5,102.33,586.15,589.9
2006-09-13,102.41,102.3,102.42,102.33,587.9,586.3
2006-09-14,102.445,102.2,102.45,102.31,577.88,589.7
2006-09-15,102.43,102.42,102.45,102.415,577.9,575.75
2006-09-18,102.49,102.42,102.5,102.45,586.3,582.7
2006-09-19,102.52,102.45,102.53,102.475,573.9,588.5
2006-09-20,102.57,102.55,102.58,102.53,580.6,573.0
2006-09-21,102.44,102.48,102.48,102.435,584.3,576.3
2006-09-22,102.49,102.45,102.5,102.465,588.5,584.4
2006-09-25,102.54,102.45,102.53,102.48,590.2,587.55
2006-09-26,102.54,102.45,102.53,102.49,590.2,589.95
2006-09-27,103.43,102.5,103.65,102.54,600.0,591.2
2006-09-28,103.85,103.7,103.8,103.7,605.0,602.4
2006-09-29,103.76,103.75,103.78,103.72,598.6,600.4
2006-10-02,103.96,103.72,103.93,103.77,597.55,598.5
2006-10-03,103.91,103.96,103.96,103.9,576.0,595.8
2006-10-04,104.0,103.93,104.01,103.94,563.55,574.5
2006-10-05,104.23,103.98,104.19,104.005,571.75,566.3
2006-10-06,104.23,104.23,104.23,104.23,572.95,572.5
2006-10-09,104.8,104.2,104.9,104.23,576.9,574.3
2006-10-10,104.97,104.83,104.92,104.83,573.0,576.2
2006-10-11,105.15,104.95,105.1,104.96,572.1,572.5
2006-10-12,105.5,105.17,105.48,105.195,576.0,572.95
2006-10-13,106.01,105.48,105.97,105.53,589.2,579.2
2006-10-16,106.865,105.9,106.85,105.95,595.4,592.5
2006-10-17,107.1,106.85,107.75,106.66,589.63,596.7
2006-10-18,106.95,107.25,107.25,106.9,587.1,588.9
2006-10-19,105.9,106.6,106.75,105.8,598.5,589.7
2006-10-20,105.05,104.5,105.0,104.5,592.2,599.1
2006-10-23,106.88,105.05,106.83,105.1,580.1,591.9
2006-10-24,106.45,106.2,106.4,106.35,584.0,581.3
2006-10-25,106.25,106.6,107.3,106.2,587.8,584.7
2006-10-26,106.45,106.3,106.5,106.15,594.9,591.3
2006-10-27,107.375,106.55,107.53,106.65,597.6,596.0
2006-10-30,107.425,106.8,107.35,107.025,604.2,598.4
2006-10-31,108.025,107.65,107.95,107.2,605.4,603.5
2006-11-01,107.87,107.8,108.0,107.835,618.68,606.3
2006-11-02,107.275,107.9,107.9,107.275,624.54,616.75
2006-11-03,106.55,107.4,107.45,106.4,627.1,624.1
2006-11-06,107.275,106.5,107.3,106.55,623.4,626.9
2006-11-07,107.35,107.35,107.35,107.225,626.5,624.1
2006-11-08,107.25,107.0,107.2,107.075,614.9,624.2
2006-11-09,107.4,107.6,107.6,107.3,634.6,615.8
2006-11-10,107.5,107.0,107.48,107.225,627.7,634.9
2006-11-13,107.77,107.53,107.75,107.58,625.1,628.15
2006-11-14,108.2,107.65,108.35,107.675,622.7,625.5
2006-11-15,108.33,108.05,108.35,108.1,623.0,621.4
2006-11-16,108.22,108.1,108.2,108.11,621.2,622.7
2006-11-17,108.8,108.0,109.05,108.15,621.3,618.1
2006-11-20,108.7,109.15,109.15,108.525,620.8,621.35
2006-11-21,107.1,107.9,108.2,107.075,627.9,622.9
2006-11-22,107.1,107.1,107.15,106.5,629.35,627.6
2006-11-23,107.25,107.0,107.2,107.025,630.5,629.2
2006-11-24,107.625,107.15,107.65,107.2,637.7,630.6
2006-11-27,108.0,107.8,107.9,107.8,641.4,638.6
2006-11-28,108.0,107.95,108.0,107.9,638.2,640.9
2006-11-29,108.05,107.9,108.05,107.925,635.7,639.0
2006-11-30,108.1,108.0,108.05,107.975,646.25,636.1
2006-12-01,108.15,108.07,108.13,108.05,645.75,646.6
2006-12-04,108.15,108.15,108.15,108.15,645.2,646.95
2006-12-05,107.625,108.1,108.1,107.625,643.3,645.4
2006-12-06,107.7,107.55,107.7,107.65,629.1,640.9
2006-12-07,107.65,107.6,107.6,107.595,631.2,629.8
2006-12-08,108.015,107.7,107.98,107.65,626.1,632.5
2006-12-11,108.55,108.0,108.6,108.05,629.25,624.4
2006-12-12,108.05,108.5,108.57,108.025,626.6,629.7
2006-12-13,108.07,108.0,108.05,108.05,627.75,629.38
2006-12-14,108.1,108.12,108.6,108.07,626.35,627.9
2006-12-15,107.8,108.1,108.1,107.775,615.0,625.3
2006-12-18,107.67,107.72,107.81,107.67,615.3,614.8
2006-12-19,107.6,107.6,107.6,107.55,621.8,616.5
2006-12-20,107.53,107.5,107.52,107.48,621.45,622.2
2006-12-21,107.5,107.5,107.5,107.465,618.0,620.75
2006-12-22,107.53,107.48,107.52,107.515,620.3,618.5
2006-12-26,107.6,107.5,107.55,107.55,623.9,623.59
2006-12-27,107.85,107.95,107.95,107.825,627.35,624.6
2006-12-28,107.68,107.7,107.7,107.575,633.5,626.2
2006-12-29,107.45,107.3,107.45,107.35,635.7,634.3
2007-01-02,107.65,107.5,107.65,107.47,639.8,636.2
2007-01-03,107.65,107.55,107.55,107.65,627.7,639.7
2007-01-04,108.25,107.74,108.1,107.57,624.08,626.8
2007-01-05,108.7,108.75,108.75,108.6,606.3,622.78
2007-01-08,108.75,108.6,108.75,108.65,607.4,607.9
2007-01-09,108.57,108.7,108.72,108.57,613.0,609.6
2007-01-10,108.45,108.5,108.63,108.35,611.8,612.8
2007-01-11,108.55,108.48,108.53,108.475,613.23,611.0
2007-01-12,108.45,108.52,108.52,108.375,625.9,611.8
2007-01-15,108.45,108.45,108.45,108.45,626.3,625.8
2007-01-16,108.88,108.42,108.85,108.47,623.6,626.2
2007-01-17,108.75,108.8,108.88,108.725,631.98,623.4
2007-01-18,108.75,108.75,108.75,108.375,627.1,632.88
2007-01-19,108.725,108.7,108.72,108.7,635.0,627.7
2007-01-22,108.6,108.67,108.7,108.5,632.9,635.25
2007-01-23,108.35,108.55,108.55,108.2,645.4,633.9
2007-01-24,108.43,108.3,108.38,108.1,647.6,646.18
2007-01-25,108.65,108.4,108.75,108.435,647.9,647.0
2007-01-26,108.55,108.6,108.8,108.55,644.4,645.5
2007-01-29,108.7,108.5,108.73,108.55,642.0,647.3
2007-01-30,108.65,108.65,108.75,108.45,644.73,642.3
2007-01-31,108.58,108.4,108.78,108.45,652.1,646.5
2007-02-01,108.58,108.58,108.58,108.58,657.6,651.9
2007-02-02,108.625,108.5,108.65,108.55,646.4,656.6
2007-02-05,108.63,108.53,108.53,108.63,650.15,648.2
2007-02-06,108.67,108.78,108.78,108.57,652.45,647.8
2007-02-07,108.6,108.6,108.68,108.505,651.75,653.0
2007-02-08,108.55,108.55,108.58,108.505,658.9,651.6
2007-02-09,108.575,108.52,108.6,108.54,667.3,660.1
2007-02-12,108.53,108.47,108.55,108.49,663.15,666.8
2007-02-13,108.625,108.52,108.6,108.485,663.55,661.0
2007-02-14,108.78,108.6,108.75,108.625,667.7,663.8
2007-02-15,108.7,108.7,108.73,108.55,667.8,668.9
2007-02-16,108.7,108.7,108.7,108.7,667.8,667.9
2007-02-19,108.65,108.65,108.72,108.635,670.4,668.2
2007-02-20,108.73,108.6,108.73,108.65,657.4,670.8
2007-02-21,108.75,108.67,108.75,108.64,678.0,659.4
2007-02-22,108.77,108.65,108.83,108.7,677.93,677.3
2007-02-23,108.75,108.75,108.82,108.7,681.7,674.8
2007-02-26,108.78,108.7,108.75,108.6,685.5,682.8
2007-02-27,108.7,108.7,108.72,108.61,676.5,686.2
2007-02-28,108.79,108.67,108.85,108.63,669.3,665.1
2007-03-01,108.9,108.75,109.0,108.75,663.95,673.4
2007-03-02,108.85,108.75,108.87,108.725,642.63,659.7
2007-03-05,108.86,108.8,108.84,108.74,638.3,642.83
2007-03-06,108.65,108.82,108.9,108.65,645.0,632.7
2007-03-07,108.725,108.8,109.0,108.725,650.15,647.5
2007-03-08,109.12,109.03,109.12,109.06,651.7,647.4
2007-03-09,109.07,109.12,109.12,109.06,647.9,652.2
2007-03-12,109.32,109.0,109.33,109.01,649.5,648.9
2007-03-13,109.52,109.25,109.66,109.275,644.0,649.1
2007-03-14,109.47,109.54,109.63,109.4,642.8,642.9
2007-03-15,109.59,109.55,109.58,109.5,646.0,644.75
2007-03-16,109.8,109.55,109.88,109.585,652.0,648.1
2007-03-19,109.81,109.75,109.9,109.785,653.3,653.7
2007-03-20,109.675,109.75,109.8,109.675,657.9,654.2
2007-03-21,109.475,109.7,109.83,109.475,662.3,658.55
2007-03-22,109.85,109.75,109.92,109.735,663.4,663.55
2007-03-23,109.66,109.8,109.9,109.6,657.1,663.0
2007-03-26,109.05,109.6,109.6,108.915,663.0,657.15
2007-03-27,108.55,109.02,109.05,108.3,662.1,663.4
2007-03-28,108.575,108.87,109.08,108.525,665.55,667.7
2007-03-29,109.4,108.8,109.35,108.85,660.75,664.8
2007-03-30,108.65,109.15,109.22,108.65,663.4,660.7
2007-04-02,108.65,108.65,108.65,108.65,664.65,664.35
2007-04-03,108.31,108.6,108.6,108.05,663.95,663.5
2007-04-04,108.45,108.3,108.55,108.25,672.6,664.1
2007-04-05,108.35,108.4,108.4,108.3,673.83,674.1
2007-04-09,108.405,108.3,108.36,108.35,672.0,673.2
2007-04-10,109.305,108.35,109.26,108.305,676.2,670.85
2007-04-11,109.075,109.35,109.5,109.075,675.7,677.05
2007-04-12,109.05,109.36,109.4,109.05,674.9,676.7
2007-04-13,109.05,109.05,109.05,109.05,684.1,676.55
2007-04-16,109.275,109.4,109.67,109.275,689.65,686.7
2007-04-17,109.85,109.6,109.9,109.59,686.8,689.63
2007-04-18,109.85,109.85,109.85,109.85,687.7,686.85
2007-04-19,110.2,110.25,110.45,110.2,682.7,689.7
2007-04-20,109.65,110.35,110.35,109.65,692.3,683.7
2007-04-23,109.85,109.58,109.9,109.63,690.3,693.23
2007-04-24,109.94,109.95,109.95,109.85,683.2,689.25
2007-04-25,110.0,109.95,109.97,109.965,683.9,684.7
2007-04-26,110.02,110.05,110.08,109.945,674.2,684.05
2007-04-27,109.95,110.15,110.15,109.95,680.1,674.4
2007-04-30,110.6,110.1,110.7,110.15,680.6,680.85
2007-05-01,110.6,110.6,110.6,110.6,674.25,678.0
2007-05-02,110.6,110.6,110.6,110.6,671.9,673.3
2007-05-03,110.7,110.8,110.85,110.7,680.7,672.23
2007-05-04,110.9,110.67,110.85,110.59,686.7,681.8
2007-05-07,110.95,110.8,110.92,110.85,688.0,688.54
2007-05-08,110.85,110.85,110.87,110.85,684.95,687.4
2007-05-09,110.8,110.85,110.92,110.8,680.1,684.9
2007-05-10,110.85,110.75,110.9,110.775,666.7,679.7
2007-05-11,110.89,110.8,110.87,110.85,670.5,665.4
2007-05-14,111.0,110.87,110.95,110.88,667.7,671.3
2007-05-15,110.92,110.9,110.91,110.85,672.6,669.1
2007-05-16,110.86,110.9,110.9,110.81,660.7,672.4
2007-05-17,110.9,110.8,110.9,110.84,657.0,661.6
2007-05-18,110.9,110.9,110.94,110.81,661.1,657.9
2007-05-21,110.8,110.85,110.85,110.8,662.68,663.0
2007-05-22,110.78,110.82,110.82,110.775,658.2,662.9
2007-05-23,110.75,110.8,110.8,110.74,660.9,658.95
2007-05-24,110.86,110.8,110.88,110.85,654.4,661.45
2007-05-25,110.77,110.8,110.85,110.77,654.7,653.7
2007-05-28,110.715,110.7,110.75,110.66,654.9,655.4
2007-05-29,110.77,110.76,110.8,110.77,656.3,654.7
2007-05-30,110.87,110.82,110.88,110.86,652.8,657.05
2007-05-31,110.87,110.87,110.87,110.87,660.5,653.6
2007-06-01,110.8,110.83,110.83,110.8,670.9,661.3
2007-06-04,110.79,110.8,110.8,110.79,670.5,671.0
2007-06-05,110.72,110.77,110.8,110.71,669.75,671.05
2007-06-06,110.76,110.74,110.74,110.67,668.5,669.9
2007-06-07,110.815,110.75,110.83,110.8,658.9,669.9
2007-06-08,110.9,110.84,110.95,110.85,647.2,658.55
2007-06-11,110.9,110.85,110.97,110.825,654.3,649.2
2007-06-12,110.88,110.78,110.87,110.83,649.95,653.0
2007-06-13,110.9,110.82,110.88,110.83,648.88,646.3
2007-06-14,110.955,110.92,110.96,110.925,651.6,651.35
2007-06-15,110.875,110.87,110.9,110.875,655.05,653.45
2007-06-18,110.9,110.85,110.89,110.875,656.2,656.0
2007-06-19,110.96,110.85,110.95,110.885,661.5,655.85
2007-06-20,110.925,110.9,110.95,110.915,656.0,661.2
2007-06-21,110.91,110.9,110.97,110.905,651.6,654.2
2007-06-22,110.995,110.92,111.0,110.925,653.0,651.8
2007-06-25,111.075,110.98,111.05,110.965,651.6,653.6
2007-06-26,111.23,111.05,111.2,111.1,643.0,650.8
2007-06-27,111.5,111.18,111.5,111.15,642.6,639.95
2007-06-28,111.425,111.45,111.45,111.365,648.4,643.1
2007-06-29,111.385,111.4,111.4,111.3,649.7,648.2
2007-07-02,111.4,111.25,111.4,111.3,656.9,650.85
2007-07-03,111.35,111.36,111.36,111.33,652.5,656.4
2007-07-04,111.41,111.35,111.4,111.33,653.6,653.0
2007-07-05,111.445,111.4,111.55,111.34,648.85,654.0
2007-07-06,111.56,111.53,111.55,111.45,653.5,648.75
2007-07-09,111.525,111.48,111.53,111.51,660.75,656.2
2007-07-10,111.525,111.5,111.57,111.45,662.8,660.05
2007-07-11,111.625,111.54,111.7,111.525,660.2,664.0
2007-07-12,111.725,111.55,111.77,111.59,667.1,661.35
2007-07-13,111.745,111.7,111.76,111.73,666.3,666.95
2007-07-16,111.8,111.72,111.77,111.715,663.9,666.85
2007-07-17,111.815,111.75,111.8,111.65,665.18,664.85
2007-07-18,111.75,111.7,111.75,111.705,673.1,664.3
2007-07-19,111.81,111.75,111.8,111.75,676.85,673.0
2007-07-20,111.78,111.74,111.8,111.76,683.5,677.1
2007-07-23,111.785,111.73,111.79,111.755,680.65,683.6
2007-07-24,111.775,111.74,111.78,111.76,682.8,681.2
2007-07-25,111.765,111.75,111.78,111.76,672.1,681.7
2007-07-26,111.78,111.74,111.77,111.7,663.1,675.63
2007-07-27,111.78,111.75,111.77,111.725,660.15,662.9
2007-07-30,111.76,111.74,111.78,111.74,664.53,661.6
2007-07-31,111.78,111.72,111.78,111.715,665.95,665.15
2007-08-01,111.775,111.74,111.78,111.765,664.2,663.58
2007-08-02,111.805,111.75,111.82,111.77,665.2,666.1
2007-08-03,111.9,111.75,111.9,111.725,673.2,665.9
2007-08-06,111.875,111.85,111.93,111.85,671.1,674.8
2007-08-07,111.895,111.85,111.91,111.885,671.23,670.8
2007-08-08,111.9,111.78,111.92,111.83,674.33,671.4
2007-08-09,111.92,111.86,111.92,111.885,661.9,674.3
2007-08-10,111.93,111.9,111.96,111.84,671.5,661.1
2007-08-13,111.97,111.89,111.98,111.87,669.75,671.95
2007-08-14,111.95,111.88,111.99,111.91,667.9,668.8
2007-08-15,111.985,111.96,111.98,111.915,668.68,669.55
2007-08-16,112.0,111.9,112.0,111.94,648.6,666.45
2007-08-17,112.02,111.97,112.05,111.98,656.9,652.4
2007-08-20,112.0,112.0,112.05,111.995,656.2,656.45
2007-08-21,112.1,112.0,112.1,111.995,656.5,657.7
2007-08-22,112.2,112.0,112.16,112.035,659.4,657.1
2007-08-23,112.35,112.1,112.35,112.125,659.45,660.65
2007-08-24,112.65,112.3,112.75,112.35,667.7,659.38
2007-08-27,112.9,112.6,112.85,112.4,666.9,668.1
2007-08-28,112.9,112.9,112.9,112.9,664.63,666.1
2007-08-29,113.15,112.9,113.15,112.87,666.2,662.05
2007-08-30,113.125,113.1,113.1,112.98,664.5,667.2
2007-08-31,113.025,113.08,113.15,113.0,672.5,664.75
2007-09-03,113.025,112.97,113.0,112.95,672.3,672.4
2007-09-04,113.15,112.95,113.1,112.99,681.93,671.9
2007-09-05,113.25,113.1,113.28,113.125,681.5,681.6
2007-09-06,113.3,113.32,113.32,113.215,694.25,682.48
2007-09-07,113.275,113.2,113.27,113.225,700.7,694.98
2007-09-10,113.26,113.24,113.28,113.185,702.3,699.7
2007-09-11,113.28,113.3,113.3,113.25,712.2,702.6
2007-09-12,113.275,113.27,113.3,113.26,711.4,711.2
2007-09-13,113.33,113.25,113.35,113.28,708.5,710.4
2007-09-14,113.37,113.27,113.4,113.31,708.15,707.0
2007-09-17,113.5,113.35,113.5,113.375,715.1,706.6
2007-09-18,113.6,113.38,113.57,113.405,715.88,716.2
2007-09-19,113.5,113.55,113.65,113.43,721.5,725.9
2007-09-20,113.5,113.45,113.5,113.445,733.4,721.55
2007-09-21,113.45,113.46,113.5,113.45,732.1,732.8
2007-09-24,113.5,113.45,113.49,113.45,731.68,730.35
2007-09-25,113.475,113.46,113.5,113.445,730.3,729.43
2007-09-26,113.475,113.475,113.475,113.475,728.6,731.05
2007-09-27,113.46,113.44,113.5,113.44,733.5,727.4
2007-09-28,113.44,113.47,113.49,113.44,744.8,734.1
2007-10-01,113.465,113.45,113.47,113.445,746.85,743.4
2007-10-02,113.45,113.45,113.51,113.44,731.25,746.6
2007-10-03,113.465,113.48,113.48,113.445,729.75,731.83
2007-10-04,113.45,113.43,113.48,113.445,736.6,727.9
2007-10-05,113.49,113.46,113.48,113.445,741.5,736.15
2007-10-08,113.465,113.44,113.49,113.445,732.4,740.8
2007-10-09,113.48,113.45,113.49,113.44,736.75,732.98
2007-10-10,113.46,113.4,113.5,113.425,739.15,737.5
2007-10-11,113.4,113.4,113.45,113.36,751.1,740.63
2007-10-12,113.42,113.43,113.46,113.41,748.3,747.85
2007-10-15,113.45,113.42,113.47,113.44,758.08,748.2
2007-10-16,113.475,113.45,113.47,113.445,757.7,758.4
2007-10-17,113.275,113.36,113.36,113.25,756.0,761.2
2007-10-18,112.98,113.15,113.2,112.915,764.0,755.9
2007-10-19,112.76,112.9,112.9,112.685,765.3,767.5
2007-10-22,112.66,112.8,112.9,112.45,753.9,766.7
2007-10-23,112.35,112.5,112.52,112.35,758.55,754.5
2007-10-24,112.46,112.5,112.5,112.325,761.2,758.5
2007-10-25,112.46,112.46,112.46,112.46,767.48,763.9
2007-10-26,112.07,112.3,112.3,112.05,784.05,767.9
2007-10-29,111.47,111.65,111.65,111.4,791.0,789.3
2007-10-30,111.27,111.4,111.7,111.075,781.7,790.23
2007-10-31,110.95,111.12,111.4,110.9,795.3,777.7
2007-11-01,110.875,111.05,111.05,110.8,790.43,797.55
2007-11-02,110.425,110.84,110.84,110.425,804.9,790.0
2007-11-05,110.3,110.62,110.62,110.3,808.5,804.35
2007-11-06,109.95,110.4,110.4,109.95,820.9,807.0
2007-11-07,110.325,110.14,110.4,110.17,831.6,824.3
2007-11-08,110.325,110.325,110.325,110.325,832.5,825.3
2007-11-09,110.46,110.3,110.48,110.35,832.6,835.2
2007-11-12,110.325,110.37,110.45,110.3,801.33,828.78
2007-11-13,110.52,110.32,110.49,110.36,796.5,791.1
2007-11-14,110.41,110.4,110.48,110.4,811.6,802.4
2007-11-15,110.43,110.3,110.45,110.3,786.1,812.05
2007-11-16,110.41,110.38,110.45,110.3,786.4,785.85
2007-11-19,110.47,110.4,110.47,110.35,778.2,789.3
2007-11-20,110.475,110.42,110.48,110.45,793.7,779.46
2007-11-21,110.4,110.42,110.45,110.35,799.9,801.59
2007-11-22,110.42,110.35,110.43,110.37,805.14,800.03
2007-11-23,110.325,110.28,110.4,110.23,822.65,803.1
2007-11-26,110.45,110.3,110.45,110.34,824.0,825.33
2007-11-27,110.45,110.45,110.48,110.43,812.62,823.72
2007-11-28,110.485,110.45,110.48,110.44,803.36,814.86
2007-11-29,110.465,110.45,110.48,110.425,794.98,804.39
2007-11-30,110.475,110.45,110.49,110.45,784.46,794.94
2007-12-03,110.45,110.45,110.49,110.43,789.62,785.76
2007-12-04,110.29,110.45,110.46,110.29,802.4,792.54
2007-12-05,109.08,110.18,110.18,108.85,796.89,802.15
2007-12-06,108.5,108.3,108.5,108.35,802.93,793.96
2007-12-07,108.15,108.2,108.37,108.15,795.4,802.7
2007-12-10,108.98,108.1,109.15,108.125,807.7,795.52
2007-12-11,108.975,108.95,108.98,108.94,811.82,807.5
2007-12-12,109.0,108.9,108.98,108.94,813.71,800.94
2007-12-13,108.965,108.9,108.95,108.935,797.86,811.05
2007-12-14,108.95,108.92,108.97,108.93,792.72,799.65
2007-12-17,109.015,108.95,108.98,108.94,793.98,794.96
2007-12-18,108.95,108.92,108.98,108.9,802.64,795.9
2007-12-19,108.975,108.93,108.95,108.9,800.48,800.62
2007-12-20,108.64,108.85,108.9,108.6,797.44,801.5
2007-12-21,108.64,108.64,108.64,108.64,811.4,796.7
2007-12-24,108.55,108.5,108.55,108.42,812.32,810.1
2007-12-26,108.275,108.37,108.37,108.2,825.04,810.1
2007-12-27,108.7,108.2,108.9,108.225,827.26,823.6
2007-12-28,108.66,108.55,108.72,108.5,839.03,825.3
2007-12-31,108.65,108.6,108.65,108.575,833.15,842.3
2008-01-02,108.63,108.65,108.65,108.55,856.34,833.7
2008-01-03,108.65,108.65,108.68,108.65,863.9,856.95
2008-01-04,108.625,108.58,108.66,108.57,861.2,864.86
2008-01-07,108.4,108.5,108.55,108.4,859.3,861.9
2008-01-08,108.39,108.32,108.4,108.37,878.22,857.1
2008-01-09,108.28,108.3,108.35,108.26,878.13,882.36
2008-01-10,108.325,108.28,108.4,108.27,890.7,879.3
2008-01-11,108.125,108.35,108.46,108.1,895.82,895.6
2008-01-14,108.24,108.1,108.2,108.13,902.0,897.1
2008-01-15,108.24,108.24,108.24,108.24,900.03,905.0
2008-01-16,108.025,108.15,108.15,108.0,885.01,892.15
2008-01-17,107.99,108.07,108.07,107.95,878.94,876.95
2008-01-18,107.99,107.92,108.05,107.87,882.3,879.8
2008-01-21,107.93,107.9,108.0,107.85,863.7,881.28
2008-01-22,107.93,107.93,107.93,107.93,889.4,861.1
2008-01-23,107.88,107.75,107.95,107.8,880.4,888.7
2008-01-24,107.85,107.85,107.92,107.85,909.2,892.4
2008-01-25,107.96,107.82,108.0,107.84,909.88,913.7
2008-01-28,108.0,107.95,108.1,108.0,927.0,915.3
2008-01-29,108.05,108.07,108.1,108.0,922.8,926.9
2008-01-30,107.85,107.95,108.0,107.84,919.2,923.94
2008-01-31,107.84,107.85,107.85,107.795,925.7,925.8
2008-02-01,107.68,107.7,107.75,107.67,905.98,924.3
2008-02-04,107.68,107.68,107.68,107.68,903.9,908.9
2008-02-05,107.8,107.7,107.83,107.75,888.6,904.9
2008-02-06,107.8,107.73,107.85,107.78,901.5,888.2
2008-02-07,107.87,107.78,107.85,107.775,908.8,899.12
2008-02-08,107.86,107.8,107.85,107.815,918.58,909.3
2008-02-11,107.85,107.84,107.85,107.82,922.62,922.45
2008-02-12,108.05,107.84,108.1,107.84,907.7,921.51
2008-02-13,107.85,108.05,108.05,107.84,906.98,907.17
2008-02-14,107.9,107.85,107.9,107.8,907.7,907.35
2008-02-15,107.9,107.78,107.85,107.81,904.2,908.48
2008-02-18,107.8,107.7,107.85,107.75,906.3,903.2
2008-02-19,107.85,107.8,107.85,107.8,926.9,906.0
2008-02-20,107.85,107.85,107.85,107.85,933.58,929.2
2008-02-21,107.95,107.87,108.0,107.85,945.2,941.4
2008-02-22,107.83,107.95,108.05,107.83,943.2,944.28
2008-02-25,107.85,107.85,107.85,107.79,937.64,947.15
2008-02-26,107.85,107.75,107.84,107.8,946.8,938.1
2008-02-27,107.81,107.81,107.85,107.8,956.6,950.4
2008-02-28,107.87,107.8,107.88,107.825,969.45,957.82
2008-02-29,107.85,107.78,107.85,107.81,970.4,969.4
2008-03-03,107.85,107.8,107.85,107.82,982.55,976.3
2008-03-04,107.85,107.82,107.85,107.75,959.73,986.15
2008-03-05,107.8,107.85,107.86,107.8,985.6,966.82
2008-03-06,107.8,107.8,107.8,107.8,978.1,986.8
2008-03-07,107.725,107.81,107.85,107.45,971.54,977.4
2008-03-10,107.45,107.58,107.58,107.35,972.0,974.7
2008-03-11,107.525,107.42,107.5,107.45,969.0,973.8
2008-03-12,107.63,107.42,107.6,107.46,981.4,972.28
2008-03-13,107.85,107.6,107.9,107.65,992.98,982.82
2008-03-14,107.7,107.75,107.85,107.55,998.9,995.28
2008-03-17,107.665,107.6,107.69,107.585,1004.2,1004.0
2008-03-18,107.675,107.7,107.7,107.565,987.8,1003.0
2008-03-19,107.625,107.62,107.68,107.615,943.81,985.84
2008-03-20,107.625,107.625,107.625,107.625,914.46,938.95
2008-03-24,107.85,107.63,107.8,107.65,912.21,912.95
2008-03-25,107.87,107.8,107.88,107.8,935.8,917.64
2008-03-26,107.8,107.8,107.8,107.8,950.14,937.67
2008-03-27,107.85,107.75,107.82,107.73,948.48,952.29
2008-03-28,107.805,107.78,107.85,107.775,931.53,950.76
2008-03-31,107.8,107.77,107.85,107.75,913.2,927.92
2008-04-01,107.775,107.84,107.88,107.775,882.89,915.7
2008-04-02,107.825,107.78,107.86,107.8,898.05,885.38
2008-04-03,107.83,107.8,107.9,107.8,904.69,903.2
2008-04-04,107.57,107.75,107.8,107.57,908.36,904.7
2008-04-07,107.6,107.57,107.62,107.575,923.67,914.8
2008-04-08,107.65,107.53,107.6,107.57,913.6,920.54
2008-04-09,107.595,107.52,107.6,107.57,934.6,916.37
2008-04-10,107.725,107.67,107.8,107.7,928.0,933.18
2008-04-11,107.9,107.75,107.9,107.79,924.93,928.44
2008-04-14,107.9,107.9,107.9,107.9,924.44,920.58
2008-04-15,107.85,107.8,107.89,107.85,928.52,923.95
2008-04-16,107.85,107.87,107.88,107.84,943.06,927.6
2008-04-17,107.875,107.85,107.88,107.8,939.14,944.75
2008-04-18,107.875,107.875,107.875,107.875,916.2,941.88
2008-04-21,107.885,107.85,107.88,107.83,914.78,917.9
2008-04-22,107.805,107.82,107.88,107.8,921.53,915.2
2008-04-23,107.8,107.8,107.8,107.745,905.83,917.45
2008-04-24,107.85,107.85,107.88,107.815,886.92,904.66
2008-04-25,107.85,107.75,107.85,107.8,888.9,887.8
2008-04-28,107.885,107.82,107.89,107.835,892.68,887.2
2008-04-29,107.9,107.85,107.89,107.83,874.2,892.23
2008-04-30,107.875,107.85,107.89,107.845,866.18,872.68
2008-05-01,107.875,107.875,107.875,107.875,850.0,875.6
2008-05-02,107.85,107.8,107.88,107.775,856.65,853.2
2008-05-05,107.875,107.85,107.85,107.8,872.5,860.9
2008-05-06,107.8,107.78,107.86,107.685,877.32,873.57
2008-05-07,107.875,107.83,107.89,107.84,870.96,876.2
2008-05-08,107.75,107.83,107.87,107.75,881.42,868.3
2008-05-09,107.65,107.83,107.83,107.6,886.3,882.3
2008-05-12,107.6,107.65,107.68,107.595,884.5,885.15
2008-05-13,107.67,107.6,107.66,107.6,866.4,882.45
2008-05-14,107.67,107.64,107.65,107.625,865.68,866.49
2008-05-15,107.78,107.65,107.8,107.7,881.75,865.35
2008-05-16,107.815,107.75,107.85,107.77,900.6,882.9
2008-05-19,107.815,107.815,107.815,107.815,905.2,904.8
2008-05-20,107.815,107.815,107.815,107.815,919.33,906.25
2008-05-21,107.705,107.75,107.75,107.69,928.1,920.5
2008-05-22,107.75,107.7,107.75,107.7,918.8,934.7
2008-05-23,107.85,107.72,107.85,107.74,925.29,921.1
2008-05-26,107.685,107.65,107.7,107.625,927.7,924.2
2008-05-27,107.86,107.7,107.9,107.75,905.82,928.22
2008-05-28,107.86,107.85,107.91,107.83,900.65,906.44
2008-05-29,107.885,107.84,107.86,107.825,877.94,902.6
2008-05-30,107.885,107.85,107.88,107.84,886.96,878.23
2008-06-02,107.885,107.88,107.89,107.825,892.2,886.85
2008-06-03,107.86,107.83,107.87,107.825,882.75,891.18
2008-06-04,107.85,107.82,107.85,107.84,881.55,880.5
2008-06-05,107.85,107.82,107.88,107.84,873.3,877.61
2008-06-06,107.88,107.85,107.9,107.85,895.7,877.83
2008-06-09,107.86,107.84,107.89,107.835,895.83,903.98
2008-06-10,107.9,107.83,107.88,107.84,869.51,892.93
2008-06-11,107.85,107.82,107.88,107.84,881.2,869.1
2008-06-12,107.85,107.89,107.89,107.83,870.15,880.8
2008-06-13,107.8,107.82,107.89,107.725,870.4,870.25
2008-06-16,107.85,107.8,107.86,107.795,882.65,871.4
2008-06-17,107.855,107.8,107.85,107.8,883.7,881.7
2008-06-18,107.855,107.855,107.855,107.855,894.4,881.99
2008-06-19,107.7,107.77,107.84,107.66,902.8,895.37
2008-06-20,107.65,107.55,107.65,107.6,901.13,898.05
2008-06-23,107.65,107.6,107.68,107.64,882.56,904.56
2008-06-24,107.7,107.63,107.75,107.64,887.55,883.2
2008-06-25,107.65,107.68,107.68,107.65,880.14,888.97
2008-06-26,107.725,107.65,107.77,107.66,911.83,886.0
2008-06-27,107.7,107.67,107.7,107.655,929.69,915.3
2008-06-30,107.7,107.65,107.73,107.66,927.4,927.75
2008-07-01,107.685,107.67,107.69,107.63,940.88,924.1
2008-07-02,107.73,107.68,107.73,107.675,941.95,939.87
2008-07-03,107.7,107.75,107.75,107.675,932.36,943.7
2008-07-04,107.7,107.65,107.66,107.61,932.6,934.1
2008-07-07,107.65,107.62,107.73,107.61,927.7,931.65
2008-07-08,107.68,107.63,107.65,107.61,922.04,924.62
2008-07-09,107.65,107.65,107.65,107.535,926.4,917.4
2008-07-10,107.64,107.68,107.7,107.64,940.62,928.45
2008-07-11,107.65,107.63,107.65,107.625,961.96,946.29
2008-07-14,107.675,107.62,107.72,107.635,972.48,963.85
2008-07-15,107.675,107.64,107.69,107.635,975.76,971.11
2008-07-16,107.55,107.65,107.65,107.54,962.36,977.64
2008-07-17,107.55,107.55,107.55,107.55,964.58,961.82
2008-07-18,107.55,107.4,107.55,107.45,954.0,959.2
2008-07-21,107.55,107.42,107.55,107.46,963.63,955.4
2008-07-22,107.67,107.47,107.7,107.5,948.6,966.9
2008-07-23,107.7,107.65,107.8,107.665,923.35,947.14
2008-07-24,107.65,107.65,107.65,107.6,922.65,920.85
2008-07-25,107.6,107.62,107.7,107.6,927.97,926.5
2008-07-28,107.55,107.52,107.66,107.55,928.85,928.24
2008-07-29,107.5,107.45,107.65,107.47,916.48,931.56
2008-07-30,107.53,107.5,107.62,107.48,906.09,918.4
2008-07-31,107.6,107.65,107.75,107.6,913.2,907.94
2008-08-01,107.6,107.55,107.65,107.6,909.64,913.87
2008-08-04,107.7,107.65,107.73,107.65,896.57,912.2
2008-08-05,107.8,107.7,107.8,107.7,877.65,895.38
2008-08-06,107.75,107.77,107.82,107.75,876.9,873.3
2008-08-07,107.65,107.8,107.82,107.65,870.78,879.83
2008-08-08,107.7,107.68,107.7,107.66,857.1,871.2
2008-08-11,107.625,107.68,107.7,107.615,820.15,861.5
2008-08-12,107.62,107.62,107.63,107.585,813.3,825.78
2008-08-13,107.6,107.55,107.6,107.57,827.45,815.46
2008-08-14,107.7,107.62,107.7,107.625,810.8,826.94
2008-08-15,107.75,107.68,107.76,107.675,785.28,803.95
2008-08-18,107.825,107.75,107.88,107.775,801.5,793.8
2008-08-19,107.9,107.85,107.9,107.85,810.14,795.0
2008-08-20,107.9,107.86,107.92,107.855,810.1,814.6
2008-08-21,107.75,107.85,107.87,107.75,834.2,813.5
2008-08-22,107.65,107.8,107.8,107.625,827.43,832.83
2008-08-25,107.675,107.65,107.7,107.66,820.78,822.6
2008-08-26,107.7,107.65,107.7,107.65,824.3,822.28
2008-08-27,107.77,107.83,107.9,107.77,826.1,822.3
2008-08-28,107.85,107.8,107.87,107.785,831.06,828.17
2008-08-29,107.87,107.85,107.87,107.84,830.25,834.55
2008-09-01,107.78,107.85,107.85,107.75,816.92,833.7
2008-09-02,107.77,107.8,107.8,107.7,807.75,816.54
2008-09-03,107.665,107.7,107.75,107.64,802.0,803.68
2008-09-04,107.75,107.65,107.75,107.665,800.18,801.67
2008-09-05,107.85,107.75,107.85,107.75,801.0,792.59
2008-09-08,107.85,107.82,107.87,107.85,800.49,810.55
2008-09-09,107.85,107.86,107.89,107.85,784.55,804.03
2008-09-10,107.84,107.86,107.86,107.82,761.2,777.64
2008-09-11,107.85,107.85,107.88,107.825,744.86,753.75
2008-09-12,107.85,107.84,107.88,107.775,760.22,749.26
2008-09-15,107.875,107.85,107.88,107.85,782.12,778.7
2008-09-16,107.85,107.82,107.9,107.85,780.9,784.36
2008-09-17,107.9,107.85,107.9,107.85,863.46,777.55
2008-09-18,107.87,107.85,108.0,107.805,894.73,867.45
2008-09-19,107.9,107.85,107.88,107.85,858.5,847.25
2008-09-22,107.835,107.82,107.86,107.83,900.84,878.18
2008-09-23,107.855,107.82,107.87,107.825,888.65,904.36
2008-09-24,107.9,107.85,107.88,107.83,887.2,886.4
2008-09-25,107.9,107.85,107.9,107.87,873.34,880.7
2008-09-26,107.885,107.85,107.89,107.855,884.2,878.11
2008-09-29,107.89,107.85,107.9,107.865,899.8,870.55
2008-09-30,108.15,107.88,108.2,107.83,872.02,905.85
2008-10-01,108.15,108.15,108.15,108.15,883.8,870.0
2008-10-02,108.025,108.1,108.1,107.95,840.35,871.6
2008-10-03,108.0,107.94,108.0,107.96,830.55,834.5
2008-10-06,108.0,107.95,108.0,107.975,865.15,830.45
2008-10-07,108.025,107.98,108.0,107.975,879.9,861.56
2008-10-08,107.95,107.95,108.0,107.95,897.2,885.22
2008-10-09,108.0,107.95,108.0,107.975,882.98,903.73
2008-10-10,108.03,107.98,108.01,107.975,840.28,914.25
2008-10-13,108.015,107.96,108.0,107.965,834.89,856.64
2008-10-14,108.015,108.015,108.015,108.015,841.9,835.83
2008-10-15,108.015,107.97,108.0,107.975,840.03,840.28
2008-10-16,107.97,107.98,108.0,107.95,803.83,846.43
2008-10-17,108.03,107.95,108.0,107.975,788.45,799.48
2008-10-20,108.05,107.98,108.0,107.975,794.26,785.9
2008-10-21,108.03,107.95,108.05,107.975,771.83,797.08
2008-10-22,108.05,107.97,108.0,107.975,726.12,775.8
2008-10-23,108.0,107.97,108.05,107.965,714.65,725.34
2008-10-24,108.05,107.97,108.0,107.97,733.42,725.54
2008-10-27,108.05,108.05,108.05,108.05,734.42,739.94
2008-10-28,108.03,107.94,108.05,107.97,743.9,734.87
2008-10-29,108.05,107.98,108.03,107.975,752.38,756.51
2008-10-30,110.0,107.97,109.99,107.975,739.13,760.06
2008-10-31,110.25,109.95,110.4,109.675,724.93,738.68
2008-11-03,110.05,110.0,110.15,109.875,725.15,729.3
2008-11-04,109.98,109.95,110.18,109.79,757.85,727.8
2008-11-05,110.0,109.95,110.2,109.8,743.17,764.88
2008-11-06,109.975,109.97,110.15,109.725,733.32,743.52
2008-11-07,109.9,109.7,110.05,109.625,733.64,732.42
2008-11-10,110.075,110.7,110.7,109.775,749.27,749.62
2008-11-11,109.95,110.0,110.1,109.85,735.6,748.24
2008-11-12,109.95,109.95,109.95,109.95,716.1,731.82
2008-11-13,110.05,109.85,110.15,109.925,715.35,712.0
2008-11-14,110.0,109.95,110.1,109.935,743.45,733.94
2008-11-17,109.95,109.92,110.0,109.92,741.58,739.86
2008-11-18,110.0,109.95,110.0,109.95,734.6,738.28
2008-11-19,110.05,109.9,110.0,109.95,738.83,738.25
2008-11-20,110.0,109.95,110.1,109.935,750.67,736.5
2008-11-21,110.05,109.95,110.05,109.935,795.3,744.44
2008-11-24,109.98,109.95,110.0,109.94,818.88,802.87
2008-11-25,110.0,109.95,110.07,109.95,818.26,817.39
2008-11-26,110.07,109.95,110.07,109.95,811.79,817.53
2008-11-27,109.97,109.97,110.1,109.935,814.8,811.23
2008-11-28,110.05,109.98,110.1,109.935,817.9,815.83
2008-12-01,110.05,109.98,110.05,109.95,774.28,816.26
2008-12-02,110.1,110.0,110.1,109.935,781.35,770.75
2008-12-03,110.12,109.95,110.1,109.955,768.34,777.66
2008-12-04,110.1,110.0,110.1,109.935,768.35,775.25
2008-12-05,110.13,109.95,110.05,109.975,755.83,767.73
2008-12-08,110.35,110.0,110.3,110.075,771.4,759.02
2008-12-09,110.35,110.35,110.35,110.35,774.47,772.98
2008-12-10,110.65,110.55,110.7,110.575,806.48,775.14
2008-12-11,111.3,110.55,111.3,110.6,822.75,804.66
2008-12-12,111.3,111.3,111.3,111.3,818.84,820.7
2008-12-15,111.3,111.2,111.45,111.25,837.25,827.1
2008-12-16,111.9,111.5,111.9,111.5,841.4,836.54
2008-12-17,111.75,111.7,111.95,111.725,867.45,853.68
2008-12-18,111.9,111.75,111.9,111.8,856.25,864.74
2008-12-19,111.95,111.85,112.0,111.85,839.36,850.64
2008-12-22,112.0,111.8,112.0,111.8,843.98,839.9
2008-12-23,112.75,112.0,112.8,112.075,838.82,845.78
2008-12-24,112.85,112.85,112.95,112.75,847.53,837.58
2008-12-26,112.9,112.75,112.95,112.825,864.55,843.65
2008-12-29,113.72,112.9,113.8,112.9,875.38,877.1
2008-12-30,113.4,113.7,113.7,112.76,870.15,879.99
2008-12-31,113.0,113.1,113.1,112.825,879.05,873.0
2009-01-02,114.05,113.1,113.95,113.15,876.34,886.7
2009-01-05,113.65,113.8,113.8,113.485,859.91,881.23
2009-01-06,113.7,113.65,113.75,113.55,864.55,857.28
2009-01-07,113.83,113.75,113.85,113.775,840.95,861.14
2009-01-08,113.83,113.75,113.9,113.775,853.95,837.82
2009-01-09,113.8,113.8,113.9,113.785,856.52,855.64
2009-01-12,113.85,113.85,113.85,113.75,823.25,852.03
2009-01-13,113.8,113.8,113.85,113.785,821.24,821.66
2009-01-14,113.8,113.8,113.8,113.8,810.06,821.0
2009-01-15,113.9,113.8,114.0,113.8,812.87,813.38
2009-01-16,113.9,113.8,113.9,113.785,839.28,817.18
2009-01-19,113.9,113.75,113.9,113.8,836.0,841.73
2009-01-20,113.92,113.8,113.9,113.8,852.53,833.84
2009-01-21,113.9,113.75,113.9,113.8,852.08,854.83
2009-01-22,113.82,113.75,114.0,113.775,860.32,852.74
2009-01-23,114.0,113.8,113.97,113.785,895.88,855.72
2009-01-26,113.9,113.85,114.0,113.85,906.7,897.3
2009-01-27,113.9,113.8,113.98,113.875,899.07,904.56
2009-01-28,113.92,113.9,114.0,113.875,890.05,899.55
2009-01-29,113.98,113.98,114.0,113.9,904.5,885.34
2009-01-30,113.92,113.95,114.03,113.875,928.08,905.3
2009-02-02,114.0,113.98,114.0,113.9,904.93,926.8
2009-02-03,113.98,114.0,114.0,113.925,892.93,901.43
2009-02-04,113.98,113.88,113.88,113.98,901.3,898.25
2009-02-05,113.95,114.0,114.05,113.925,913.9,905.1
2009-02-06,114.07,114.0,114.15,113.975,913.3,908.85
2009-02-09,114.07,113.97,113.97,114.07,894.15,906.13
2009-02-10,113.98,114.0,114.15,113.925,913.1,893.6
2009-02-11,114.0,114.1,114.1,113.95,942.38,915.55
2009-02-12,114.02,114.0,114.12,113.925,951.3,937.95
2009-02-13,114.05,114.15,114.15,114.0,939.76,943.47
2009-02-16,114.1,114.0,114.25,114.0,943.24,941.18
2009-02-17,114.25,114.2,114.25,114.01,969.7,941.53
2009-02-18,114.1,114.15,114.3,114.025,980.11,968.27
2009-02-19,114.2,114.3,114.4,114.125,974.3,981.78
2009-02-20,114.2,114.2,114.47,114.175,997.37,976.38
2009-02-23,114.2,114.1,114.1,114.2,993.84,996.24
2009-02-24,114.47,114.4,114.45,114.2,967.23,988.83
2009-02-25,114.9,114.47,114.85,114.375,963.28,961.91
2009-02-26,115.2,114.5,115.4,114.525,938.99,950.81
2009-02-27,114.23,115.1,115.9,114.175,938.96,945.25
2009-03-02,114.33,114.25,114.3,114.185,937.42,948.99
2009-03-03,114.27,114.3,114.3,114.185,913.28,926.46
2009-03-04,114.27,114.25,114.25,114.175,905.04,914.04
2009-03-05,114.25,114.2,114.25,114.175,927.08,908.7
2009-03-06,114.3,114.15,114.25,114.175,940.1,930.84
2009-03-09,114.3,113.9,114.5,114.075,916.36,938.53
2009-03-10,114.3,113.9,114.5,114.3,897.09,920.96
2009-03-11,114.3,113.9,114.25,114.075,906.94,896.03
2009-03-12,114.6,113.9,114.5,114.05,923.36,908.5
2009-03-13,114.6,113.9,114.5,113.975,928.13,924.96
2009-03-16,114.25,114.2,114.2,113.9,922.62,925.78
2009-03-17,114.17,114.0,114.23,114.1,916.33,922.74
2009-03-18,114.17,114.0,114.2,114.1,932.7,914.76
2009-03-19,114.17,114.0,114.2,114.06,956.68,936.15
2009-03-20,113.98,114.0,114.2,113.9,952.94,952.85
2009-03-23,114.05,113.9,114.0,113.925,950.66,952.15
2009-03-24,114.13,113.9,114.1,113.925,929.5,941.71
2009-03-25,114.13,114.05,114.15,114.025,935.54,929.35
2009-03-26,114.2,114.1,114.23,114.075,938.41,935.8
2009-03-27,115.05,114.1,115.4,114.145,922.8,934.72
2009-03-30,115.2,114.85,115.25,114.95,915.86,923.9
2009-03-31,115.8,115.1,115.85,115.175,922.58,915.9
2009-04-01,115.98,115.8,115.95,115.8,925.0,917.12
2009-04-02,116.0,115.85,116.05,115.925,906.56,926.6
2009-04-03,116.03,115.9,116.1,115.925,895.91,906.91
2009-04-06,115.82,115.9,116.0,115.1,869.9,892.22
2009-04-07,115.8,115.85,115.9,115.575,882.11,873.2
2009-04-08,115.8,115.65,115.75,115.7,883.84,883.22
2009-04-09,115.8,115.7,115.7,115.8,881.65,881.01
2009-04-13,115.8,115.7,115.7,115.8,891.4,884.34
2009-04-14,115.8,115.7,115.7,115.8,890.6,894.8
2009-04-15,115.75,115.75,115.8,115.735,891.25,889.74
2009-04-16,115.8,115.75,115.8,115.74,878.05,890.25
2009-04-17,115.95,115.7,116.0,115.8,866.59,876.78
2009-04-20,117.1,115.85,117.15,115.9,884.35,868.56
2009-04-21,119.15,117.4,120.2,117.4,881.05,883.16
2009-04-22,119.9,118.9,119.8,118.95,891.3,882.5
2009-04-23,119.95,119.6,120.7,119.35,905.46,890.15
2009-04-24,120.2,120.3,120.45,119.95,911.8,904.7
2009-04-27,120.32,120.0,120.25,119.85,907.14,916.3
2009-04-28,120.0,120.15,120.25,119.9,891.05,905.4
2009-04-29,120.1,120.05,120.05,119.925,899.57,891.33
2009-04-30,120.1,120.0,120.5,119.975,890.85,896.05
2009-05-01,120.1,120.0,120.0,120.1,885.5,885.5
2009-05-04,120.1,120.0,120.05,119.95,901.7,887.0
2009-05-05,120.08,119.9,120.1,119.95,901.92,903.75
2009-05-06,118.3,119.7,119.9,118.2,908.6,896.3
2009-05-07,117.2,118.0,118.0,116.875,910.88,911.25
2009-05-08,117.2,117.1,117.1,117.2,914.65,911.51
2009-05-11,117.15,117.0,117.1,116.7,912.47,915.68
2009-05-12,117.45,117.0,117.65,117.1,922.93,912.1
2009-05-13,117.7,117.5,117.8,117.55,926.1,923.75
2009-05-14,117.74,117.6,117.85,117.6,927.3,926.3
2009-05-15,117.8,117.8,117.8,117.725,928.3,926.0
2009-05-18,115.1,116.2,116.3,115.05,920.17,930.95
2009-05-19,115.08,115.0,115.05,114.9,926.57,918.05
2009-05-20,115.08,114.98,114.98,115.08,938.68,925.68
2009-05-21,115.025,114.9,115.0,114.815,951.45,937.72
2009-05-22,114.85,114.75,115.0,114.75,957.95,953.3
2009-05-25,114.9,114.9,114.92,114.85,957.8,957.05
2009-05-26,114.9,114.9,114.9,114.8,952.9,956.25
2009-05-27,114.93,114.9,114.9,114.85,950.8,952.52
2009-05-28,114.93,114.8,114.9,114.84,959.44,945.62
2009-05-29,114.9,114.85,114.92,114.85,975.92,961.14
2009-06-01,114.9,114.85,114.9,114.825,979.62,976.29
2009-06-02,114.85,114.9,114.9,114.825,980.9,974.2
2009-06-03,114.95,114.9,114.9,114.825,963.36,981.95
2009-06-04,114.93,114.9,114.92,114.835,980.3,964.36
2009-06-05,114.9,114.9,114.92,114.875,960.82,982.44
2009-06-08,114.9,114.9,114.9,114.865,950.4,953.39
2009-06-09,114.9,114.85,114.9,114.86,953.87,953.0
2009-06-10,114.9,114.9,114.91,114.835,948.86,955.4
2009-06-11,114.9,114.9,114.9,114.825,959.3,955.52
2009-06-12,114.95,114.9,114.9,114.86,939.5,954.7
2009-06-15,114.95,114.9,114.9,114.86,927.06,935.08
2009-06-16,114.93,114.85,114.9,114.8,932.56,927.95
2009-06-17,114.92,114.85,114.9,114.8,936.0,934.12
2009-06-18,114.91,114.75,114.9,114.825,932.58,940.7
2009-06-19,114.95,114.85,114.9,114.835,934.1,933.0
2009-06-22,114.91,114.9,114.9,114.835,921.21,933.65
2009-06-23,114.9,114.85,114.9,114.8,924.25,922.8
2009-06-24,114.9,114.85,114.9,114.8,936.29,926.35
2009-06-25,114.93,114.85,114.9,114.84,938.4,931.45
2009-06-26,114.93,114.95,114.95,114.875,940.05,938.45
2009-06-29,114.92,114.9,114.95,114.865,940.05,936.25
2009-06-30,114.92,114.9,114.95,114.875,926.68,937.9
2009-07-01,114.9,114.9,114.97,114.845,941.26,927.7
2009-07-02,114.95,114.9,114.92,114.81,931.2,940.55
2009-07-03,114.9,114.85,114.92,114.87,932.0,929.08
2009-07-06,114.9,114.9,114.9,114.9,923.9,929.8
2009-07-07,114.93,114.9,114.9,114.825,927.65,924.55
2009-07-08,114.9,114.85,114.9,114.86,908.3,922.95
2009-07-09,114.85,114.85,114.9,114.84,915.5,908.3
2009-07-10,114.92,114.85,114.9,114.855,913.0,912.4
2009-07-13,114.34,114.85,114.9,114.34,919.4,914.15
2009-07-14,114.3,114.9,114.9,114.3,923.93,920.75
2009-07-15,114.045,114.9,114.92,114.045,940.36,926.5
2009-07-16,114.3,114.85,114.9,114.3,935.55,939.3
2009-07-17,114.83,114.8,114.9,114.375,938.28,936.9
2009-07-20,114.175,114.8,114.92,114.175,949.32,937.48
2009-07-21,114.32,114.8,114.9,114.31,947.8,950.7
2009-07-22,114.3,114.85,114.9,114.3,952.9,947.68
2009-07-23,114.35,114.85,114.9,114.35,951.04,950.55
2009-07-24,114.9,114.8,114.9,114.23,952.25,948.25
2009-07-27,114.9,114.85,114.9,114.225,953.6,950.1
2009-07-28,114.2,114.85,114.92,114.2,937.7,952.65
2009-07-29,114.12,114.8,115.0,114.12,927.18,937.05
2009-07-30,114.145,114.85,114.9,114.145,935.22,929.4
2009-07-31,114.85,114.85,114.9,114.625,953.9,934.5
2009-08-03,114.375,114.9,114.9,114.375,956.99,952.86
2009-08-04,114.375,114.85,114.9,114.375,963.65,956.48
2009-08-05,113.645,114.27,114.27,113.645,965.92,966.47
2009-08-06,114.395,114.88,114.91,114.395,958.65,963.02
2009-08-07,114.91,114.9,114.9,114.855,954.9,962.93
2009-08-10,114.195,114.9,114.9,114.195,944.73,954.58
2009-08-11,114.11,114.9,114.9,114.11,946.11,945.6
2009-08-12,114.185,114.9,114.9,114.185,949.42,946.47
2009-08-13,114.115,114.9,114.92,114.115,955.17,948.5
2009-08-14,114.98,114.88,114.95,114.855,946.22,955.9
2009-08-17,114.23,114.88,114.9,114.23,935.78,947.28
2009-08-18,114.73,114.82,114.85,113.925,937.84,936.14
2009-08-19,114.25,114.75,114.8,114.25,944.34,938.71
2009-08-20,114.15,114.15,114.8,114.15,940.62,943.87
2009-08-21,114.83,114.05,114.85,114.15,953.08,940.58
2009-08-24,114.23,114.53,114.8,114.105,943.18,953.6
2009-08-25,114.23,114.8,114.8,114.23,943.6,943.3
2009-08-26,114.025,114.8,114.8,114.025,945.05,944.92
2009-08-27,114.21,114.78,114.81,114.21,947.39,945.35
2009-08-28,114.75,114.74,114.85,114.19,956.97,949.34
2009-08-31,114.7,114.8,114.83,114.225,951.92,954.6
2009-09-01,114.2,114.79,114.8,114.2,954.73,951.65
2009-09-02,114.3,114.79,114.84,114.21,975.82,955.59
2009-09-03,114.8,114.5,114.8,114.3,994.46,977.4
2009-09-04,114.8,114.8,114.8,114.8,991.78,994.4
2009-09-07,114.8,114.85,114.85,114.785,995.16,994.42
2009-09-08,114.825,114.78,114.8,114.75,998.32,995.41
2009-09-09,114.8,114.77,114.8,114.75,993.94,999.55
2009-09-10,114.8,114.8,114.8,114.78,996.9,993.32
2009-09-11,114.825,114.78,114.8,114.78,1003.9,996.56
2009-09-14,114.815,114.8,114.8,114.75,996.9,1006.2
2009-09-15,114.85,114.8,114.8,114.78,1009.0,1000.1
2009-09-16,114.825,114.8,114.8,114.74,1017.2,1008.0
2009-09-17,114.825,114.78,114.8,114.785,1014.0,1017.1
2009-09-18,114.785,114.78,114.8,114.78,1009.4,1013.8
2009-09-21,114.785,114.785,114.785,114.785,1003.2,1003.7
2009-09-22,114.825,114.78,114.8,114.78,1014.1,1003.3
2009-09-23,114.805,114.8,114.8,114.7,1012.0,1015.1
2009-09-24,114.8,114.8,114.8,114.78,992.52,1008.4
2009-09-25,114.83,114.75,114.8,114.78,990.91,993.4
2009-09-28,114.8,114.75,114.8,114.67,992.05,993.35
2009-09-29,114.82,114.72,114.8,114.77,993.9,990.55
2009-09-30,114.82,114.75,114.8,114.78,1007.9,992.52
2009-10-01,114.805,114.8,114.8,114.705,999.55,1009.7
2009-10-02,114.8,114.8,114.8,114.77,1002.4,1001.9
2009-10-05,114.805,114.78,114.8,114.76,1017.1,1001.7
2009-10-06,114.805,114.8,114.9,114.7,1037.5,1016.7
2009-10-07,114.825,114.8,114.8,114.7,1042.1,1040.1
2009-10-08,114.815,114.8,114.8,114.775,1056.3,1045.8
2009-10-09,114.805,114.77,114.8,114.705,1046.8,1053.6
2009-10-12,114.81,114.77,114.8,114.7,1058.05,1052.9
2009-10-13,114.805,114.75,114.8,114.705,1063.6,1054.6
2009-10-14,114.815,114.8,114.8,114.78,1064.6,1064.9
2009-10-15,114.8,114.8,114.8,114.765,1049.3,1063.2
2009-10-16,114.815,114.78,114.8,114.705,1052.35,1051.35
2009-10-19,114.805,114.78,114.81,114.785,1057.7,1055.0
2009-10-20,114.8,114.78,114.8,114.71,1055.6,1064.0
2009-10-21,114.81,114.78,114.82,114.76,1059.7,1055.6
2009-10-22,114.81,114.8,114.82,114.76,1059.1,1058.4
2009-10-23,114.8,114.82,114.82,114.795,1055.9,1061.4
2009-10-26,114.825,114.82,114.82,114.785,1038.6,1053.1
2009-10-27,114.835,114.78,114.82,114.785,1038.6,1039.4
2009-10-28,114.81,114.78,114.81,114.785,1028.2,1040.3
2009-10-29,114.815,114.78,114.82,114.785,1046.7,1029.9
2009-10-30,114.8,114.8,114.81,114.785,1041.0,1046.4
2009-11-02,114.8,114.8,114.8,114.8,1053.6,1042.4
2009-11-03,114.815,114.78,114.8,114.775,1083.8,1062.0
2009-11-04,114.815,114.8,114.8,114.775,1087.2,1083.1
2009-11-05,114.825,114.78,114.82,114.78,1088.8,1092.5
2009-11-06,114.825,114.8,114.8,114.785,1093.8,1090.2
2009-11-09,114.675,114.75,114.75,114.625,1101.6,1097.4
2009-11-10,114.4,114.4,114.55,114.4,1102.7,1104.2
2009-11-11,114.475,114.45,114.45,114.435,1115.5,1106.3
2009-11-12,114.46,114.45,114.45,114.425,1107.9,1116.3
2009-11-13,114.465,114.4,114.45,114.425,1115.5,1104.9
2009-11-16,114.375,114.45,114.45,114.33,1139.9,1124.6
2009-11-17,114.26,114.25,114.25,114.235,1140.0,1137.6
2009-11-18,114.25,114.3,114.3,114.225,1142.3,1140.8
2009-11-19,114.26,114.23,114.25,114.235,1142.5,1143.2
2009-11-20,114.26,114.25,114.25,114.235,1148.3,1143.6
2009-11-23,114.55,114.25,114.55,114.175,1163.0,1158.2
2009-11-24,114.4,114.25,114.46,114.3,1164.7,1161.6
2009-11-25,114.45,114.35,114.45,114.35,1186.6,1168.4
2009-11-26,114.45,114.45,114.48,114.41,1191.9,1188.6
2009-11-27,114.565,114.45,114.57,114.425,1176.6,1186.5
2009-11-30,114.41,114.4,114.57,114.4,1178.5,1171.4
2009-12-01,114.41,114.41,114.41,114.41,1197.5,1179.6
2009-12-02,114.15,114.4,114.4,114.1,1213.0,1195.7
2009-12-03,114.25,114.2,114.32,114.2,1216.5,1219.7
2009-12-04,114.35,114.3,114.35,114.3,1159.5,1206.2
2009-12-07,114.45,114.45,114.48,114.35,1157.9,1157.6
2009-12-08,114.25,114.2,114.38,114.2,1137.9,1158.7
2009-12-09,114.225,114.25,114.25,114.2,1121.7,1130.9
2009-12-10,114.3,114.2,114.33,114.175,1124.9,1133.3
2009-12-11,114.35,114.3,114.35,114.3,1116.0,1132.4
2009-12-14,114.45,114.35,114.42,114.375,1123.2,1112.8
2009-12-15,114.35,114.25,114.35,114.3,1123.5,1127.7
2009-12-16,114.25,114.4,114.42,114.2,1136.0,1124.3
2009-12-17,114.25,114.15,114.32,114.185,1100.8,1139.9
2009-12-18,114.3,114.2,114.32,114.24,1108.5,1102.3
2009-12-21,114.4,114.35,114.4,114.3,1095.1,1115.1
2009-12-22,114.325,114.4,114.4,114.21,1087.5,1096.1
2009-12-23,114.35,114.3,114.37,114.225,1091.9,1084.7
2009-12-24,114.35,114.3,114.45,114.325,1104.6,1090.9
2009-12-28,114.35,114.4,114.45,114.33,1105.9,1107.9
2009-12-29,114.35,114.35,114.4,114.275,1098.6,1105.4
2009-12-30,114.4,114.35,114.42,114.3,1092.0,1092.5
2009-12-31,114.4,114.4,114.4,114.4,1096.6,1093.2
2010-01-04,114.45,114.4,114.45,114.395,1116.1,1095.2
2010-01-05,114.325,114.28,114.37,114.29,1117.1,1121.2
2010-01-06,114.325,114.3,114.33,114.225,1137.45,1117.53
2010-01-07,114.31,114.3,114.33,114.3,1130.45,1139.88
2010-01-08,114.4,114.3,114.35,114.35,1137.0,1130.1
2010-01-11,114.35,114.25,114.35,114.285,1150.4,1138.25
2010-01-12,114.3,114.35,114.35,114.26,1127.55,1148.95
2010-01-13,114.365,114.25,114.35,114.3,1136.45,1128.22
2010-01-14,114.365,114.365,114.365,114.365,1140.95,1136.75
2010-01-15,114.25,114.25,114.3,114.15,1130.25,1143.85
2010-01-18,114.25,114.25,114.25,114.185,1132.93,1130.83
2010-01-19,114.25,114.1,114.22,114.165,1137.5,1133.35
2010-01-20,114.375,114.35,114.35,114.235,1111.15,1136.57
2010-01-21,114.4,114.35,114.38,114.34,1093.45,1117.38
2010-01-22,114.35,114.25,114.35,114.3,1092.3,1093.65
2010-01-25,114.4,114.3,114.45,114.34,1097.5,1092.68
2010-01-26,114.525,114.5,114.5,114.475,1097.25,1098.85
2010-01-27,114.525,114.525,114.525,114.525,1087.95,1097.22
2010-01-28,114.65,114.5,114.6,114.525,1085.3,1086.65
2010-01-29,114.65,114.65,114.65,114.65,1080.05,1085.38
2010-02-01,114.65,114.6,114.69,114.645,1105.95,1080.38
2010-02-02,114.685,114.65,114.69,114.65,1113.8,1106.22
2010-02-03,114.6,114.6,114.64,114.6,1109.85,1114.3
2010-02-04,114.6,114.6,114.6,114.6,1064.2,1109.47
2010-02-05,114.7,114.65,114.7,114.65,1065.3,1063.28
2010-02-08,114.7,114.7,114.73,114.69,1061.8,1065.88
2010-02-09,114.75,114.7,114.75,114.7,1077.65,1061.4
2010-02-10,114.75,114.7,114.7,114.65,1070.9,1077.75
2010-02-11,114.75,114.7,114.7,114.62,1092.0,1072.18
2010-02-12,114.7,114.63,114.65,114.5,1092.55,1090.3
2010-02-15,114.45,114.52,114.52,114.385,1100.0,1092.03
2010-02-16,114.425,114.38,114.43,114.385,1118.0,1100.35
2010-02-17,114.3,114.25,114.43,114.25,1108.25,1118.53
2010-02-18,114.4,114.35,114.38,114.33,1108.63,1107.63
2010-02-19,114.4,114.4,114.48,114.35,1118.45,1106.28
2010-02-22,114.375,114.35,114.38,114.285,1112.95,1121.25
2010-02-23,114.3,114.25,114.27,114.25,1102.3,1112.83
2010-02-24,114.275,114.3,114.3,114.235,1095.38,1102.47
2010-02-25,114.55,114.28,114.55,114.3,1106.05,1095.4
2010-02-26,114.625,114.6,114.7,114.55,1116.85,1106.83
2010-03-01,114.6,114.5,114.6,114.55,1116.3,1118.6
2010-03-02,114.6,114.53,114.57,114.525,1133.18,1116.63
2010-03-03,114.3,114.5,114.5,114.29,1139.3,1133.1
2010-03-04,114.2,114.3,114.3,114.14,1131.25,1138.68
2010-03-05,114.19,114.15,114.22,114.15,1133.9,1131.78
2010-03-08,114.2,114.1,114.2,114.135,1123.63,1135.2
2010-03-09,114.125,114.19,114.19,114.075,1120.5,1122.6
2010-03-10,114.1,114.05,114.1,114.03,1107.55,1120.65
2010-03-11,114.0,113.95,114.0,113.985,1108.68,1107.97
2010-03-12,113.98,114.0,114.0,113.905,1100.85,1108.1
2010-03-15,114.05,113.9,114.2,113.95,1108.2,1102.8
2010-03-16,114.15,114.15,114.15,114.05,1126.65,1108.33
2010-03-17,114.115,113.95,114.18,113.975,1119.47,1126.72
2010-03-18,114.05,114.05,114.05,113.95,1126.33,1121.97
2010-03-19,114.05,114.03,114.07,114.035,1105.95,1125.43
2010-03-22,114.125,114.1,114.2,114.11,1101.15,1103.05
2010-03-23,114.05,113.98,114.02,114.0,1104.1,1101.13
2010-03-24,114.05,114.05,114.1,114.025,1085.63,1103.97
2010-03-25,114.13,114.05,114.1,114.04,1089.47,1085.88
2010-03-26,114.13,114.1,114.1,114.04,1106.47,1088.38
2010-03-29,114.13,114.13,114.13,114.13,1108.2,1110.9
2010-03-30,114.05,114.05,114.05,113.97,1102.88,1109.45
2010-03-31,114.05,113.98,114.05,113.95,1112.68,1103.22
2010-04-01,113.85,113.85,113.9,113.825,1125.58,1112.88
2010-04-02,113.85,113.85,113.85,113.85,1119.95,1125.55
2010-04-05,113.8,113.75,113.8,113.775,1129.95,1123.1
2010-04-06,113.825,113.8,113.8,113.775,1133.2,1130.33
2010-04-07,113.8,113.82,113.82,113.735,1146.95,1133.63
2010-04-08,113.9,113.75,113.85,113.75,1150.13,1148.47
2010-04-09,113.9,113.9,113.9,113.9,1160.95,1150.03
2010-04-12,113.8,113.6,113.8,113.65,1154.63,1162.45
2010-04-13,113.8,113.8,113.8,113.8,1150.2,1154.78
2010-04-14,113.8,113.8,113.8,113.8,1154.68,1150.2
2010-04-15,113.825,113.72,113.95,113.75,1157.58,1154.15
2010-04-16,114.0,113.9,113.95,113.835,1136.45,1157.83
2010-04-19,113.95,113.9,113.95,113.85,1134.38,1133.6
2010-04-20,113.9,113.88,113.95,113.875,1139.3,1136.0
2010-04-21,113.93,113.92,113.95,113.765,1145.35,1138.78
2010-04-22,113.9,113.85,113.88,113.775,1140.35,1145.3
2010-04-23,113.89,113.88,113.93,113.88,1156.8,1140.9
2010-04-26,113.935,113.85,113.93,113.89,1152.5,1156.25
2010-04-27,113.85,113.9,113.9,113.85,1167.72,1152.65
2010-04-28,113.85,113.85,113.85,113.85,1164.43,1167.8
2010-04-29,113.95,113.82,113.95,113.87,1166.3,1164.35
2010-04-30,113.95,113.9,113.91,113.9,1178.05,1166.6
2010-05-03,113.7,113.85,113.9,113.63,1181.35,1179.15
2010-05-04,113.56,113.65,113.65,113.525,1171.53,1181.33
2010-05-05,113.65,113.6,113.62,113.55,1174.58,1170.5
2010-05-06,113.67,113.62,113.7,113.64,1207.45,1174.25
2010-05-07,113.75,113.7,113.8,113.695,1207.1,1207.68
2010-05-10,113.68,113.55,113.63,113.5,1201.2,1205.35
2010-05-11,113.7,113.7,113.7,113.61,1229.55,1200.93
2010-05-12,113.7,113.65,113.72,113.625,1236.6,1230.55
2010-05-13,113.625,113.65,113.68,113.585,1231.72,1236.7
2010-05-14,113.7,113.65,113.78,113.64,1231.15,1231.8
2010-05-17,113.75,113.7,113.76,113.74,1223.0,1231.1
2010-05-18,113.75,113.75,113.75,113.725,1220.75,1223.05
2010-05-19,113.7,113.72,113.76,113.675,1190.85,1222.85
2010-05-20,113.8,113.65,113.82,113.65,1182.15,1190.9
2010-05-21,113.83,113.7,113.8,113.735,1176.13,1182.2
2010-05-24,113.8,113.78,113.85,113.74,1190.95,1177.35
2010-05-25,113.8,113.7,113.8,113.7,1200.07,1191.5
2010-05-26,113.95,113.75,113.95,113.77,1210.1,1201.22
2010-05-27,113.95,113.95,113.95,113.95,1209.63,1210.88
2010-05-28,113.95,113.95,113.95,113.95,1213.38,1209.68
2010-05-31,113.8,113.85,113.85,113.785,1216.4,1213.75
2010-06-01,113.8,113.75,113.82,113.69,1224.4,1215.4
2010-06-02,113.6,113.72,113.77,113.6,1222.82,1224.5
2010-06-03,113.7,113.5,113.7,113.525,1207.1,1222.78
2010-06-04,113.6,113.72,113.75,113.6,1218.85,1206.25
2010-06-07,113.7,113.65,113.7,113.68,1239.0,1218.88
2010-06-08,113.7,113.6,113.75,113.58,1234.3,1239.88
2010-06-09,113.6,113.6,113.65,113.55,1231.55,1234.8
2010-06-10,113.615,113.65,113.65,113.545,1216.85,1231.9
2010-06-11,113.515,113.5,113.55,113.5,1225.55,1216.5
2010-06-14,113.57,113.5,113.6,113.525,1221.2,1226.6
2010-06-15,113.57,113.55,113.55,113.475,1233.55,1220.6
2010-06-16,113.45,113.45,113.55,113.36,1230.85,1233.65
2010-06-17,113.525,113.42,113.5,113.425,1244.3,1230.1
2010-06-18,113.525,113.525,113.525,113.525,1255.88,1244.68
2010-06-21,113.5,113.42,113.45,113.39,1231.07,1258.82
2010-06-22,113.6,113.5,113.65,113.475,1238.35,1231.9
2010-06-23,113.65,113.6,113.825,113.6,1236.5,1238.55
2010-06-24,113.65,113.52,113.835,113.55,1243.7,1236.1
2010-06-25,113.65,113.65,113.65,113.65,1254.5,1243.3
2010-06-28,113.625,113.55,113.67,113.57,1237.03,1253.85
2010-06-29,113.525,113.52,113.57,113.42,1239.85,1237.88
2010-06-30,113.575,113.55,113.615,113.45,1241.15,1239.85
2010-07-01,113.485,113.5,113.605,113.435,1199.03,1241.65
2010-07-02,113.385,113.38,113.425,113.36,1210.45,1197.93
2010-07-05,113.4,113.35,113.45,113.35,1208.03,1212.1
2010-07-06,113.425,113.33,113.48,113.165,1193.53,1208.22
2010-07-07,113.4,113.4,113.45,113.38,1201.7,1193.0
2010-07-08,113.4,113.35,113.455,113.385,1197.45,1201.4
2010-07-09,113.45,113.35,113.46,113.395,1210.6,1196.95
2010-07-12,113.175,113.37,113.425,113.16,1195.9,1211.5
2010-07-13,113.1,113.17,113.315,113.06,1210.55,1196.9
2010-07-14,113.0,112.98,113.05,112.96,1207.3,1211.2
2010-07-15,112.9,112.85,112.915,112.835,1207.75,1207.25
2010-07-16,112.75,112.7,112.805,112.725,1192.1,1208.2
2010-07-19,112.75,112.75,112.815,112.74,1183.35,1193.1
2010-07-20,112.85,112.7,112.85,112.74,1191.25,1183.15
2010-07-21,112.775,112.76,112.835,112.7,1185.55,1190.8
2010-07-22,112.76,112.78,112.85,112.74,1193.7,1184.2
2010-07-23,112.74,112.65,112.8,112.69,1188.28,1194.45
2010-07-26,112.85,112.6,112.85,112.625,1181.38,1187.2
2010-07-27,112.8,112.75,112.915,112.795,1161.55,1180.65
2010-07-28,112.55,112.66,112.725,112.55,1162.6,1161.6
2010-07-29,112.57,112.58,112.625,112.515,1167.22,1162.25
2010-07-30,112.8,112.6,112.945,112.595,1180.3,1167.58
2010-08-02,112.485,112.7,112.8,112.46,1180.95,1181.15
2010-08-03,112.34,112.4,112.45,112.325,1184.95,1181.65
2010-08-04,112.35,112.3,112.415,112.325,1195.1,1185.0
2010-08-05,112.35,112.35,112.405,112.295,1194.15,1194.8
2010-08-06,112.35,112.3,112.41,112.325,1204.55,1194.55
2010-08-09,112.3,112.2,112.35,112.2,1200.45,1204.05
2010-08-10,112.4,112.3,112.45,112.32,1202.9,1200.3
2010-08-11,112.325,112.35,112.4,112.3,1196.8,1203.65
2010-08-12,112.325,112.3,112.4,112.3,1212.13,1197.4
2010-08-13,112.35,112.3,112.385,112.325,1214.6,1212.88
2010-08-16,112.45,112.3,112.45,112.3,1223.93,1213.7
2010-08-17,112.4,112.4,112.46,112.35,1223.97,1224.28
2010-08-18,112.45,112.3,112.45,112.325,1228.78,1223.72
2010-08-19,112.375,112.25,112.4,112.27,1231.35,1228.53
2010-08-20,112.3,112.3,112.375,112.3,1227.05,1231.4
2010-08-23,112.45,112.35,112.5,112.325,1224.5,1226.4
2010-08-24,112.45,112.45,112.45,112.45,1228.4,1224.6
2010-08-25,112.58,112.48,112.72,112.515,1239.05,1228.9
2010-08-26,112.6,112.63,112.67,112.52,1235.13,1239.3
2010-08-27,112.65,112.52,112.7,112.55,1237.15,1235.78
2010-08-30,112.7,112.68,112.72,112.625,1235.55,1236.3
2010-08-31,112.75,112.62,112.825,112.65,1246.7,1235.55
2010-09-01,112.75,112.75,112.8,112.71,1243.6,1247.25
2010-09-02,112.575,112.65,112.71,112.5,1250.35,1243.45
2010-09-03,112.7,112.5,112.74,112.475,1245.9,1250.45
2010-09-06,112.45,112.55,112.65,112.44,1248.95,1247.75
2010-09-07,112.61,112.45,112.635,112.495,1253.95,1249.05
2010-09-08,112.535,112.55,112.8,112.53,1254.1,1253.95
2010-09-09,112.41,112.6,112.7,112.26,1243.2,1254.45
2010-09-10,112.41,112.41,112.41,112.41,1245.65,1244.25
2010-09-13,112.46,112.54,112.71,112.26,1244.65,1245.2
2010-09-14,112.41,112.55,112.625,112.36,1268.65,1244.75
2010-09-15,112.41,112.4,112.56,112.36,1267.95,1268.75
2010-09-16,112.33,112.45,112.55,112.3,1275.05,1267.2
2010-09-17,112.45,112.35,112.525,112.385,1273.95,1274.55
2010-09-20,112.36,112.45,112.57,112.36,1278.25,1276.7
2010-09-21,112.37,112.5,112.57,112.37,1286.55,1278.9
2010-09-22,112.33,112.36,112.37,112.32,1291.25,1286.7
2010-09-23,112.33,112.45,112.515,112.33,1292.45,1291.15
2010-09-24,112.01,112.4,112.46,112.01,1296.2,1292.5
2010-09-27,111.76,112.0,112.05,111.76,1294.75,1297.1
2010-09-28,111.75,111.85,111.97,111.75,1308.95,1294.8
2010-09-29,111.67,111.8,112.0,111.67,1309.85,1309.0
2010-09-30,111.71,111.85,112.04,111.71,1308.45,1309.35
2010-10-01,111.8,111.98,112.03,111.8,1318.7,1306.35
2010-10-04,111.66,111.8,111.865,111.66,1315.0,1317.7
2010-10-05,111.59,111.8,111.825,111.575,1340.5,1314.95
2010-10-06,111.61,111.67,111.895,111.585,1349.15,1340.05
2010-10-07,111.73,111.6,111.775,111.635,1333.5,1349.1
2010-10-08,111.61,111.55,111.75,111.575,1342.8,1333.3
2010-10-11,111.75,111.6,111.825,111.65,1353.65,1347.9
2010-10-12,111.71,111.8,111.975,111.61,1349.85,1353.65
2010-10-13,111.71,111.9,111.95,111.71,1371.9,1350.3
2010-10-14,111.71,111.8,111.865,111.71,1381.0,1371.85
2010-10-15,111.8,111.75,111.865,111.775,1368.35,1381.8
2010-10-18,111.68,111.75,111.87,111.68,1369.2,1370.35
2010-10-19,111.84,111.8,111.87,111.775,1335.15,1369.2
2010-10-20,111.68,111.85,111.9,111.68,1345.35,1334.05
2010-10-21,111.75,111.85,111.9,111.75,1325.15,1345.35
2010-10-22,111.65,111.64,111.65,111.65,1328.25,1325.75
2010-10-25,111.675,111.8,111.84,111.65,1340.05,1328.75
2010-10-26,111.65,111.69,111.72,111.64,1340.25,1339.7
2010-10-27,111.54,111.68,111.725,111.54,1325.15,1339.75
2010-10-28,111.65,111.68,111.72,111.6,1344.15,1324.9
2010-10-29,111.65,111.52,111.82,111.55,1359.05,1344.15
2010-11-01,111.675,111.64,111.715,111.64,1352.25,1363.6
2010-11-02,111.7,111.65,111.72,111.65,1356.75,1353.0
2010-11-03,111.7,111.6,111.735,111.65,1348.8,1356.6
2010-11-04,111.41,111.65,111.715,111.41,1391.4,1347.95
2010-11-05,111.41,111.41,111.41,111.41,1393.3,1391.1
2010-11-08,111.39,111.55,111.63,111.39,1409.5,1396.7
2010-11-09,111.615,111.5,111.65,111.475,1393.05,1409.85
2010-11-10,111.66,111.6,111.72,111.625,1403.2,1393.05
2010-11-11,111.575,111.6,111.7,111.535,1408.65,1401.8
2010-11-12,111.65,111.55,111.7,111.6,1368.25,1408.6
2010-11-15,111.715,111.65,111.72,111.64,1360.3,1370.0
2010-11-16,111.46,111.6,111.725,111.39,1339.35,1359.7
2010-11-17,111.46,111.46,111.46,111.46,1335.65,1342.0
2010-11-18,111.7,111.66,111.715,111.65,1353.75,1335.7
2010-11-19,111.7,111.6,111.7,111.635,1353.2,1354.3
2010-11-22,111.4,111.68,111.705,111.34,1366.15,1357.45
2010-11-23,111.35,111.35,111.4,111.295,1376.15,1366.45
2010-11-24,111.22,111.15,111.26,111.15,1372.4,1376.5
2010-11-25,111.3,111.2,111.335,111.215,1374.65,1372.0
2010-11-26,111.47,111.32,111.525,111.35,1363.05,1374.9
2010-11-29,111.45,111.52,111.55,111.445,1366.45,1362.9
2010-11-30,111.375,111.45,111.475,111.305,1386.8,1366.9
2010-12-01,111.19,111.18,111.3,111.19,1386.8,1386.3
2010-12-02,111.27,111.15,111.37,111.175,1385.65,1386.95
2010-12-03,111.28,111.16,111.375,111.125,1413.45,1385.7
2010-12-06,111.2,111.15,111.3,111.1,1423.45,1413.8
2010-12-07,111.15,111.15,111.225,111.1,1400.9,1424.35
2010-12-08,111.05,111.05,111.2,111.05,1381.3,1400.4
2010-12-09,111.0,111.0,111.15,110.99,1387.15,1382.05
2010-12-10,110.915,110.9,110.98,110.875,1385.25,1387.2
2010-12-13,110.89,110.9,110.95,110.88,1394.45,1383.75
2010-12-14,110.9,110.85,110.94,110.89,1396.1,1393.95
2010-12-15,110.94,110.9,110.985,110.9,1379.4,1396.0
2010-12-16,111.05,110.9,111.05,110.92,1369.65,1378.05
2010-12-17,111.175,111.0,111.215,111.0,1374.9,1369.55
2010-12-20,111.175,111.175,111.175,111.175,1385.5,1375.75
2010-12-21,111.25,111.13,111.3,111.1,1385.3,1384.35
2010-12-22,111.25,111.2,111.36,111.21,1385.1,1385.2
2010-12-23,111.05,111.2,111.275,110.98,1378.25,1385.2
2010-12-27,111.2,111.12,111.225,111.14,1383.9,1377.45
2010-12-28,110.95,110.95,111.05,110.885,1405.85,1383.1
2010-12-29,110.955,110.85,110.965,110.825,1411.65,1405.5
2010-12-30,110.95,110.92,111.205,110.9,1404.25,1411.6
2010-12-31,110.945,110.95,111.005,110.925,1420.55,1404.25
2011-01-03,110.95,110.85,110.99,110.9,1414.1,1419.0
2011-01-04,110.85,110.85,110.915,110.775,1380.8,1414.6
2011-01-05,110.825,110.85,110.875,110.79,1377.9,1382.8
2011-01-06,110.83,110.8,110.875,110.81,1370.7,1376.6
2011-01-07,110.85,110.8,110.9,110.825,1364.7,1370.2
2011-01-10,110.8,110.8,110.925,110.8,1373.9,1371.0
2011-01-11,110.61,110.8,110.86,110.61,1380.5,1376.2
2011-01-12,110.75,110.72,110.815,110.74,1387.7,1383.0
2011-01-13,110.77,110.7,110.825,110.745,1372.4,1385.8
2011-01-14,110.76,110.7,110.815,110.74,1360.9,1375.3
2011-01-17,110.815,110.72,110.825,110.76,1360.5,1362.3
2011-01-18,110.8,110.78,110.85,110.75,1367.65,1360.9
2011-01-19,110.8,110.8,110.8,110.8,1370.47,1366.52
2011-01-20,110.95,110.8,111.055,110.85,1345.82,1370.02
2011-01-21,111.01,110.95,111.065,110.985,1342.1,1346.16
2011-01-24,110.87,111.0,111.025,110.85,1334.54,1342.93
2011-01-25,110.9,110.85,110.975,110.85,1332.23,1334.48
2011-01-26,111.085,110.9,111.105,110.61,1345.39,1332.41
2011-01-27,110.78,111.05,111.115,110.78,1314.43,1345.57
2011-01-28,110.76,111.1,111.215,110.76,1336.7,1314.44
2011-01-31,110.86,111.1,111.185,110.76,1333.0,1338.4
2011-02-01,110.76,111.0,111.175,110.76,1342.44,1332.26
2011-02-02,110.95,111.0,111.115,110.89,1335.05,1343.58
2011-02-03,110.85,110.94,110.99,110.75,1354.95,1335.06
2011-02-04,110.71,110.75,110.76,110.71,1348.96,1354.96
2011-02-07,110.76,110.95,111.0,110.71,1352.17,1347.42
2011-02-08,110.97,110.97,111.05,110.95,1364.04,1352.67
2011-02-09,110.95,110.95,111.015,110.9,1363.58,1363.58
2011-02-10,111.04,110.95,111.04,110.945,1363.47,1364.1
2011-02-11,111.05,110.95,111.075,110.95,1356.71,1363.51
2011-02-14,110.76,111.0,111.115,110.76,1361.5,1357.09
2011-02-15,110.76,110.9,111.03,110.76,1373.9,1360.47
2011-02-16,110.76,110.76,110.76,110.76,1376.0,1373.7
2011-02-17,110.76,110.76,110.76,110.76,1385.22,1375.9
2011-02-18,110.9,110.93,110.99,110.93,1390.45,1385.55
2011-02-21,110.875,110.85,110.965,110.84,1406.59,1391.42
2011-02-22,110.9,110.85,110.92,110.84,1398.9,1407.3
2011-02-23,110.66,110.85,110.915,110.66,1411.55,1400.75
2011-02-24,110.79,110.7,110.85,110.74,1402.3,1411.45
2011-02-25,110.775,110.75,110.815,110.74,1410.35,1401.55
2011-02-28,110.8,110.75,110.815,110.75,1410.93,1410.55
2011-03-01,110.75,110.72,110.795,110.65,1432.92,1411.51
2011-03-02,110.75,110.75,110.75,110.75,1434.3,1433.17
2011-03-03,110.675,110.65,110.73,110.635,1415.77,1436.33
2011-03-04,110.365,110.6,110.675,110.34,1431.15,1415.82
2011-03-07,110.3,110.35,110.38,110.19,1431.3,1434.6
2011-03-08,110.05,110.15,110.225,110.0,1428.84,1431.72
2011-03-09,110.0,110.0,110.225,109.95,1431.07,1429.59
2011-03-10,110.005,109.95,110.05,109.985,1411.65,1431.45
2011-03-11,110.05,109.95,110.075,109.995,1417.94,1411.63
2011-03-14,110.2,110.0,110.3,110.05,1426.31,1431.14
2011-03-15,110.41,110.15,110.66,110.16,1394.11,1426.31
2011-03-16,110.2,110.3,110.4,110.15,1393.55,1394.12
2011-03-17,110.35,110.32,110.39,110.25,1404.61,1391.4
2011-03-18,110.45,110.3,110.475,110.3,1420.02,1406.16
2011-03-21,110.4,110.35,110.415,110.335,1426.59,1425.76
2011-03-22,110.35,110.3,110.41,110.27,1428.58,1426.59
2011-03-23,110.4,110.3,110.415,110.35,1438.11,1428.58
2011-03-24,110.35,110.3,110.42,110.35,1431.86,1438.44
2011-03-25,110.35,110.3,110.42,110.285,1429.9,1431.79
2011-03-28,110.4,110.3,110.415,110.35,1420.69,1427.7
2011-03-29,110.375,110.35,110.415,110.35,1418.78,1420.6
2011-03-30,110.35,110.35,110.465,110.35,1424.06,1418.0
2011-03-31,110.395,110.35,110.445,110.35,1432.0,1423.5
2011-04-01,110.35,110.35,110.44,110.15,1428.9,1433.04
2011-04-04,110.4,110.3,110.415,110.325,1434.42,1428.9
2011-04-05,110.35,110.3,110.415,110.325,1456.05,1434.45
2011-04-06,110.21,110.35,110.425,110.21,1459.13,1456.87
2011-04-07,110.365,110.35,110.395,110.3,1458.5,1462.3
2011-04-08,110.4,110.28,110.415,110.3,1475.1,1458.78
2011-04-11,110.275,110.35,110.375,110.25,1463.32,1475.38
2011-04-12,110.4,110.25,110.42,110.3,1453.1,1463.77
2011-04-13,110.4,110.4,110.4,110.4,1457.0,1452.4
2011-04-14,110.4,110.4,110.4,110.4,1474.9,1455.8
2011-04-15,110.4,110.4,110.4,110.4,1486.6,1475.58
2011-04-18,110.375,110.3,110.41,110.34,1495.94,1486.75
2011-04-19,110.375,110.35,110.415,110.335,1495.05,1496.3
2011-04-20,110.3,110.25,110.365,110.23,1502.35,1495.19
2011-04-21,110.175,110.25,110.3,110.145,1504.34,1501.91
2011-04-25,110.185,110.15,110.22,110.15,1507.33,1510.72
2011-04-26,110.175,110.16,110.215,110.15,1507.18,1507.12
2011-04-27,110.1,110.1,110.22,110.1,1526.95,1506.27
2011-04-28,109.7,109.9,109.975,109.55,1535.7,1527.55
2011-04-29,109.9,109.75,109.96,109.8,1563.45,1535.77
2011-05-02,109.9,109.9,109.9,109.9,1545.15,1566.32
2011-05-03,109.8,109.6,109.825,109.65,1536.87,1545.14
2011-05-04,109.74,109.75,109.815,109.7,1516.7,1537.87
2011-05-05,109.7,109.6,109.775,109.65,1473.5,1515.74
2011-05-06,109.775,109.75,109.82,109.71,1495.6,1476.06
2011-05-09,109.775,109.75,109.815,109.74,1513.0,1495.5
2011-05-10,109.725,109.72,109.815,109.725,1515.87,1512.7
2011-05-11,109.7,109.7,109.79,109.66,1500.5,1516.07
2011-05-12,109.75,109.7,109.775,109.69,1506.52,1499.74
2011-05-13,109.75,109.75,109.81,109.74,1495.25,1506.39
2011-05-16,109.8,109.78,109.835,109.74,1490.07,1495.2
2011-05-17,109.8,109.8,109.8,109.8,1486.92,1489.68
2011-05-18,109.8,109.8,109.8,109.8,1497.12,1487.25
2011-05-19,109.75,109.7,109.82,109.75,1493.77,1496.52
2011-05-20,109.81,109.7,109.82,109.75,1512.05,1494.02
2011-05-23,109.89,109.85,109.92,109.825,1517.15,1513.02
2011-05-24,109.975,109.9,110.015,109.95,1526.47,1517.54
2011-05-25,109.95,109.95,110.015,109.95,1526.02,1526.37
2011-05-26,109.875,109.85,109.925,109.85,1519.15,1525.55
2011-05-27,109.87,109.78,109.95,109.83,1536.26,1518.8
2011-05-30,109.77,109.7,109.8,109.715,1538.82,1536.72
2011-05-31,109.7,109.58,109.72,109.615,1535.57,1538.7
2011-06-01,109.675,109.65,109.715,109.65,1540.92,1535.47
2011-06-02,109.75,109.72,109.8,109.67,1533.57,1541.05
2011-06-03,109.725,109.6,109.775,109.625,1542.15,1533.9
2011-06-06,109.575,109.6,109.675,109.54,1544.55,1542.41
2011-06-07,109.55,109.6,109.675,109.54,1544.57,1544.3
2011-06-08,109.46,109.55,109.65,109.4,1537.67,1544.6
2011-06-09,109.45,109.45,109.55,109.33,1544.4,1537.5
2011-06-10,109.5,109.45,109.51,109.375,1531.3,1544.27
2011-06-13,109.51,109.45,109.54,109.4,1515.95,1530.25
2011-06-14,109.55,109.45,109.555,109.45,1524.0,1515.7
2011-06-15,109.55,109.55,109.55,109.55,1530.42,1524.9
2011-06-16,109.575,109.55,109.605,109.5,1529.22,1530.25
2011-06-17,109.55,109.5,109.58,109.45,1539.4,1528.95
2011-06-20,109.575,109.5,109.615,109.51,1540.2,1539.87
2011-06-21,109.575,109.55,109.61,109.545,1547.15,1540.37
2011-06-22,109.6,109.51,109.615,109.53,1547.97,1547.45
2011-06-23,109.6,109.55,109.655,109.54,1520.98,1547.28
2011-06-24,109.59,109.55,109.62,109.55,1502.75,1520.85
2011-06-27,109.65,109.65,109.715,109.605,1497.07,1501.42
2011-06-28,109.7,109.65,109.72,109.64,1502.12,1496.87
2011-06-29,109.6,109.65,109.705,109.55,1511.65,1502.15
2011-06-30,109.5,109.45,109.625,109.35,1500.6,1512.0
2011-07-01,109.5,109.45,109.525,109.45,1487.75,1501.6
2011-07-04,109.5,109.45,109.52,109.45,1496.54,1486.82
2011-07-05,109.505,109.45,109.52,109.465,1516.17,1496.05
2011-07-06,109.505,109.45,109.52,109.465,1529.42,1516.01
2011-07-07,109.5,109.45,109.52,109.45,1532.42,1529.07
2011-07-08,109.495,109.45,109.52,109.45,1544.2,1532.35
2011-07-11,109.5,109.45,109.525,109.475,1554.1,1545.87
2011-07-12,109.58,109.45,109.62,109.5,1567.22,1554.45
2011-07-13,109.6,109.5,109.615,109.55,1582.7,1567.4
2011-07-14,109.6,109.6,109.6,109.6,1587.42,1585.41
2011-07-15,109.49,109.45,109.515,109.45,1593.75,1587.09
2011-07-18,109.5,109.45,109.52,109.45,1605.4,1593.93
2011-07-19,109.475,109.45,109.52,109.45,1588.87,1605.37
2011-07-20,109.5,109.47,109.52,109.45,1602.12,1587.8
2011-07-21,109.5,109.38,109.525,109.43,1590.1,1601.62
2011-07-22,109.45,109.4,109.52,109.43,1601.25,1589.35
2011-07-25,109.475,109.46,109.52,109.45,1614.9,1608.47
2011-07-26,109.45,109.4,109.52,109.445,1619.3,1614.75
2011-07-27,109.485,109.48,109.52,109.445,1613.95,1619.62
2011-07-28,109.45,109.4,109.52,109.44,1617.02,1614.1
2011-07-29,109.45,109.4,109.515,109.44,1624.85,1615.6
2011-08-01,109.31,109.4,109.52,109.31,1620.2,1610.15
2011-08-02,109.31,109.4,109.615,109.26,1660.05,1620.0
2011-08-03,109.31,109.55,109.705,109.31,1661.4,1660.54
2011-08-04,109.665,109.63,109.71,109.59,1649.05,1660.87
2011-08-05,109.705,109.75,109.78,109.62,1661.05,1647.16
2011-08-08,109.765,109.6,109.82,109.65,1717.35,1689.95
2011-08-09,109.785,109.72,109.82,109.7,1744.15,1717.31
2011-08-10,109.7,109.75,109.795,109.625,1795.05,1745.6
2011-08-11,109.65,109.65,109.85,109.59,1767.82,1794.97
2011-08-12,109.65,109.65,109.715,109.615,1746.6,1764.55
2011-08-15,109.31,109.6,109.885,109.31,1765.7,1745.0
2011-08-16,109.85,109.8,109.89,109.75,1786.6,1765.63
2011-08-17,109.85,109.8,109.96,109.84,1788.65,1786.36
2011-08-18,109.95,109.8,110.015,109.85,1824.6,1789.26
2011-08-19,109.95,109.9,110.0,109.9,1852.05,1824.53
2011-08-22,109.95,109.9,109.99,109.915,1898.17,1861.15
2011-08-23,109.975,109.88,110.0,109.86,1830.82,1898.44
2011-08-24,109.91,109.9,110.015,109.61,1751.27,1829.83
2011-08-25,110.0,109.95,110.015,109.95,1772.15,1751.16
2011-08-26,109.99,109.98,110.015,109.95,1828.2,1772.92
2011-08-29,109.9,109.85,109.95,109.85,1788.42,1837.95
2011-08-30,109.66,109.85,109.975,109.66,1835.52,1789.02
2011-08-31,109.66,109.66,109.66,109.66,1825.34,1835.69
2011-09-01,109.99,109.85,110.015,109.875,1825.17,1824.52
2011-09-02,110.0,109.97,110.02,109.93,1882.85,1825.16
2011-09-05,110.085,110.0,110.115,110.025,1901.34,1878.05
2011-09-06,109.97,110.1,110.16,109.97,1873.17,1901.98
2011-09-07,109.97,110.15,110.22,109.97,1817.27,1872.74
2011-09-08,109.97,110.15,110.22,109.97,1869.24,1817.72
2011-09-09,109.97,110.17,110.21,109.97,1856.5,1870.14
2011-09-12,110.075,110.05,110.12,110.05,1814.33,1856.85
2011-09-13,110.115,110.0,110.12,110.05,1834.06,1814.63
2011-09-14,109.97,110.0,110.12,109.97,1820.81,1834.61
2011-09-15,110.075,110.05,110.12,110.05,1789.61,1821.36
2011-09-16,109.97,110.05,110.105,109.97,1811.41,1787.81
2011-09-19,109.97,110.05,110.12,109.97,1778.68,1817.96
2011-09-20,110.01,110.05,110.125,109.97,1803.52,1777.98
2011-09-21,110.185,110.15,110.22,110.15,1780.26,1803.57
2011-09-22,110.3,110.1,110.335,110.15,1736.28,1779.72
2011-09-23,110.3,110.22,110.335,110.25,1644.1,1737.25
2011-09-26,109.97,110.2,110.34,109.97,1628.13,1657.07
2011-09-27,110.32,110.27,110.335,110.25,1649.58,1626.22
2011-09-28,110.2,110.15,110.22,110.145,1608.66,1650.11
2011-09-29,109.97,110.15,110.22,109.97,1615.16,1607.36
2011-09-30,109.97,110.15,110.215,109.97,1623.83,1616.66
2011-10-03,110.25,110.18,110.25,110.155,1660.93,1620.28
2011-10-04,110.2,110.1,110.22,110.15,1624.63,1660.78
2011-10-05,110.2,110.15,110.22,110.15,1642.43,1625.38
2011-10-06,110.175,110.15,110.225,110.15,1650.38,1640.88
2011-10-07,110.2,110.15,110.225,110.15,1638.16,1651.41
2011-10-10,110.15,110.15,110.22,110.145,1675.93,1639.51
2011-10-11,109.97,109.96,109.97,109.97,1663.13,1676.39
2011-10-12,110.2,110.15,110.215,110.15,1674.58,1663.08
2011-10-13,109.97,110.16,110.22,109.97,1662.71,1675.63
2011-10-14,110.2,110.17,110.22,110.15,1680.83,1667.01
2011-10-17,110.2,110.15,110.22,110.15,1670.53,1682.96
2011-10-18,110.185,110.15,110.22,110.175,1655.05,1670.68
2011-10-19,109.97,110.15,110.22,109.97,1649.56,1655.95
2011-10-20,110.185,110.1,110.225,110.145,1620.8,1643.92
2011-10-21,109.97,110.18,110.225,109.97,1641.67,1620.03
2011-10-24,109.99,110.12,110.22,109.97,1653.04,1642.16
2011-10-25,109.99,110.15,110.22,109.99,1705.18,1653.44
2011-10-26,109.99,109.98,109.99,109.99,1717.63,1705.43
2011-10-27,109.99,110.18,110.22,109.99,1745.44,1725.59
2011-10-28,109.96,110.15,110.2,109.96,1743.3,1744.47
2011-10-31,110.07,110.05,110.22,109.96,1709.82,1743.17
2011-11-01,110.07,110.15,110.235,110.07,1717.98,1710.7
2011-11-02,110.2,110.15,110.22,110.175,1738.39,1715.14
2011-11-03,110.01,110.15,110.22,110.01,1760.75,1739.14
2011-11-04,110.16,110.15,110.215,110.1,1754.84,1760.85
2011-11-07,109.91,110.06,110.07,109.91,1795.43,1753.86
2011-11-08,110.07,110.15,110.22,110.07,1785.79,1794.63
2011-11-09,110.06,110.15,110.22,110.01,1769.3,1785.6
2011-11-10,110.06,110.06,110.06,110.06,1758.62,1769.84
2011-11-11,110.2,110.15,110.22,110.15,1788.36,1758.6
2011-11-14,110.01,110.15,110.22,110.01,1780.04,1788.76
2011-11-15,110.2,110.15,110.22,110.15,1780.89,1780.48
2011-11-16,110.04,110.15,110.22,110.01,1762.42,1781.23
2011-11-17,110.07,110.2,110.225,110.07,1720.7,1763.75
2011-11-18,110.21,110.18,110.42,110.07,1724.0,1722.85
2011-11-21,110.375,110.33,110.42,110.365,1677.06,1723.35
2011-11-22,113.51,113.7,114.0,113.51,1698.88,1677.58
2011-11-23,113.76,113.8,114.22,113.46,1692.32,1699.73
2011-11-24,113.9,113.8,113.92,113.85,1695.09,1692.68
2011-11-25,113.83,113.85,113.94,113.82,1680.46,1693.94
2011-11-28,113.83,113.82,113.92,113.83,1711.71,1680.58
2011-11-29,113.76,113.85,113.92,113.76,1715.65,1711.14
2011-11-30,113.83,113.88,113.95,113.82,1749.34,1717.41
2011-12-01,113.875,113.87,113.925,113.85,1745.38,1748.75
2011-12-02,113.895,113.85,113.925,113.86,1746.65,1744.95
2011-12-05,113.76,113.88,113.935,113.76,1722.03,1747.45
2011-12-06,113.73,113.85,113.92,113.73,1729.29,1722.83
2011-12-07,113.77,113.85,113.925,113.77,1742.78,1728.82
2011-12-08,113.9,113.82,113.92,113.82,1707.38,1742.71
2011-12-09,113.73,113.85,113.92,113.73,1711.41,1705.37
2011-12-12,113.85,113.88,113.92,113.75,1666.33,1712.69
2011-12-13,113.85,113.85,113.925,113.85,1631.66,1664.61
2011-12-14,113.79,113.88,113.93,113.79,1576.28,1628.76
2011-12-15,113.79,113.88,113.92,113.79,1570.58,1578.91
2011-12-16,113.73,113.85,113.95,113.73,1598.98,1571.24
2011-12-19,113.82,113.9,113.945,113.815,1594.57,1601.25
2011-12-20,113.77,113.88,113.95,113.77,1615.15,1593.81
2011-12-21,113.77,113.85,113.92,113.77,1615.08,1615.25
2011-12-22,113.9,113.85,113.935,113.875,1606.03,1615.41
2011-12-23,113.77,113.87,113.925,113.77,1606.91,1605.82
2011-12-27,113.9,113.85,113.92,113.87,1592.43,1607.41
2011-12-28,113.9,113.88,113.92,113.875,1556.58,1592.79
2011-12-29,113.9,113.9,113.95,113.85,1545.33,1556.53
2011-12-30,113.9,113.85,113.95,113.85,1564.81,1546.17
2012-01-03,113.83,113.8,113.94,113.82,1603.88,1569.36
2012-01-04,113.83,113.85,113.925,113.83,1611.73,1603.96
2012-01-05,113.83,113.88,113.94,113.83,1621.43,1612.73
2012-01-06,113.83,113.8,113.94,113.82,1617.55,1621.75
2012-01-09,113.83,113.88,113.94,113.82,1610.88,1617.18
2012-01-10,113.83,113.88,113.94,113.83,1632.33,1611.09
2012-01-11,113.83,113.88,113.94,113.83,1643.13,1631.56
2012-01-12,113.83,113.88,113.94,113.82,1648.68,1642.33
2012-01-13,113.83,113.85,113.94,113.83,1639.48,1648.95
2012-01-16,113.83,113.83,113.83,113.83,1643.63,1635.31
2012-01-17,113.83,113.88,113.94,113.82,1651.83,1643.4
2012-01-18,113.83,113.88,113.925,113.83,1659.48,1651.66
2012-01-19,113.83,113.88,113.94,113.83,1656.73,1660.12
2012-01-20,113.915,113.88,113.94,113.875,1666.58,1657.44
2012-01-23,113.83,113.88,113.94,113.83,1676.43,1665.09
2012-01-24,113.83,113.88,113.94,113.83,1665.36,1676.11
2012-01-25,113.83,113.85,113.94,113.83,1710.68,1666.09
2012-01-26,113.73,113.85,113.925,113.73,1720.83,1710.99
2012-01-27,113.835,113.85,113.94,113.81,1739.26,1720.35
2012-01-30,113.76,113.9,114.005,113.73,1731.03,1736.79
2012-01-31,113.9,113.85,113.92,113.865,1737.23,1731.7
2012-02-01,113.76,113.85,113.925,113.76,1744.93,1737.12
2012-02-02,113.76,113.88,113.925,113.76,1758.68,1744.44
2012-02-03,113.96,113.83,114.13,113.76,1726.18,1759.31
2012-02-06,114.2,113.9,114.325,113.975,1719.93,1728.34
2012-02-07,114.2,114.2,114.2,114.2,1745.48,1720.22
2012-02-08,113.83,114.25,114.32,113.83,1734.93,1744.52
2012-02-09,114.81,114.2,115.625,114.25,1730.96,1732.61
2012-02-10,114.81,114.41,115.005,114.615,1721.72,1729.19
2012-02-13,116.81,114.41,117.3,114.81,1721.91,1725.08
2012-02-14,120.25,116.41,120.45,116.705,1720.16,1721.52
2012-02-15,119.45,119.85,120.75,118.225,1728.08,1721.17
2012-02-16,118.76,119.05,120.125,118.635,1728.01,1728.38
2012-02-17,118.25,118.8,119.05,118.125,1723.23,1728.03
2012-02-20,118.25,117.85,118.25,118.25,1734.28,1726.71
2012-02-21,118.01,117.85,118.775,117.935,1759.69,1734.93
2012-02-22,118.75,118.3,118.95,118.375,1776.46,1759.88
2012-02-23,119.25,118.35,119.565,118.625,1779.18,1777.0
2012-02-24,119.85,118.85,120.05,119.225,1772.31,1778.66
2012-02-27,121.25,119.45,121.725,119.775,1767.99,1775.01
2012-02-28,122.0,120.85,122.85,119.85,1784.11,1768.2
2012-02-29,121.9,121.6,122.25,121.75,1695.47,1784.51
2012-03-01,121.91,121.5,122.3,121.71,1718.33,1695.0
2012-03-02,121.7,119.0,121.9,119.45,1712.46,1718.46
2012-03-05,121.9,121.3,122.15,121.35,1706.99,1712.58
2012-03-06,121.5,121.5,122.125,121.35,1674.33,1706.28
2012-03-07,121.5,121.1,121.5,121.5,1684.88,1674.68
2012-03-08,121.01,121.1,121.725,120.96,1699.46,1685.08
2012-03-09,121.06,121.15,121.55,121.035,1713.98,1700.0
2012-03-12,121.9,121.0,122.1,121.3,1702.11,1714.07
2012-03-13,123.5,121.9,123.6,121.95,1674.88,1699.84
2012-03-14,124.75,123.1,124.825,123.2,1643.41,1676.79
2012-03-15,125.15,124.35,125.3,124.5,1657.54,1643.6
2012-03-16,125.85,124.85,125.975,124.225,1659.91,1656.06
2012-03-19,131.0,125.45,131.1,125.6,1664.41,1658.77
2012-03-20,129.26,129.5,130.375,128.625,1650.38,1662.28
2012-03-21,130.05,129.7,130.9,129.65,1649.77,1648.76
2012-03-22,130.25,129.9,130.875,129.8,1645.75,1649.9
2012-03-23,130.1,130.15,130.65,129.975,1661.92,1644.6
2012-03-26,129.91,129.7,130.475,129.71,1690.33,1662.86
2012-03-27,129.9,129.9,130.2,129.7,1680.96,1690.31
2012-03-28,129.2,129.6,130.1,129.075,1663.46,1680.18
2012-03-29,127.51,128.8,129.45,127.06,1661.33,1663.0
2012-03-30,128.25,127.75,128.375,127.825,1668.28,1661.31
2012-04-02,128.3,127.85,128.55,128.05,1677.55,1670.22
2012-04-03,125.76,127.9,128.1,125.61,1646.55,1676.62
2012-04-04,125.11,126.1,126.2,124.855,1620.74,1645.29
2012-04-05,126.15,125.0,126.225,124.95,1631.23,1620.42
2012-04-09,125.26,125.75,126.275,125.235,1640.42,1643.31
2012-04-10,127.51,125.6,128.0,125.75,1659.57,1641.34
2012-04-11,128.65,127.5,129.9,127.75,1659.39,1659.45
2012-04-12,128.65,128.25,128.65,128.65,1675.07,1659.24
2012-04-13,128.65,128.25,128.65,128.65,1658.41,1675.37
2012-04-16,128.0,128.25,128.65,127.5,1652.95,1655.93
2012-04-17,128.26,128.1,128.725,127.9,1650.17,1652.69
2012-04-18,128.26,128.15,128.75,128.065,1642.17,1650.21
2012-04-19,129.75,128.4,130.1,128.5,1642.76,1642.0
2012-04-20,130.01,129.7,130.575,129.6,1642.97,1642.68
2012-04-23,131.45,130.01,131.625,129.955,1638.43,1642.15
2012-04-24,131.51,131.45,132.3,131.075,1641.58,1638.67
2012-04-25,132.5,131.75,133.3,131.75,1644.13,1640.93
2012-04-26,130.21,131.9,132.15,129.675,1654.9,1644.34
2012-04-27,129.95,130.525,131.825,129.725,1662.3,1655.5
2012-04-30,129.61,129.95,131.25,129.415,1663.7,1663.7
2012-05-01,129.61,129.61,129.61,129.61,1660.4,1665.2
2012-05-02,128.0,130.0,130.85,125.9,1651.6,1662.2
2012-05-03,127.25,127.9,129.25,126.75,1635.5,1651.9
2012-05-04,127.41,126.95,128.25,126.75,1641.8,1635.6
2012-05-07,127.21,127.21,127.21,127.21,1636.3,1638.3
2012-05-08,128.0,127.25,128.5,127.25,1605.32,1638.17
2012-05-09,128.03,127.95,128.19,127.6,1589.58,1604.92
2012-05-10,127.41,127.95,128.165,127.385,1594.38,1589.88
2012-05-11,127.61,127.825,128.2,127.56,1578.93,1593.9
2012-05-14,128.75,128.0,129.025,128.0,1556.67,1581.24
2012-05-15,129.05,128.75,129.25,128.575,1544.03,1558.82
2012-05-16,128.61,128.75,130.05,128.415,1539.09,1544.71
2012-05-17,128.91,129.0,129.365,128.555,1574.19,1540.1
2012-05-18,129.51,129.2,129.95,128.575,1592.44,1573.8
2012-05-21,129.51,129.51,130.05,129.315,1593.1,1592.57
2012-05-22,129.61,129.95,130.0,129.365,1567.57,1593.75
2012-05-23,129.81,129.85,130.475,129.515,1561.46,1567.21
2012-05-24,130.21,130.0,130.7,129.755,1557.57,1560.34
2012-05-25,130.71,130.85,131.5,130.515,1572.82,1555.96
2012-05-28,131.25,130.71,131.475,130.71,1573.9,1574.91
2012-05-29,131.51,131.3,132.15,131.125,1554.58,1577.95
2012-05-30,131.51,132.0,132.6,131.315,1561.8,1553.99
2012-05-31,131.51,132.55,132.75,131.315,1558.7,1562.1
2012-06-01,130.51,132.05,132.225,130.315,1621.81,1559.85
2012-06-04,130.01,130.51,130.51,129.815,1616.47,1619.61
2012-06-05,130.01,131.15,131.7,129.815,1615.34,1618.35
2012-06-06,130.01,130.5,130.5,129.815,1618.89,1617.0
2012-06-07,130.01,130.15,130.4,129.66,1587.31,1620.67
2012-06-08,130.01,130.2,130.725,129.815,1592.08,1588.35
2012-06-11,131.81,130.01,132.005,130.01,1594.72,1598.52
2012-06-12,132.31,132.0,133.025,131.805,1608.35,1589.92
2012-06-13,132.0,132.65,132.7,131.3,1616.55,1609.84
2012-06-14,131.81,132.0,132.4,131.615,1621.51,1616.66
2012-06-15,131.51,132.075,132.2,131.41,1624.69,1619.95
2012-06-18,132.01,131.51,132.45,131.505,1626.72,1614.34
2012-06-19,132.51,132.15,132.95,132.005,1616.71,1626.43
2012-06-20,132.9,132.75,132.975,132.25,1604.22,1618.1
2012-06-21,132.8,132.85,133.1,132.6,1563.27,1601.83
2012-06-22,133.01,132.9,133.55,132.61,1571.8,1566.32
2012-06-25,133.5,133.01,133.6,132.125,1583.12,1566.72
2012-06-26,133.9,133.25,134.1,133.05,1570.44,1583.03
2012-06-27,133.31,134.0,134.25,132.85,1572.62,1569.69
2012-06-28,134.0,134.05,134.3,132.85,1550.3,1572.61
2012-06-29,133.26,134.0,134.15,133.065,1596.95,1550.5
2012-07-02,133.21,133.26,134.0,133.015,1595.95,1597.51
2012-07-03,133.21,133.21,133.405,133.015,1616.1,1595.91
2012-07-04,133.8,133.75,134.0,133.45,1614.54,1619.23
2012-07-05,133.85,133.75,133.925,133.475,1604.27,1614.36
2012-07-06,133.45,133.85,133.975,132.975,1583.15,1606.18
2012-07-09,133.26,133.45,133.675,133.065,1587.41,1578.18
2012-07-10,133.75,133.55,134.015,133.23,1566.9,1586.94
2012-07-11,133.51,133.75,133.975,133.315,1576.65,1569.22
2012-07-12,133.51,133.75,133.985,133.315,1571.8,1577.08
2012-07-13,134.0,133.7,134.125,133.43,1589.4,1567.08
2012-07-16,133.51,134.0,134.1,133.51,1587.91,1591.33
2012-07-17,133.51,133.51,133.95,133.315,1582.18,1589.61
2012-07-18,133.51,133.51,134.0,133.305,1573.05,1583.36
2012-07-19,132.51,133.51,133.705,132.315,1581.33,1572.92
2012-07-20,131.26,132.51,132.755,131.065,1584.1,1583.59
2012-07-23,130.85,131.65,131.65,130.6,1576.3,1580.92
2012-07-24,130.31,130.9,131.0,130.31,1581.91,1575.67
2012-07-25,131.0,130.75,131.15,130.75,1604.3,1579.57
2012-07-26,131.15,131.05,131.35,130.15,1616.26,1603.37
2012-07-27,132.0,131.2,132.1,131.15,1622.5,1613.65
2012-07-30,131.85,131.75,132.05,131.5,1621.32,1623.68
2012-07-31,131.85,131.85,132.05,131.55,1614.08,1621.17
2012-08-01,131.85,131.85,131.85,131.85,1599.69,1613.63
2012-08-02,131.85,131.75,132.025,131.69,1587.93,1601.22
2012-08-03,131.95,131.8,132.05,131.8,1603.05,1588.81
2012-08-06,131.885,131.95,132.075,131.71,1610.97,1603.12
2012-08-07,131.95,131.95,131.995,131.75,1611.45,1610.52
2012-08-08,131.635,132.0,132.045,131.635,1611.89,1611.25
2012-08-09,131.975,131.95,132.075,131.75,1616.67,1612.53
2012-08-10,131.9,132.0,132.1,131.765,1619.75,1616.48
2012-08-13,131.95,131.95,132.075,131.775,1609.82,1620.98
2012-08-14,131.95,131.95,132.075,131.825,1599.1,1609.92
2012-08-15,132.0,131.95,132.06,131.885,1602.87,1599.46
2012-08-16,132.0,131.95,132.1,131.85,1614.1,1603.26
2012-08-17,132.375,132.05,132.8,131.9,1615.55,1614.22
2012-08-20,132.25,132.3,132.4,132.1,1620.32,1616.83
2012-08-21,132.01,132.25,132.425,132.01,1637.32,1618.33
2012-08-22,132.35,131.9,132.4,131.84,1654.37,1637.26
2012-08-23,132.35,132.35,132.725,132.2,1669.67,1653.35
2012-08-24,132.25,132.35,132.4,132.175,1670.15,1668.9
2012-08-27,132.5,132.275,132.625,132.175,1663.65,1673.75
2012-08-28,132.35,132.475,132.55,132.215,1666.4,1665.3
2012-08-29,132.35,132.35,132.445,132.2,1655.73,1666.7
2012-08-30,132.375,132.4,132.47,132.2,1654.87,1656.89
2012-08-31,132.375,132.375,132.375,132.375,1691.61,1655.32
2012-09-03,132.325,132.375,132.4,132.175,1692.07,1687.75
2012-09-04,132.325,132.225,132.4,132.2,1695.66,1691.37
2012-09-05,132.325,132.3,132.4,132.2,1693.0,1694.7
2012-09-06,132.4,132.375,132.43,132.21,1701.24,1692.36
2012-09-07,132.375,132.425,132.45,132.2,1734.85,1700.28
2012-09-10,132.3,132.35,132.435,132.125,1724.84,1733.35
2012-09-11,132.325,132.225,132.34,132.1,1731.89,1726.89
2012-09-12,131.9,132.35,132.35,131.825,1730.65,1732.96
2012-09-13,131.85,131.9,132.025,131.625,1766.3,1731.73
2012-09-14,132.1,131.875,133.05,131.85,1769.5,1768.85
2012-09-17,132.15,132.075,132.2,131.9,1762.4,1774.43
2012-09-18,131.95,132.1,132.2,131.825,1771.17,1761.5
2012-09-19,131.7,131.9,131.9,131.4,1768.82,1770.5
2012-09-20,131.6,131.45,131.725,131.375,1767.63,1770.1
2012-09-21,131.35,131.575,131.575,131.3,1772.81,1767.55
2012-09-24,131.15,131.4,131.4,131.05,1764.0,1770.13
2012-09-25,131.025,130.84,131.175,130.025,1760.58,1764.5
2012-09-26,131.0,130.95,131.2,130.885,1752.44,1760.7
2012-09-27,129.6,131.0,131.2,128.125,1776.68,1752.45
2012-09-28,129.425,129.55,129.9,129.0,1771.25,1777.55
2012-10-01,129.1,129.25,129.75,128.775,1774.82,1765.4
2012-10-02,129.3,129.15,129.3,129.05,1774.25,1775.75
2012-10-03,129.375,129.35,129.5,129.2,1778.16,1773.79
2012-10-04,129.0,129.4,130.225,128.975,1789.87,1779.7
2012-10-05,128.4,129.25,129.25,127.95,1779.7,1790.6
2012-10-08,128.35,128.45,128.5,128.125,1775.32,1776.7
2012-10-09,128.325,128.4,128.675,128.15,1763.73,1775.33
2012-10-10,128.45,128.4,128.65,128.3,1761.82,1764.73
2012-10-11,128.4,128.55,128.725,128.375,1767.14,1760.95
2012-10-12,128.45,128.4,128.6,128.3,1753.5,1768.1
2012-10-15,128.45,128.45,128.625,128.325,1736.78,1743.65
2012-10-16,128.7,128.75,129.025,128.55,1747.66,1734.55
2012-10-17,128.725,128.75,128.925,128.65,1749.63,1749.26
2012-10-18,128.9,128.75,129.05,128.05,1741.23,1748.91
2012-10-19,129.025,128.9,129.13,128.825,1720.75,1742.85
2012-10-22,129.7,128.95,129.775,128.95,1728.61,1715.77
2012-10-23,129.9,129.75,130.3,129.75,1706.93,1729.05
2012-10-24,130.1,129.9,130.125,129.9,1701.55,1709.2
2012-10-25,130.0,129.95,130.3,129.925,1709.9,1704.7
2012-10-26,129.8,129.85,130.125,129.8,1710.6,1712.68
2012-10-29,129.8,129.8,129.8,129.8,1708.7,1714.37
2012-10-30,130.15,130.0,130.225,129.85,1709.86,1709.12
2012-10-31,130.25,130.1,130.3,130.1,1719.71,1710.81
2012-11-01,130.01,130.25,130.55,130.01,1715.03,1719.1
2012-11-02,130.3,130.3,130.45,130.2,1677.46,1715.97
2012-11-05,130.45,130.3,130.45,130.275,1684.74,1682.11
2012-11-06,130.7,130.35,130.9,130.35,1715.58,1685.38
2012-11-07,130.85,130.7,130.95,130.675,1717.1,1709.25
2012-11-08,130.65,130.95,131.085,130.65,1730.41,1715.81
2012-11-09,130.8,130.85,131.275,130.575,1730.75,1732.87
2012-11-12,130.5,130.75,131.125,130.3,1727.63,1733.83
2012-11-13,130.5,130.5,130.5,130.5,1724.8,1725.96
2012-11-14,130.275,130.4,130.855,130.15,1725.93,1727.23
2012-11-15,129.8,130.15,130.275,129.8,1716.5,1723.83
2012-11-16,129.95,129.9,130.05,129.855,1713.35,1715.83
2012-11-19,130.15,129.95,130.21,129.95,1730.95,1716.68
2012-11-20,130.3,130.275,130.4,130.1,1728.42,1731.01
2012-11-21,130.3,130.3,130.35,130.15,1728.27,1726.48
2012-11-22,130.35,130.325,130.425,130.15,1729.79,1729.24
2012-11-23,130.2,130.275,130.325,129.975,1750.76,1729.96
2012-11-26,130.15,130.175,130.285,130.05,1748.17,1749.97
2012-11-27,130.15,130.15,130.15,130.15,1741.37,1750.35
2012-11-28,130.15,130.15,130.275,130.075,1719.54,1742.52
2012-11-29,130.35,130.15,130.35,130.1,1725.4,1721.12
2012-11-30,130.15,130.35,130.385,130.0,1714.4,1724.27
2012-12-03,129.45,129.9,130.075,129.2,1715.14,1716.72
2012-12-04,128.3,129.425,129.425,128.15,1696.61,1715.54
2012-12-05,128.65,128.35,128.7,128.25,1693.7,1696.38
2012-12-06,128.75,129.0,129.0,128.45,1699.7,1693.82
2012-12-07,128.55,128.75,128.9,128.3,1703.65,1701.33
2012-12-10,128.825,128.35,128.925,128.35,1712.4,1704.66
2012-12-11,128.85,128.775,128.91,128.675,1709.46,1710.93
2012-12-12,128.725,128.85,129.275,128.675,1711.3,1708.98
2012-12-13,128.5,128.775,128.825,128.25,1696.9,1707.04
2012-12-14,128.55,128.4,128.7,128.1,1695.7,1694.32
2012-12-17,128.65,128.55,128.8,128.45,1697.65,1694.36
2012-12-18,128.75,128.65,128.84,128.55,1670.4,1696.05
2012-12-19,128.4,128.75,128.775,128.3,1665.24,1675.44
2012-12-20,127.75,128.4,128.525,127.15,1647.75,1668.17
2012-12-21,127.0,127.65,127.65,125.45,1656.75,1647.97
2012-12-24,126.95,127.05,127.125,126.5,1657.98,1656.02
2012-12-26,127.0,127.1,127.45,126.85,1659.29,1654.48
2012-12-27,127.0,127.0,127.0,127.0,1663.06,1655.98
2012-12-28,127.0,127.0,127.55,126.9,1655.07,1662.53
2012-12-31,127.7,127.2,127.95,127.15,1676.4,1657.99
2013-01-02,127.35,127.4,127.5,127.19,1685.48,1670.6
2013-01-03,127.5,127.4,127.725,127.3,1663.52,1688.77
2013-01-04,127.4,127.4,127.525,127.275,1655.7,1655.83
2013-01-07,127.4,127.4,127.49,127.24,1647.0,1657.1
2013-01-08,127.15,127.3,128.1,127.05,1659.46,1650.3
2013-01-09,126.3,127.6,128.05,125.875,1657.87,1659.28
2013-01-10,126.1,126.15,126.2,125.75,1674.51,1654.93
2013-01-11,126.25,126.05,126.25,125.125,1662.4,1673.66
2013-01-14,126.25,126.25,126.25,126.25,1667.37,1661.47
2013-01-15,126.5,126.2,126.525,126.2,1679.68,1667.9
2013-01-16,126.6,126.5,126.775,126.4,1680.0,1682.81
2013-01-17,126.75,126.55,126.95,126.55,1686.84,1679.06
2013-01-18,126.55,126.65,126.75,126.375,1683.3,1686.7
2013-01-21,126.675,126.65,126.725,126.475,1689.68,1687.07
2013-01-22,126.7,126.65,126.85,126.5,1692.19,1689.64
2013-01-23,127.05,126.8,127.175,126.8,1685.35,1693.6
2013-01-24,127.15,127.05,127.175,127.0,1666.86,1681.99
2013-01-25,127.15,127.15,127.15,127.15,1658.3,1665.43
2013-01-28,127.15,127.15,127.215,127.0,1654.58,1658.47
2013-01-29,126.6,127.15,127.15,126.525,1663.37,1656.88
2013-01-30,126.45,126.65,126.65,126.325,1676.49,1663.79
2013-01-31,126.35,126.55,126.65,126.2,1663.38,1677.28
2013-02-01,126.3,126.3,126.675,126.075,1667.05,1662.05
2013-02-04,126.3,126.3,126.3,126.3,1674.07,1665.42
2013-02-05,126.45,126.325,126.6,126.3,1672.61,1673.12
2013-02-06,126.4,126.3,126.425,126.24,1677.03,1674.25
2013-02-07,126.1,126.225,126.95,125.9,1670.61,1677.76
2013-02-08,126.3,126.225,126.385,126.075,1666.8,1668.84
2013-02-11,126.4,126.3,126.455,126.225,1647.93,1667.43
2013-02-12,126.3,126.35,126.4,126.15,1651.16,1645.61
2013-02-13,126.475,126.2,126.575,126.145,1642.47,1650.99
2013-02-14,126.65,126.375,126.725,126.25,1633.92,1643.43
2013-02-15,126.7,126.575,126.775,126.5,1609.7,1635.21
2013-02-18,126.8,126.675,126.94,126.575,1609.58,1615.12
2013-02-19,127.4,126.725,127.625,126.725,1604.23,1612.56
2013-02-20,127.35,127.35,127.75,127.1,1564.71,1605.69
2013-02-21,127.1,127.5,127.725,126.475,1576.11,1570.74
2013-02-22,127.4,127.0,127.525,127.0,1581.15,1577.64
2013-02-25,127.4,127.4,127.4,127.4,1592.96,1576.71
2013-02-26,127.5,127.425,127.565,127.35,1614.17,1595.69
2013-02-27,127.5,127.5,127.575,126.45,1595.82,1612.88
2013-02-28,127.55,127.5,127.575,127.35,1579.16,1596.11
2013-03-01,127.43,127.5,127.735,127.3,1575.65,1579.12
2013-03-04,127.35,127.4,127.565,127.35,1574.05,1580.21
2013-03-05,127.5,127.475,127.55,127.36,1574.38,1575.27
2013-03-06,127.25,127.5,127.5,127.225,1584.13,1576.75
2013-03-07,127.25,127.3,127.4,127.15,1578.09,1581.48
2013-03-08,126.55,127.175,128.05,126.45,1578.24,1578.7
2013-03-11,126.5,126.55,127.725,126.425,1581.39,1576.5
2013-03-12,126.25,126.5,127.05,125.9,1592.49,1581.07
2013-03-13,126.45,126.2,126.5,126.1,1587.34,1592.55
2013-03-14,126.25,126.45,126.55,126.15,1589.88,1588.22
2013-03-15,126.15,126.3,126.3,125.9,1591.76,1589.49
2013-03-18,126.3,126.15,127.05,126.05,1605.09,1600.74
2013-03-19,126.675,126.35,126.685,126.225,1612.28,1604.88
2013-03-20,126.7,126.575,126.75,126.55,1606.35,1611.96
2013-03-21,127.025,126.7,127.1,126.675,1614.2,1604.35
2013-03-22,126.85,127.0,127.1,126.8,1608.21,1614.53
2013-03-25,126.75,126.8,126.95,126.65,1604.61,1605.36
2013-03-26,126.75,126.75,126.75,126.75,1599.65,1603.95
2013-03-27,126.875,126.7,126.975,126.675,1604.79,1599.88
2013-03-28,126.75,126.85,126.9,126.75,1596.65,1604.69
2013-04-01,126.4,126.825,126.85,126.175,1598.75,1595.77
2013-04-02,126.45,126.4,126.45,126.25,1575.78,1599.97
2013-04-03,126.225,126.4,126.4,126.195,1557.53,1575.85
2013-04-04,125.8,126.3,126.3,125.8,1553.05,1558.52
2013-04-05,125.6,125.7,126.225,125.475,1580.75,1553.24
2013-04-08,125.6,125.4,126.15,125.275,1572.6,1580.68
2013-04-09,125.525,125.55,125.6,125.425,1584.99,1572.64
2013-04-10,125.35,125.45,125.595,125.325,1558.98,1584.26
2013-04-11,125.375,125.35,125.475,125.25,1560.28,1556.4
2013-04-12,125.4,125.4,125.45,125.25,1482.8,1561.99
2013-04-15,125.4,125.4,125.4,125.4,1351.91,1484.87
2013-04-16,125.4,125.4,125.475,125.25,1368.64,1351.7
2013-04-17,125.55,125.425,125.575,125.375,1377.17,1372.26
2013-04-18,125.7,125.6,125.75,125.49,1390.93,1378.06
2013-04-19,125.96,125.7,126.01,125.6,1403.1,1392.11
2013-04-22,126.65,125.85,126.65,125.85,1425.93,1406.44
2013-04-23,126.85,126.7,126.89,126.525,1413.0,1425.65
2013-04-24,126.725,126.9,126.9,126.675,1431.28,1413.38
2013-04-25,126.725,126.725,126.725,126.725,1467.39,1429.3
2013-04-26,127.3,126.875,127.825,126.7,1461.3,1465.98
2013-04-29,126.75,126.75,126.9,126.7,1475.93,1462.07
2013-04-30,126.75,126.8,126.845,126.585,1476.23,1471.89
2013-05-01,126.75,126.75,126.75,126.75,1457.75,1475.64
2013-05-02,126.15,126.7,126.775,126.15,1466.96,1458.52
2013-05-03,126.25,126.15,126.5,126.125,1470.16,1466.15
2013-05-06,126.415,126.35,126.575,126.25,1469.6,1469.72
2013-05-07,126.415,126.425,126.475,126.285,1452.47,1470.18
2013-05-08,126.1,126.35,126.4,126.05,1473.8,1449.41
2013-05-09,125.9,126.1,126.9,125.9,1457.81,1472.85
2013-05-10,126.2,125.9,126.225,125.9,1443.85,1456.75
2013-05-13,126.25,126.2,126.3,126.025,1430.38,1440.15
2013-05-14,126.5,126.3,126.55,126.225,1425.25,1432.98
2013-05-15,126.025,126.475,126.475,125.9,1392.8,1428.18
2013-05-16,125.7,126.0,126.0,125.625,1385.8,1392.69
2013-05-17,126.3,125.9,126.375,125.5,1355.58,1386.05
2013-05-20,126.325,126.25,126.325,126.175,1393.6,1347.45
2013-05-21,126.4,126.3,126.475,126.25,1376.13,1388.22
2013-05-22,126.4,126.4,126.4,126.125,1369.93,1374.81
2013-05-23,126.35,126.3,126.39,126.225,1390.8,1366.75
2013-05-24,126.35,126.35,126.35,126.35,1383.61,1389.97
2013-05-27,126.35,126.325,126.475,126.275,1394.5,1386.7
2013-05-28,126.4,126.4,126.55,126.375,1381.0,1393.65
2013-05-29,126.5,126.5,126.55,126.375,1392.5,1380.62
2013-05-30,126.5,126.45,126.535,126.425,1413.31,1391.48
2013-05-31,126.525,126.475,126.55,126.45,1385.08,1415.57
2013-06-03,126.5,126.5,126.625,126.4,1411.25,1392.04
2013-06-04,126.5,126.45,126.575,126.45,1399.5,1413.3
2013-06-05,126.5,126.5,126.535,126.42,1403.25,1399.4
2013-06-06,126.425,126.5,126.55,126.415,1413.64,1402.2
2013-06-07,126.35,126.375,126.475,126.35,1382.45,1411.28
2013-06-10,126.775,126.45,126.825,126.425,1386.35,1385.58
2013-06-11,127.7,126.85,127.775,126.85,1378.15,1385.5
2013-06-12,127.4,127.75,127.75,127.3,1388.75,1377.67
2013-06-13,127.85,127.5,127.925,127.35,1385.9,1388.25
2013-06-14,128.55,127.9,128.75,127.85,1390.32,1385.89
2013-06-17,128.6,128.75,128.85,128.5,1385.15,1389.46
2013-06-18,128.55,128.65,128.765,128.5,1367.6,1384.63
2013-06-19,127.85,128.5,128.85,127.55,1351.25,1368.45
2013-06-20,128.45,128.01,128.725,127.95,1284.75,1345.92
2013-06-21,128.85,128.55,129.15,128.45,1294.01,1283.43
2013-06-24,128.9,128.95,129.75,128.55,1282.37,1300.65
2013-06-25,128.9,128.7,129.025,128.7,1277.4,1284.2
2013-06-26,129.6,128.95,129.825,128.55,1226.48,1275.6
2013-06-27,130.6,129.7,130.95,129.65,1200.05,1229.29
2013-06-28,130.6,130.65,130.65,129.85,1232.63,1202.74
2013-07-01,130.7,130.55,130.8,130.4,1252.38,1243.09
2013-07-02,130.7,130.55,130.775,130.5,1243.3,1251.15
2013-07-03,130.625,130.675,130.725,130.54,1252.83,1243.08
2013-07-04,130.6,130.625,130.7,130.525,1249.54,1256.2
2013-07-05,130.65,130.6,130.725,130.525,1222.95,1250.03
2013-07-08,131.15,130.675,131.275,130.35,1236.68,1222.87
2013-07-09,130.85,130.75,130.925,130.55,1251.05,1235.42
2013-07-10,130.8,130.8,130.9,130.6,1259.37,1247.6
2013-07-11,130.85,130.775,131.0,130.625,1285.67,1283.73
2013-07-12,130.85,130.87,131.095,130.675,1284.14,1285.32
2013-07-15,131.025,130.85,131.12,130.8,1284.42,1291.09
2013-07-16,131.4,131.025,131.5,130.05,1291.78,1284.59
2013-07-17,131.6,131.25,131.6,131.15,1275.58,1290.95
2013-07-18,131.7,131.4,131.9,131.35,1283.9,1276.43
2013-07-19,131.7,131.55,131.75,131.425,1294.59,1284.72
2013-07-22,131.7,131.7,131.7,131.7,1335.53,1311.69
2013-07-23,131.7,131.6,131.725,131.45,1345.13,1335.19
2013-07-24,131.65,131.575,131.65,131.5,1322.1,1343.33
2013-07-25,131.65,131.51,131.725,131.5,1333.45,1318.2
2013-07-26,131.625,131.625,131.675,131.525,1332.81,1333.65
2013-07-29,131.6,131.625,131.675,131.5,1327.95,1332.32
2013-07-30,131.65,131.55,131.675,131.55,1326.25,1325.6
2013-07-31,131.75,131.575,131.8,131.55,1324.83,1326.8
2013-08-01,131.65,131.575,131.775,131.5,1310.33,1325.93
2013-08-02,131.65,131.75,131.775,131.55,1307.67,1305.3
2013-08-05,131.65,131.7,131.7,131.525,1302.67,1312.13
2013-08-06,131.6,131.65,131.725,131.525,1283.05,1302.65
2013-08-07,131.7,131.575,131.7,131.55,1287.24,1282.85
2013-08-08,131.7,131.55,131.725,131.55,1313.11,1284.22
2013-08-09,131.7,131.7,131.7,131.7,1312.92,1312.96
2013-08-12,131.7,131.65,131.725,131.55,1337.53,1329.76
2013-08-13,131.65,131.575,131.75,131.55,1321.35,1334.77
2013-08-14,131.55,131.6,131.675,131.45,1335.89,1321.65
2013-08-15,131.4,131.55,131.675,131.4,1365.67,1339.71
2013-08-16,131.75,131.525,131.8,131.35,1372.75,1363.78
2013-08-19,131.925,131.7,131.975,131.575,1365.85,1377.33
2013-08-20,131.925,131.925,131.925,131.925,1371.06,1365.57
2013-08-21,131.9,131.9,132.25,131.75,1366.5,1368.14
2013-08-22,131.91,132.05,132.45,131.81,1375.52,1356.78
2013-08-23,132.51,131.85,132.575,131.825,1396.26,1376.24
2013-08-26,132.71,132.7,133.325,132.25,1404.13,1401.76
2013-08-27,132.91,132.85,133.15,132.05,1415.0,1401.04
2013-08-28,133.2,133.15,134.2,132.8,1417.01,1416.36
2013-08-29,133.2,133.5,133.6,133.05,1407.54,1417.52
2013-08-30,132.9,133.25,133.25,132.8,1393.98,1405.78
2013-09-02,133.05,132.9,133.075,132.9,1392.1,1381.53
2013-09-03,133.05,132.95,133.075,132.9,1412.16,1393.04
2013-09-04,133.0,133.0,133.175,132.95,1391.34,1411.37
2013-09-05,133.05,133.0,133.1,132.95,1367.37,1392.73
2013-09-06,132.91,133.05,133.1,132.91,1389.16,1367.87
2013-09-09,132.91,133.025,133.15,132.91,1386.82,1388.01
2013-09-10,132.85,133.025,133.025,132.85,1363.5,1386.36
2013-09-11,132.35,132.9,132.95,132.15,1364.99,1365.24
2013-09-12,132.325,132.35,132.45,132.1,1321.51,1364.04
2013-09-13,132.25,132.3,132.425,131.85,1323.42,1325.03
2013-09-16,132.25,132.25,132.375,132.125,1312.16,1326.71
2013-09-17,132.25,132.3,132.425,132.175,1310.48,1312.64
2013-09-18,132.3,132.35,132.4,132.2,1362.71,1306.48
2013-09-19,132.3,132.3,132.3,132.3,1365.89,1361.37
2013-09-20,132.2,132.275,132.275,132.025,1326.2,1367.34
2013-09-23,132.1,132.15,132.225,132.05,1322.49,1329.39
2013-09-24,132.175,132.075,132.725,132.025,1322.78,1323.17
2013-09-25,132.05,132.05,132.225,131.9,1333.85,1325.26
2013-09-26,132.0,132.0,132.05,131.9,1323.78,1332.27
2013-09-27,132.025,132.05,132.1,131.935,1336.05,1323.44
2013-09-30,132.0,132.0,132.125,131.925,1328.82,1342.85
2013-10-01,131.475,132.025,132.075,131.375,1287.25,1328.81
2013-10-02,131.45,131.475,131.575,131.05,1315.84,1289.46
2013-10-03,131.45,131.35,131.575,131.15,1316.47,1315.68
2013-10-04,131.3,131.425,131.45,131.1,1310.56,1316.65
2013-10-07,131.15,131.2,131.2,131.025,1323.03,1314.72
2013-10-08,131.2,131.175,131.25,131.05,1319.13,1321.68
2013-10-09,131.125,131.2,131.25,131.075,1305.47,1320.44
2013-10-10,131.15,131.15,132.025,131.025,1287.39,1305.36
2013-10-11,131.075,131.15,131.15,130.9,1270.16,1286.83
2013-10-14,130.9,131.075,131.125,130.825,1272.22,1273.05
2013-10-15,131.15,130.9,131.15,130.5,1281.6,1272.05
2013-10-16,131.15,131.15,131.15,131.15,1282.29,1277.41
2013-10-17,131.0,131.1,131.225,130.925,1320.32,1281.24
2013-10-18,131.0,131.0,131.0,131.0,1314.59,1317.68
2013-10-21,130.9,131.0,131.11,130.85,1315.61,1318.1
2013-10-22,130.825,130.875,130.975,130.775,1339.98,1314.76
2013-10-23,130.75,130.825,130.85,130.67,1333.21,1341.02
2013-10-24,130.55,130.675,130.7,130.5,1346.6,1332.51
2013-10-25,130.65,130.55,130.65,130.375,1351.47,1346.11
2013-10-28,131.0,130.65,131.45,130.65,1352.06,1349.02
2013-10-29,130.95,130.95,131.15,130.1,1343.45,1352.79
2013-10-30,131.05,131.15,131.175,130.95,1342.26,1342.71
2013-10-31,130.9,131.075,131.1,130.725,1323.25,1340.79
2013-11-01,131.025,130.9,131.075,130.775,1315.81,1325.06
2013-11-04,131.15,130.975,131.15,130.9,1314.44,1313.92
2013-11-05,131.15,131.1,131.15,131.0,1311.48,1315.25
2013-11-06,131.125,131.125,131.15,130.975,1317.58,1311.18
2013-11-07,131.1,131.125,131.175,130.075,1307.48,1317.7
2013-11-08,131.125,131.175,131.175,131.0,1287.77,1308.67
2013-11-11,131.1,131.125,131.15,131.0,1282.63,1285.98
2013-11-12,131.1,131.1,131.15,131.05,1267.98,1281.45
2013-11-13,131.1,131.1,131.15,131.05,1281.42,1266.85
2013-11-14,131.15,131.15,131.175,131.05,1287.08,1285.81
2013-11-15,131.15,131.175,131.175,131.05,1288.06,1285.94
2013-11-18,131.15,131.15,131.6,131.05,1275.28,1287.75
2013-11-19,131.1,131.075,131.175,131.05,1275.5,1274.39
2013-11-20,131.1,131.175,131.175,131.04,1244.09,1274.85
2013-11-21,131.1,131.05,131.225,131.05,1242.8,1246.81
2013-11-22,131.15,131.2,131.2,131.1,1243.17,1243.1
2013-11-25,131.15,131.165,131.175,131.05,1251.34,1241.16
2013-11-26,131.2,131.225,131.225,131.115,1242.64,1252.06
2013-11-27,131.275,131.325,131.35,131.125,1237.57,1244.47
2013-11-28,131.2,131.225,131.25,131.15,1244.81,1238.23
2013-11-29,131.25,131.2,131.265,131.15,1253.78,1243.34
2013-12-02,131.05,131.225,131.25,131.0,1219.73,1247.97
2013-12-03,130.85,131.05,131.475,130.8,1223.1,1222.63
2013-12-04,130.83,130.825,130.9,130.775,1243.58,1223.38
2013-12-05,130.87,130.85,130.885,130.8,1224.91,1238.22
2013-12-06,130.85,130.8,130.875,130.765,1228.67,1226.72
2013-12-09,130.8,130.8,130.85,130.725,1240.28,1228.15
2013-12-10,130.8,130.8,130.875,130.7,1261.9,1238.44
2013-12-11,130.8,130.825,130.85,130.75,1251.98,1259.66
2013-12-12,130.9,130.825,130.91,130.75,1225.39,1255.24
2013-12-13,130.81,130.875,130.975,130.775,1237.5,1226.97
2013-12-16,130.81,130.81,130.81,130.81,1241.05,1235.72
2013-12-17,130.825,130.85,130.875,130.75,1230.77,1242.52
2013-12-18,130.8,130.825,130.895,130.725,1218.23,1233.7
2013-12-19,130.75,130.8,130.825,130.7,1187.76,1224.77
2013-12-20,130.7,130.75,130.8,130.7,1202.09,1193.18
2013-12-23,130.75,130.775,130.8,130.65,1195.75,1203.62
2013-12-24,130.8,130.725,130.8,130.69,1203.78,1198.97
2013-12-26,130.725,130.8,130.8,130.65,1210.54,1201.85
2013-12-27,130.75,130.7,130.825,130.675,1214.05,1210.1
2013-12-30,130.825,130.8,130.9,130.75,1196.55,1213.2
2013-12-31,130.8,130.75,130.9,130.75,1204.12,1197.47
2014-01-02,130.725,130.725,130.775,130.675,1222.44,1205.1
2014-01-03,130.7,130.8,130.8,130.625,1237.11,1225.55
2014-01-06,130.75,130.775,130.8,130.65,1237.5,1233.99
2014-01-07,130.7,130.675,130.875,130.6,1231.63,1238.16
2014-01-08,130.85,130.8,130.875,130.75,1225.48,1229.01
2014-01-09,130.7,130.8,130.85,130.7,1227.52,1225.44
2014-01-10,130.7,130.65,130.75,130.625,1247.0,1227.78
2014-01-13,130.7,130.725,130.8,130.65,1252.78,1248.35
2014-01-14,130.7,130.7,130.7,130.7,1244.77,1253.32
2014-01-15,130.7,130.7,130.7,130.7,1241.73,1243.9
2014-01-16,130.675,130.675,130.8,130.65,1241.77,1240.78
2014-01-17,130.7,130.655,130.775,130.625,1253.87,1243.15
2014-01-20,130.74,130.7,130.775,130.65,1252.25,1257.6
2014-01-21,130.8,130.75,130.8,130.7,1241.23,1253.54
2014-01-22,130.8,130.8,130.9,130.75,1236.98,1243.06
2014-01-23,130.725,130.8,130.86,130.7,1263.23,1233.12
2014-01-24,130.65,130.775,130.775,130.625,1268.39,1261.6
2014-01-27,130.725,130.7,130.8,130.65,1256.94,1274.61
2014-01-28,130.825,130.8,130.875,130.75,1256.25,1257.23
2014-01-29,130.73,130.845,130.9,130.69,1267.05,1252.84
2014-01-30,130.675,130.775,130.825,130.65,1243.05,1266.81
2014-01-31,130.75,130.7,130.8,130.685,1244.75,1243.99
2014-02-03,130.635,130.775,130.8,130.635,1257.6,1243.9
2014-02-04,130.635,130.635,130.635,130.635,1254.27,1257.5
2014-02-05,130.66,130.65,130.715,130.615,1257.46,1253.24
2014-02-06,130.65,130.64,130.7,130.615,1257.57,1258.05
2014-02-07,130.75,130.65,130.795,130.625,1266.94,1256.66
2014-02-10,130.75,130.7,130.8,130.625,1274.45,1265.72
2014-02-11,130.825,130.75,130.875,130.725,1290.75,1275.01
2014-02-12,130.825,130.85,130.87,130.75,1290.52,1285.39
2014-02-13,130.825,130.825,131.38,130.8,1302.12,1292.65
2014-02-14,130.825,130.825,130.825,130.825,1318.57,1301.85
2014-02-17,130.825,130.85,130.875,130.785,1328.28,1322.41
2014-02-18,130.85,130.85,130.9,130.75,1321.48,1327.53
2014-02-19,130.87,130.85,130.9,130.8,1311.44,1320.53
2014-02-20,130.925,130.875,131.015,130.85,1322.78,1313.19
2014-02-21,130.95,131.025,131.025,130.925,1323.58,1319.55
2014-02-24,131.05,130.95,131.1,130.94,1336.67,1324.6
2014-02-25,131.075,131.1,131.15,131.0,1340.52,1335.79
2014-02-26,131.05,131.1,131.125,130.975,1330.35,1340.19
2014-02-27,131.05,131.05,131.05,131.05,1331.26,1330.68
2014-02-28,130.725,131.1,131.14,130.725,1323.58,1330.97
2014-03-03,130.625,130.6,130.775,130.575,1350.46,1341.9
2014-03-04,130.65,130.63,130.675,130.55,1334.28,1348.96
2014-03-05,130.595,130.625,130.675,130.575,1336.77,1334.74
2014-03-06,130.555,130.595,130.7,130.525,1350.53,1337.15
2014-03-07,130.575,130.55,130.64,130.475,1338.98,1347.7
2014-03-10,130.545,130.55,130.625,130.535,1339.83,1336.41
2014-03-11,130.575,130.53,130.575,130.46,1348.47,1339.33
2014-03-12,130.6,130.575,130.6,130.45,1366.6,1346.69
2014-03-13,130.7,130.62,130.7,130.55,1370.86,1365.98
2014-03-14,130.605,130.7,130.75,130.575,1381.2,1375.19
2014-03-17,130.6,130.65,130.65,130.55,1365.67,1388.08
2014-03-18,130.59,130.63,130.65,130.53,1356.77,1366.98
2014-03-19,130.6,130.6,130.63,130.55,1330.08,1357.24
2014-03-20,130.6,130.62,130.7,130.575,1329.68,1328.51
2014-03-21,130.625,130.65,130.7,130.575,1332.92,1330.75
2014-03-24,130.65,130.65,130.7,130.575,1308.85,1331.76
2014-03-25,130.65,130.65,130.75,130.625,1311.06,1311.99
2014-03-26,130.7,130.72,130.75,130.635,1304.92,1311.6
2014-03-27,130.7,130.7,130.75,130.65,1291.47,1305.65
2014-03-28,130.7,130.73,130.75,130.685,1292.76,1293.77
2014-03-31,130.7,130.675,130.77,130.675,1283.9,1295.05
2014-04-01,130.7,130.75,130.75,130.65,1278.89,1284.48
2014-04-02,130.715,130.715,130.75,130.675,1289.81,1281.18
2014-04-03,130.65,130.75,130.75,130.645,1286.5,1290.95
2014-04-04,130.6,130.65,130.75,130.5,1303.18,1286.65
2014-04-07,130.73,130.65,130.75,130.64,1297.06,1301.95
2014-04-08,130.595,130.65,130.73,130.56,1308.52,1298.68
2014-04-09,130.6,130.61,130.625,130.54,1311.51,1309.86
2014-04-10,130.605,130.6,130.65,130.55,1318.83,1311.32
2014-04-11,130.6,130.61,130.675,130.54,1317.7,1318.24
2014-04-14,130.6,130.6,130.6,130.6,1327.66,1326.97
2014-04-15,130.6,130.6,130.6,130.6,1302.08,1326.8
2014-04-16,130.575,130.6,130.64,130.565,1302.27,1302.75
2014-04-17,130.61,130.6,130.65,130.55,1295.11,1302.71
2014-04-21,130.62,130.65,130.675,130.585,1289.46,1292.04
2014-04-22,130.6,130.585,130.65,130.55,1283.5,1289.42
2014-04-23,130.625,130.65,130.675,130.56,1283.53,1283.52
2014-04-24,130.615,130.65,130.665,130.585,1293.02,1284.93
2014-04-25,130.615,130.64,130.66,130.575,1302.15,1291.89
2014-04-28,130.63,130.61,130.65,130.575,1296.31,1303.83
2014-04-29,130.61,130.605,130.63,130.56,1295.77,1296.04
2014-04-30,130.64,130.625,130.675,130.55,1291.26,1296.2
2014-05-01,130.64,130.64,130.64,130.64,1284.0,1292.33
2014-05-02,130.625,130.6,130.655,130.585,1298.24,1284.37
2014-05-05,130.61,130.625,130.64,130.64,1309.96,1300.27
2014-05-06,130.595,130.63,130.645,130.585,1307.9,1310.49
2014-05-07,130.615,130.6,130.64,130.575,1289.82,1308.27
2014-05-08,130.505,130.6,130.625,130.475,1289.34,1289.89
2014-05-09,130.4,130.5,130.55,130.35,1288.59,1291.03
2014-05-12,130.35,130.42,130.45,130.325,1295.69,1282.94
2014-05-13,130.325,130.38,130.425,130.3,1293.53,1295.82
2014-05-14,130.325,130.325,130.325,130.325,1305.75,1294.2
2014-05-15,130.325,130.325,130.325,130.325,1296.08,1304.88
2014-05-16,130.35,130.34,130.4,130.325,1292.97,1296.45
2014-05-19,130.35,130.34,130.41,130.325,1292.73,1291.11
2014-05-20,130.375,130.35,130.44,130.34,1293.97,1293.53
2014-05-21,130.365,130.375,130.44,130.325,1291.74,1294.35
2014-05-22,130.375,130.35,130.415,130.325,1294.0,1292.37
2014-05-23,130.4,130.4,130.495,130.335,1292.62,1293.94
2014-05-26,130.4,130.4,130.45,130.36,1292.65,1291.58
2014-05-27,130.4,130.38,130.45,130.375,1264.79,1291.6
2014-05-28,130.4,130.42,130.49,130.375,1258.06,1263.68
2014-05-29,130.4,130.465,130.52,130.4,1255.4,1257.78
2014-05-30,130.4,130.41,130.475,130.34,1250.55,1255.8
2014-06-02,130.35,130.35,130.425,130.325,1243.57,1248.06
2014-06-03,130.365,130.325,130.405,130.315,1244.85,1244.51
2014-06-04,130.335,130.4,130.4,130.285,1243.84,1245.02
2014-06-05,130.33,130.3,130.35,130.245,1253.53,1244.0
2014-06-06,130.275,130.3,130.315,130.225,1252.61,1253.38
2014-06-09,130.275,130.245,130.315,130.235,1252.16,1253.06
2014-06-10,130.265,130.26,130.305,130.23,1259.51,1251.8
2014-06-11,130.26,130.3,130.315,130.23,1260.74,1259.78
2014-06-12,130.26,130.26,130.26,130.26,1273.16,1260.97
2014-06-13,130.24,130.3,130.305,130.225,1276.62,1272.65
2014-06-16,130.24,130.24,130.3,130.205,1271.82,1278.19
2014-06-17,130.24,130.21,130.275,130.21,1270.38,1271.99
2014-06-18,130.275,130.25,130.3,130.205,1277.61,1270.78
2014-06-19,130.335,130.23,130.35,130.225,1320.0,1277.76
2014-06-20,130.29,130.305,130.34,130.26,1313.97,1318.69
2014-06-23,130.295,130.275,130.315,130.25,1317.18,1313.21
2014-06-24,130.29,130.3,130.35,130.27,1318.19,1314.63
2014-06-25,130.325,130.33,130.36,130.285,1319.15,1317.45
2014-06-26,130.32,130.37,130.385,130.275,1316.35,1317.57
2014-06-27,130.34,130.335,130.365,130.285,1315.78,1315.9
2014-06-30,130.325,130.34,130.37,130.305,1327.06,1315.45
2014-07-01,130.295,130.33,130.36,130.265,1326.33,1325.98
2014-07-02,130.3,130.265,130.35,130.23,1326.7,1325.33
2014-07-03,130.265,130.265,130.34,130.225,1319.45,1326.49
2014-07-04,130.26,130.26,130.31,130.23,1320.16,1319.77
2014-07-07,130.28,130.25,130.315,130.235,1319.62,1318.18
2014-07-08,130.275,130.26,130.29,130.225,1318.92,1318.4
2014-07-09,130.215,130.275,130.31,130.215,1327.7,1318.57
2014-07-10,130.225,130.215,130.275,130.19,1335.61,1326.99
2014-07-11,130.2,130.225,130.275,130.18,1337.48,1335.92
2014-07-14,130.22,130.205,130.26,130.17,1306.92,1338.57
2014-07-15,130.195,130.2,130.225,130.145,1293.97,1308.14
2014-07-16,130.2,130.215,130.245,130.14,1299.03,1294.54
2014-07-17,130.175,130.215,130.265,130.15,1319.1,1298.66
2014-07-18,130.255,130.275,130.275,130.21,1310.42,1321.41
2014-07-21,130.275,130.285,130.34,130.15,1312.41,1311.77
2014-07-22,130.28,130.3,130.315,130.225,1306.28,1311.32
2014-07-23,130.255,130.3,130.315,130.215,1304.54,1307.38
2014-07-24,130.25,130.3,130.3,130.215,1293.42,1304.03
2014-07-25,130.225,130.225,130.3,130.185,1307.01,1292.02
2014-07-28,130.215,130.25,130.285,130.17,1303.83,1306.79
2014-07-29,130.215,130.215,130.215,130.215,1299.11,1304.34
2014-07-30,130.225,130.21,130.235,130.175,1296.02,1299.52
2014-07-31,130.225,130.215,130.23,130.185,1282.59,1296.1
2014-08-01,130.225,130.205,130.275,130.185,1292.72,1282.75
2014-08-04,130.225,130.215,130.24,130.19,1288.11,1293.41
2014-08-05,130.215,130.215,130.255,130.185,1288.55,1288.39
2014-08-06,130.215,130.205,130.225,130.175,1305.65,1288.16
2014-08-07,130.195,130.205,130.225,130.16,1312.27,1306.36
2014-08-08,130.2,130.21,130.225,130.15,1311.48,1311.22
2014-08-11,130.2,130.215,130.215,130.13,1308.36,1310.9
2014-08-12,130.2,130.175,130.26,130.14,1309.3,1307.87
2014-08-13,130.235,130.235,130.275,130.175,1312.55,1308.86
2014-08-14,130.175,130.23,130.25,130.135,1313.46,1312.25
2014-08-15,130.175,130.205,130.215,130.135,1304.03,1312.61
2014-08-18,130.155,130.2,130.205,130.125,1298.15,1302.45
2014-08-19,130.175,130.175,130.185,130.12,1295.47,1298.31
2014-08-20,130.175,130.18,130.23,130.14,1291.63,1295.67
2014-08-21,130.19,130.185,130.24,130.15,1276.64,1290.32
2014-08-22,130.17,130.2,130.225,130.15,1280.37,1276.75
2014-08-25,130.185,130.185,130.225,130.15,1276.52,1279.15
2014-08-26,130.215,130.185,130.215,130.17,1280.95,1275.93
2014-08-27,130.2,130.215,130.225,130.15,1282.52,1280.58
2014-08-28,130.205,130.215,130.225,130.175,1289.55,1283.8
2014-08-29,130.23,130.205,130.24,130.165,1287.12,1289.4
2014-09-01,130.205,130.225,130.235,130.175,1286.72,1286.41
2014-09-02,130.215,130.205,130.23,130.18,1265.3,1286.6
2014-09-03,130.22,130.205,130.23,130.175,1268.95,1265.81
2014-09-04,130.205,130.21,130.24,130.175,1261.71,1269.06
2014-09-05,130.205,130.2,130.255,130.175,1268.49,1258.54
2014-09-08,130.22,130.22,130.22,130.22,1255.31,1267.81
2014-09-09,130.22,130.21,130.26,130.175,1255.11,1256.6
2014-09-10,130.23,130.225,130.265,130.185,1249.45,1255.05
2014-09-11,130.275,130.3,130.33,130.225,1240.89,1249.21
2014-09-12,130.265,130.315,130.33,130.24,1230.42,1241.36
2014-09-15,130.26,130.3,130.315,130.245,1233.16,1227.94
2014-09-16,130.28,130.295,130.325,130.245,1235.53,1232.79
2014-09-17,130.295,130.305,130.315,130.265,1223.16,1234.5
2014-09-18,130.305,130.32,130.33,130.265,1224.99,1218.49
2014-09-19,130.31,130.305,130.32,130.265,1217.64,1225.6
2014-09-22,130.29,130.31,130.325,130.25,1214.93,1216.02
2014-09-23,130.345,130.295,130.345,130.25,1223.1,1214.43
2014-09-24,130.3,130.345,130.375,130.265,1217.0,1222.86
2014-09-25,130.32,130.31,130.375,130.275,1221.31,1216.49
2014-09-26,130.32,130.365,130.42,130.29,1217.46,1222.78
2014-09-29,130.425,130.405,130.535,130.375,1215.75,1216.96
2014-09-30,130.355,130.5,130.75,130.355,1208.09,1215.66
2014-10-01,130.405,130.6,130.875,130.39,1213.54,1207.42
2014-10-02,130.4,130.75,130.825,130.375,1214.33,1213.4
2014-10-03,130.355,130.375,130.45,130.3,1191.74,1215.0
2014-10-06,130.355,130.355,130.355,130.355,1206.92,1188.25
2014-10-07,130.36,130.315,130.41,130.3,1208.87,1205.4
2014-10-08,130.36,130.36,130.36,130.36,1221.03,1211.09
2014-10-09,130.35,130.35,130.4,130.3,1224.23,1222.61
2014-10-10,130.35,130.4,130.45,130.33,1223.1,1223.86
2014-10-13,130.55,130.45,130.625,130.35,1235.74,1230.63
2014-10-14,130.65,130.6,130.725,130.375,1232.68,1235.83
2014-10-15,130.65,130.6,130.75,130.6,1241.88,1230.1
2014-10-16,130.8,130.7,130.8,130.59,1238.68,1240.21
2014-10-17,130.65,130.65,130.825,130.575,1237.64,1238.69
2014-10-20,130.7,130.725,130.825,130.625,1246.61,1236.07
2014-10-21,130.75,130.7,130.925,130.65,1248.39,1246.08
2014-10-22,130.75,130.75,130.75,130.75,1241.0,1248.68
2014-10-23,130.8,130.75,130.925,130.72,1231.57,1242.01
2014-10-24,130.85,130.8,131.1,130.775,1230.93,1232.21
2014-10-27,130.85,130.9,130.925,130.675,1226.0,1228.83
2014-10-28,130.9,130.85,131.025,130.76,1227.94,1223.15
2014-10-29,130.9,131.0,131.0,130.85,1212.79,1229.08
2014-10-30,130.9,130.9,131.0,130.8,1199.53,1212.85
2014-10-31,130.775,130.9,130.985,130.725,1171.85,1200.27
2014-11-03,130.85,130.9,131.475,130.775,1165.47,1166.33
2014-11-04,130.9,130.875,131.0,130.8,1168.1,1164.59
2014-11-05,130.875,130.95,131.0,130.85,1140.26,1168.28
2014-11-06,130.875,130.875,130.875,130.875,1141.69,1143.34
2014-11-07,130.9,130.9,130.975,130.85,1174.92,1141.06
2014-11-10,130.9,130.95,131.015,130.875,1151.33,1169.21
2014-11-11,130.9,130.95,131.04,130.875,1164.2,1154.07
2014-11-12,130.9,130.95,131.05,130.85,1162.32,1162.06
2014-11-13,130.95,130.95,131.025,130.875,1162.15,1161.21
2014-11-14,131.0,131.0,131.1,130.9,1190.73,1158.97
2014-11-17,131.0,130.975,131.075,130.85,1186.42,1184.69
2014-11-18,131.05,131.05,131.075,130.475,1196.98,1185.01
2014-11-19,131.075,131.05,131.175,130.975,1182.6,1194.38
2014-11-20,131.075,131.075,131.175,130.95,1193.68,1183.59
2014-11-21,131.075,131.1,131.2,130.975,1200.86,1192.22
2014-11-24,131.05,131.075,131.25,130.975,1198.24,1201.68
2014-11-25,131.1,131.25,131.55,130.975,1200.99,1197.8
2014-11-26,131.125,130.95,131.75,130.95,1198.2,1199.76
2014-11-27,131.15,131.15,131.425,131.05,1190.15,1198.39
2014-11-28,131.15,131.25,131.55,131.075,1168.85,1188.23
2014-12-01,131.1,131.6,131.6,130.975,1211.35,1150.35
2014-12-02,131.1,131.15,131.75,130.975,1197.79,1203.5
2014-12-03,131.15,131.15,131.3,130.975,1209.09,1196.71
2014-12-04,131.15,131.15,131.85,130.975,1205.41,1206.61
2014-12-05,131.15,131.15,131.4,131.075,1191.45,1205.08
2014-12-08,131.2,131.375,131.375,131.05,1203.16,1188.78
2014-12-09,131.15,131.2,131.875,130.975,1230.94,1200.81
2014-12-10,131.15,131.225,131.6,130.975,1224.89,1229.41
2014-12-11,131.2,131.2,131.7,130.975,1226.93,1229.76
2014-12-12,131.175,131.2,131.75,130.975,1221.48,1225.89
2014-12-15,131.25,131.225,131.65,130.975,1193.06,1223.82
2014-12-16,131.15,131.2,131.6,130.975,1194.7,1195.04
2014-12-17,131.2,131.4,131.6,130.975,1188.66,1198.44
2014-12-18,131.3,131.1,131.65,130.975,1198.01,1189.72
2014-12-19,131.2,131.3,131.6,130.975,1194.7,1195.66
2014-12-22,131.25,131.15,131.6,130.975,1176.11,1195.03
2014-12-23,131.25,131.175,131.6,131.125,1176.37,1174.37
2014-12-24,131.25,131.15,131.6,131.1,1174.8,1177.29
2014-12-26,131.2,131.2,131.6,131.025,1195.31,1178.03
2014-12-29,131.25,131.2,131.6,130.975,1183.17,1193.5
2014-12-30,131.25,131.25,131.625,130.975,1200.3,1181.78
2014-12-31,131.2,131.325,131.75,130.975,1183.0,1201.3
2015-01-02,131.3,131.35,131.75,131.05,1187.4,1187.09
2015-01-05,131.3,131.3,131.3,131.3,1204.54,1186.14
2015-01-06,131.5,131.35,131.875,130.975,1218.53,1202.22
2015-01-07,131.45,131.35,131.875,130.975,1211.19,1217.24
2015-01-08,131.525,131.4,131.875,131.275,1208.76,1213.16
2015-01-09,131.5,131.575,131.875,131.15,1220.73,1209.51
2015-01-12,131.55,131.5,131.875,131.25,1233.16,1224.12
2015-01-13,131.55,131.6,132.05,131.2,1230.68,1231.07
2015-01-14,131.55,131.55,131.55,131.55,1228.61,1233.42
2015-01-15,131.55,131.55,131.55,131.55,1262.38,1231.26
2015-01-16,131.375,131.35,131.9,131.25,1275.25,1260.11
2015-01-19,131.875,131.5,131.9,131.25,1276.68,1278.64
2015-01-20,131.85,131.875,132.0,131.25,1293.87,1275.33
2015-01-21,131.875,131.65,132.05,131.3,1292.62,1290.54
2015-01-22,131.95,131.775,132.25,131.7,1302.0,1290.61
2015-01-23,131.875,131.6,132.25,131.525,1293.82,1300.11
2015-01-26,132.0,131.975,132.175,131.85,1281.03,1295.35
2015-01-27,132.075,132.1,132.55,131.85,1292.35,1275.61
2015-01-28,132.3,131.3,132.625,131.3,1283.14,1292.06
2015-01-29,132.225,132.75,132.825,132.1,1258.1,1284.7
2015-01-30,132.225,132.25,132.5,132.125,1283.8,1261.22
2015-02-02,132.35,132.25,132.6,132.1,1273.67,1280.54
2015-02-03,132.35,132.35,132.35,132.35,1260.23,1274.14
2015-02-04,132.35,132.35,132.35,132.35,1268.82,1260.39
2015-02-05,132.35,132.35,132.825,132.1,1264.28,1271.74
2015-02-06,133.0,132.5,133.25,132.225,1235.26,1264.55
2015-02-09,132.9,133.0,133.15,132.75,1238.62,1235.61
2015-02-10,132.9,132.9,133.0,132.55,1233.4,1239.21
2015-02-11,132.9,132.9,133.075,132.75,1217.88,1234.42
2015-02-12,133.0,133.0,133.175,132.725,1221.99,1221.23
2015-02-13,132.9,132.925,133.25,132.725,1228.44,1224.51
2015-02-16,133.0,132.925,133.15,132.725,1230.7,1230.78
2015-02-17,133.0,133.0,133.0,133.0,1209.22,1232.53
2015-02-18,132.9,132.9,133.3,132.5,1212.79,1208.47
2015-02-19,132.925,132.6,133.15,132.6,1206.82,1212.82
2015-02-20,133.0,132.9,133.35,132.8,1201.11,1208.86
2015-02-23,133.0,133.0,133.25,132.8,1201.34,1201.79
2015-02-24,133.05,132.95,133.1,132.8,1200.65,1202.88
2015-02-25,133.05,133.0,133.475,132.875,1203.86,1207.11
2015-02-26,133.05,132.9,133.2,132.8,1209.08,1205.2
2015-02-27,133.15,133.05,133.2,132.8,1211.57,1211.31
2015-03-02,133.1,133.05,133.25,132.9,1206.38,1215.52
2015-03-03,133.15,133.15,133.25,132.9,1203.86,1207.7
2015-03-04,132.95,132.95,133.65,132.925,1200.59,1204.8
2015-03-05,132.95,132.95,132.95,132.95,1197.91,1202.43
2015-03-06,133.0,133.05,133.2,132.925,1165.53,1199.57
2015-03-09,133.1,133.15,133.45,132.9,1166.98,1170.72
2015-03-10,133.15,133.125,133.425,132.475,1161.4,1166.85
2015-03-11,133.15,133.15,133.45,132.925,1155.37,1162.96
2015-03-12,133.1,133.2,133.55,132.925,1153.76,1154.29
2015-03-13,133.05,133.2,133.55,132.925,1157.34,1154.73
2015-03-16,133.15,133.2,133.5,132.925,1154.31,1155.45
2015-03-17,133.15,132.95,133.55,132.925,1149.49,1155.23
2015-03-18,133.15,133.3,133.6,132.925,1167.99,1150.58
2015-03-19,133.3,133.2,133.35,132.925,1171.35,1174.58
2015-03-20,133.3,133.3,133.3,132.925,1182.55,1170.69
2015-03-23,133.3,133.2,133.3,132.925,1190.08,1185.99
2015-03-24,133.3,133.15,133.3,132.925,1193.14,1189.1
2015-03-25,133.3,133.3,133.3,132.925,1195.4,1192.16
2015-03-26,133.0,133.3,133.3,132.9,1204.16,1195.17
2015-03-27,133.1,133.1,133.4,132.525,1198.78,1203.87
2015-03-30,133.15,133.15,133.4,132.9,1186.02,1197.81
2015-03-31,133.175,133.15,133.5,132.925,1183.38,1186.43
2015-04-01,133.15,133.35,133.5,132.925,1204.26,1183.07
2015-04-02,133.15,133.2,133.3,132.925,1202.86,1203.77
2015-04-06,133.15,133.15,133.425,132.9,1214.82,1218.09
2015-04-07,133.05,133.25,133.3,132.875,1208.66,1216.05
2015-04-08,133.0,133.25,133.25,132.875,1202.86,1209.58
2015-04-09,133.1,133.0,133.15,132.875,1194.76,1201.96
2015-04-10,133.05,133.1,133.2,132.9,1208.56,1194.48
2015-04-13,133.05,133.05,133.05,133.05,1199.1,1207.97
2015-04-14,133.05,133.05,133.05,133.05,1192.71,1198.87
2015-04-15,133.1,133.05,133.2,132.875,1202.32,1193.06
2015-04-16,133.1,133.1,133.25,132.925,1198.7,1204.01
2015-04-17,133.1,133.1,133.3,132.925,1204.81,1198.73
2015-04-20,133.15,133.15,133.3,132.925,1196.42,1205.6
2015-04-21,133.05,133.15,133.35,132.925,1202.71,1196.19
2015-04-22,133.05,133.05,133.4,132.925,1187.61,1202.75
2015-04-23,133.3,133.15,133.35,132.925,1194.1,1188.11
2015-04-24,133.15,133.3,133.3,132.925,1178.99,1193.84
2015-04-27,133.15,133.1,133.3,132.925,1202.14,1179.99
2015-04-28,133.15,133.15,133.35,132.925,1212.19,1202.1
2015-04-29,133.15,133.05,133.15,132.925,1204.93,1212.39
2015-04-30,133.3,133.1,133.3,133.0,1184.5,1204.2
2015-05-01,133.3,133.3,133.3,133.3,1177.85,1184.19
2015-05-04,133.3,133.3,133.3,133.3,1188.57,1178.52
2015-05-05,133.1,133.1,133.35,133.0,1193.51,1188.67
2015-05-06,133.5,133.25,133.55,133.15,1192.0,1194.27
2015-05-07,133.45,133.55,133.55,133.0,1184.92,1192.92
2015-05-08,133.5,133.5,133.5,133.325,1188.37,1184.23
2015-05-11,133.4,133.5,133.65,133.2,1184.25,1189.91
2015-05-12,133.7,133.7,133.75,133.4,1194.1,1183.56
2015-05-13,133.7,133.7,133.7,133.425,1215.33,1192.91
2015-05-14,133.6,133.7,133.8,133.35,1221.6,1214.92
2015-05-15,133.6,133.6,133.8,133.325,1225.13,1221.79
2015-05-18,133.5,133.1,133.7,133.1,1225.89,1224.25
2015-05-19,133.7,133.6,133.7,133.4,1208.48,1225.33
2015-05-20,133.65,133.45,133.8,133.4,1209.92,1209.41
2015-05-21,133.75,133.95,134.2,133.4,1206.92,1210.43
2015-05-22,133.75,133.95,134.05,133.675,1205.67,1206.59
2015-05-25,133.95,133.8,134.25,133.65,1207.46,1204.61
2015-05-26,134.15,133.95,134.3,133.8,1187.99,1207.49
2015-05-27,134.0,134.1,134.15,133.925,1188.32,1187.79
2015-05-28,134.0,134.0,134.4,133.925,1188.61,1188.06
2015-05-29,134.0,133.925,134.15,133.925,1190.22,1189.11
2015-06-01,133.95,134.15,134.4,133.875,1189.6,1192.49
2015-06-02,133.95,133.95,133.95,133.95,1193.44,1189.82
2015-06-03,134.125,133.95,134.125,133.875,1185.82,1193.47
2015-06-04,134.05,134.05,134.1,133.875,1177.01,1185.76
2015-06-05,134.0,134.05,134.1,133.825,1171.2,1177.89
2015-06-08,134.025,134.0,134.1,133.9,1174.09,1170.63
2015-06-09,133.9,134.0,134.15,133.775,1176.76,1172.94
2015-06-10,133.975,133.975,134.0,133.75,1185.95,1177.14
2015-06-11,133.975,133.975,134.05,133.775,1182.43,1186.36
2015-06-12,134.2,133.9,134.2,133.9,1181.35,1182.32
2015-06-15,134.2,134.1,134.2,133.975,1186.57,1184.95
2015-06-16,134.1,134.2,134.25,133.9,1181.94,1186.05
2015-06-17,134.1,134.1,134.2,133.9,1185.34,1182.1
2015-06-18,134.3,134.1,134.35,134.1,1202.0,1184.81
2015-06-19,134.3,134.3,134.35,134.05,1201.19,1201.14
2015-06-22,134.025,134.15,134.2,133.875,1186.1,1198.68
2015-06-23,134.005,134.05,134.1,133.875,1178.35,1184.59
2015-06-24,134.32,134.0,134.33,133.775,1175.34,1178.26
2015-06-25,134.32,133.9,134.33,133.65,1173.29,1175.51
2015-06-26,133.835,133.75,133.91,133.625,1174.78,1174.35
2015-06-29,133.85,133.8,133.92,133.675,1180.23,1184.16
2015-06-30,133.915,133.75,133.95,133.675,1172.36,1180.06
2015-07-01,133.915,133.915,133.915,133.915,1169.19,1173.25
2015-07-02,133.65,133.925,133.925,133.525,1166.65,1169.06
2015-07-03,133.65,133.65,133.85,133.575,1168.83,1166.36
2015-07-06,133.915,133.65,133.92,133.55,1170.24,1173.45
2015-07-07,133.92,133.7,133.935,133.575,1155.25,1170.01
2015-07-08,133.655,133.65,133.7,133.575,1158.87,1155.23
2015-07-09,133.665,133.7,133.825,133.575,1159.88,1156.79
2015-07-10,133.655,133.625,133.8,133.59,1162.78,1159.6
2015-07-13,133.9,133.575,134.0,133.575,1157.83,1163.01
2015-07-14,133.9,133.9,133.905,133.775,1156.09,1157.15
2015-07-15,133.85,133.9,133.9,133.75,1149.12,1156.65
2015-07-16,133.665,133.9,134.0,133.65,1145.8,1149.24
2015-07-17,133.685,133.665,133.9,133.665,1134.11,1145.5
2015-07-20,133.85,133.9,133.9,133.685,1097.51,1132.49
2015-07-21,133.855,133.85,133.9,133.675,1101.78,1098.67
2015-07-22,133.88,133.8,133.91,133.675,1094.78,1103.01
2015-07-23,133.915,133.89,133.92,133.675,1091.01,1095.01
2015-07-24,133.7,133.8,133.85,133.66,1098.97,1090.7
2015-07-27,133.705,133.7,133.8,133.6,1094.23,1096.53
2015-07-28,133.715,133.85,133.85,133.575,1095.85,1094.14
2015-07-29,133.755,133.65,133.765,133.55,1096.68,1095.99
2015-07-30,133.755,133.7,133.77,133.55,1088.64,1097.7
2015-07-31,133.78,133.755,133.78,133.755,1095.23,1088.64
2015-08-03,133.78,133.65,133.795,133.45,1086.78,1095.22
2015-08-04,133.785,133.55,133.8,133.475,1088.13,1085.05
2015-08-05,133.84,133.6,133.84,133.475,1085.67,1086.75
2015-08-06,133.81,133.525,133.875,133.475,1089.98,1085.34
2015-08-07,133.825,133.775,133.855,133.7,1092.48,1089.82
2015-08-10,133.855,133.8,133.86,133.625,1104.85,1092.51
2015-08-11,133.85,133.85,133.855,133.725,1109.23,1104.23
2015-08-12,133.9,133.85,133.93,133.725,1125.29,1108.86
2015-08-13,133.82,133.9,134.0,133.75,1115.49,1124.52
2015-08-14,134.295,133.95,134.295,133.8,1115.41,1115.3
2015-08-17,134.05,133.95,134.1,133.81,1117.51,1114.84
2015-08-18,133.82,134.05,134.2,133.805,1117.87,1117.48
2015-08-19,133.94,134.0,134.1,133.795,1133.85,1117.74
2015-08-20,134.0,134.0,134.01,133.82,1153.27,1133.16
2015-08-21,134.09,133.95,134.1,133.915,1159.56,1155.23
2015-08-24,134.305,134.05,134.315,134.05,1155.39,1162.19
2015-08-25,134.375,134.3,134.4,134.14,1140.72,1154.7
2015-08-26,134.375,134.35,134.395,134.14,1124.88,1142.85
2015-08-27,134.34,134.375,134.6,134.14,1125.34,1124.25
2015-08-28,134.4,134.4,134.525,134.2,1134.33,1126.26
2015-08-31,134.6,134.4,134.75,134.35,1134.6,1132.61
2015-09-01,134.6,134.55,134.65,134.475,1140.14,1135.33
2015-09-02,134.55,134.65,134.75,134.475,1134.03,1139.71
2015-09-03,134.875,134.65,134.875,134.525,1125.89,1133.9
2015-09-04,137.75,138.0,138.5,137.375,1122.28,1125.23
2015-09-07,137.525,137.75,137.8,136.975,1119.63,1123.11
2015-09-08,138.375,137.8,138.395,137.55,1121.79,1120.53
2015-09-09,138.875,138.4,138.9,138.275,1107.14,1122.95
2015-09-10,138.975,138.375,139.075,138.375,1110.96,1107.39
2015-09-11,139.075,138.975,139.35,138.375,1107.98,1111.93
2015-09-14,139.8,138.95,139.975,138.925,1108.23,1106.36
2015-09-15,139.95,139.66,140.125,139.46,1105.19,1109.01
2015-09-16,140.975,140.25,141.035,139.85,1118.96,1105.72
2015-09-17,140.505,140.625,141.05,140.25,1131.11,1121.04
2015-09-18,140.555,140.15,140.615,140.15,1139.55,1131.19
2015-09-21,140.875,140.5,140.91,140.15,1133.84,1137.81
2015-09-22,140.955,140.85,141.0,140.425,1125.42,1132.83
2015-09-23,141.005,140.875,141.125,140.725,1130.55,1124.94
2015-09-24,140.665,141.005,141.02,140.65,1153.56,1130.88
2015-09-25,141.0,140.8,141.04,140.7,1146.81,1150.21
2015-09-28,141.05,141.025,141.375,140.7,1132.56,1147.09
2015-09-29,141.07,141.0,141.35,140.905,1127.87,1132.61
2015-09-30,141.0,141.15,141.35,141.0,1115.34,1126.13
2015-10-01,141.0,141.3,141.325,141.0,1114.07,1115.54
2015-10-02,141.25,141.0,141.375,141.0,1137.99,1114.19
2015-10-05,141.25,141.3,141.375,141.05,1135.9,1138.27
2015-10-06,140.655,141.0,141.25,140.54,1147.23,1136.39
2015-10-07,141.0,140.6,141.32,140.35,1145.55,1147.48
2015-10-08,141.0,140.5,141.015,140.325,1139.53,1146.35
2015-10-09,141.0,140.3,141.01,140.075,1157.58,1140.65
2015-10-12,140.35,140.25,140.45,140.1,1164.59,1156.11
2015-10-13,141.0,140.4,141.015,140.15,1169.19,1163.45
2015-10-14,141.0,140.25,141.0,140.2,1183.79,1168.83
2015-10-15,141.02,141.0,141.06,140.525,1183.65,1183.94
2015-10-16,141.02,141.0,141.1,140.65,1176.38,1181.87
2015-10-19,141.02,140.95,141.085,140.7,1171.07,1176.9
2015-10-20,141.02,140.8,141.1,140.75,1176.09,1169.73
2015-10-21,141.05,140.95,141.1,140.75,1168.32,1176.59
2015-10-22,141.075,140.8,141.125,140.75,1165.97,1166.51
2015-10-23,141.02,141.075,141.175,140.75,1165.02,1166.08
2015-10-26,141.105,141.1,141.275,140.6,1163.51,1163.54
2015-10-27,141.11,141.105,141.12,141.095,1166.9,1163.97
2015-10-28,141.11,140.6,141.115,140.525,1157.61,1166.73
2015-10-29,141.105,140.85,141.47,140.525,1147.8,1159.1
2015-10-30,141.105,140.875,141.12,140.7,1142.22,1146.78
2015-11-02,141.105,140.85,141.13,140.6,1134.72,1140.95
2015-11-03,141.13,141.025,141.14,140.7,1117.93,1135.11
2015-11-04,141.53,140.925,141.6,140.875,1107.95,1121.6
2015-11-05,141.45,141.5,141.7,141.13,1104.63,1108.85
2015-11-06,141.6,141.45,141.605,141.13,1088.36,1106.15
2015-11-09,142.0,141.55,142.1,141.35,1092.28,1089.94
2015-11-10,142.0,142.0,142.0,142.0,1090.32,1091.57
2015-11-11,141.8,141.8,142.075,141.7,1086.46,1089.69
2015-11-12,142.0,141.85,142.1,141.65,1085.8,1087.79
2015-11-13,142.05,141.85,142.2,141.75,1082.07,1085.06
2015-11-16,142.15,141.85,142.25,141.8,1083.94,1090.33
2015-11-17,142.35,142.15,142.45,141.9,1071.24,1084.07
2015-11-18,142.35,142.35,142.4,141.95,1070.7,1068.6
2015-11-19,142.35,142.1,142.45,142.075,1082.07,1073.67
2015-11-20,142.205,142.4,142.65,141.995,1077.73,1082.39
2015-11-23,142.8,142.45,142.8,142.3,1068.63,1075.84
2015-11-24,142.935,142.6,143.075,142.58,1075.6,1070.34
2015-11-25,142.935,142.935,142.935,142.935,1072.13,1076.67
2015-11-26,143.05,143.0,143.35,142.75,1072.22,1071.97
2015-11-27,143.225,143.05,143.35,142.9,1058.63,1073.3
2015-11-30,142.98,143.225,143.365,142.795,1064.66,1057.57
2015-12-01,142.98,143.3,143.365,142.84,1069.24,1064.92
2015-12-02,142.98,143.2,143.365,142.79,1054.13,1070.35
2015-12-03,142.98,143.05,143.365,142.84,1061.79,1053.95
2015-12-04,142.98,143.2,143.34,142.84,1087.07,1064.41
2015-12-07,142.98,143.05,143.39,142.865,1071.34,1084.64
2015-12-08,143.25,143.225,143.3,142.93,1075.03,1072.3
2015-12-09,143.225,143.225,143.3,142.95,1073.22,1076.27
2015-12-10,143.225,143.25,143.29,142.96,1072.08,1073.24
2015-12-11,143.25,143.0,143.425,142.975,1077.26,1070.61
2015-12-14,143.65,143.4,143.825,143.1,1060.19,1072.81
2015-12-15,143.65,143.775,143.925,143.375,1061.73,1063.74
2015-12-16,143.7,143.65,143.815,143.445,1072.26,1062.5
2015-12-17,143.445,143.75,144.05,143.365,1051.58,1071.09
2015-12-18,143.57,143.675,143.925,143.43,1066.65,1053.45
2015-12-21,143.625,143.7,143.725,143.425,1080.28,1064.42
2015-12-22,143.75,143.675,143.825,143.43,1072.47,1078.52
2015-12-23,143.7,143.65,143.85,143.465,1071.13,1073.62
2015-12-24,143.7,143.7,143.7,143.7,1076.88,1072.31
2015-12-28,143.65,143.7,143.9,143.475,1069.83,1076.6
2015-12-29,144.05,143.9,144.1,143.69,1069.11,1068.99
2015-12-30,144.07,143.9,144.375,143.75,1061.53,1069.17
2015-12-31,144.25,144.175,144.275,143.825,1061.46,1061.77
2016-01-04,144.285,144.15,144.4,143.82,1074.42,1064.65
2016-01-05,144.005,144.3,144.4,143.965,1077.94,1075.42
2016-01-06,144.05,144.2,144.265,143.835,1093.77,1077.97
2016-01-07,144.005,144.05,144.165,143.75,1109.92,1093.55
2016-01-08,143.72,144.025,144.1,143.635,1103.96,1109.5
2016-01-11,143.94,143.95,144.095,143.625,1094.56,1106.95
2016-01-12,143.945,143.85,144.085,143.55,1086.41,1096.23
2016-01-13,144.01,143.65,144.105,143.6,1093.66,1086.51
2016-01-14,143.815,143.8,144.11,143.48,1079.23,1094.58
2016-01-15,143.945,143.945,143.945,143.945,1088.11,1077.59
2016-01-18,144.075,143.725,144.525,143.7,1089.1,1091.0
2016-01-19,144.115,144.1,144.285,143.71,1087.83,1089.0
2016-01-20,144.09,144.1,144.185,143.65,1101.32,1089.5
2016-01-21,144.025,144.075,144.19,143.7,1101.41,1099.13
2016-01-22,144.065,143.85,144.16,143.7,1097.66,1100.03
2016-01-25,144.17,144.075,144.425,143.525,1107.95,1098.47
2016-01-26,144.27,144.075,144.475,143.475,1120.08,1108.34
2016-01-27,144.11,144.1,144.525,143.575,1125.06,1120.91
2016-01-28,143.995,143.85,144.525,143.515,1115.13,1123.26
2016-01-29,144.26,144.075,144.475,143.59,1117.69,1114.88
2016-02-01,143.88,144.125,144.505,143.6,1127.9,1117.94
2016-02-02,144.085,144.1,144.425,143.575,1129.07,1129.89
2016-02-03,144.25,144.1,144.45,143.545,1142.65,1126.71
2016-02-04,144.02,144.02,144.02,144.02,1156.09,1141.95
2016-02-05,144.09,144.05,144.425,143.625,1173.45,1153.52
2016-02-08,144.08,144.075,144.425,143.5,1189.42,1167.24
2016-02-09,143.945,144.05,144.425,143.575,1189.08,1191.63
2016-02-10,143.92,144.1,144.4,143.59,1195.8,1190.44
2016-02-11,143.985,144.0,144.525,143.6,1247.25,1205.3
2016-02-12,144.25,143.925,144.535,143.6,1238.61,1240.66
2016-02-15,144.13,144.1,144.6,143.59,1209.52,1232.78
2016-02-16,144.055,144.15,144.375,143.84,1200.8,1207.65
2016-02-17,143.98,144.225,144.325,143.79,1209.41,1197.76
2016-02-18,144.07,144.2,144.26,143.86,1230.9,1207.99
2016-02-19,144.025,144.2,144.275,143.86,1229.46,1230.75
2016-02-22,144.005,144.03,144.25,143.85,1208.38,1224.08
2016-02-23,144.005,144.2,144.725,143.61,1226.09,1208.44
2016-02-24,144.215,144.1,144.65,143.61,1228.87,1230.11
2016-02-25,144.46,144.425,144.775,143.63,1233.17,1226.84
2016-02-26,144.65,144.65,144.95,143.79,1224.01,1236.28
2016-02-29,144.875,144.65,145.04,143.85,1238.86,1222.41
2016-03-01,144.55,144.6,145.13,143.85,1232.66,1240.49
2016-03-02,144.6,144.6,144.95,143.93,1239.83,1231.44
2016-03-03,144.675,144.6,145.0,143.95,1264.87,1239.49
2016-03-04,145.06,144.65,145.255,143.97,1261.55,1260.2
2016-03-07,145.06,145.06,145.06,145.06,1267.54,1264.23
2016-03-08,145.11,144.95,145.33,144.135,1261.67,1269.38
2016-03-09,144.575,144.975,145.35,143.945,1253.93,1261.83
2016-03-10,145.085,144.9,145.35,143.965,1272.29,1252.87
2016-03-11,144.92,144.975,145.15,144.345,1250.22,1271.05
2016-03-14,145.02,145.0,145.4,143.99,1233.94,1251.21
2016-03-15,145.0,144.925,145.15,144.345,1233.46,1235.54
2016-03-16,145.05,145.025,145.1,144.345,1260.7,1232.9
2016-03-17,145.035,145.025,145.35,144.355,1257.17,1260.25
2016-03-18,144.97,145.15,145.5,144.355,1255.67,1259.28
2016-03-21,145.48,145.5,146.1,144.355,1243.69,1255.64
2016-03-22,145.37,145.37,145.37,145.37,1248.76,1244.06
2016-03-23,146.38,145.45,146.605,145.375,1222.44,1247.86
2016-03-24,147.26,146.1,147.65,146.025,1217.18,1222.87
2016-03-28,147.95,147.15,148.2,146.775,1221.97,1216.39
2016-03-29,148.21,148.1,149.125,145.485,1242.05,1221.63
2016-03-30,149.215,148.75,149.415,147.25,1225.37,1242.7
2016-03-31,146.055,148.65,148.65,145.625,1232.95,1225.81
2016-04-01,146.185,146.0,147.65,145.2,1223.75,1232.78
2016-04-04,145.13,146.05,146.55,144.575,1215.59,1220.54
2016-04-05,144.635,145.0,145.4,144.3,1231.32,1215.66
2016-04-06,144.75,144.6,145.19,144.1,1222.73,1231.6
2016-04-07,144.7,145.0,145.15,144.45,1240.42,1223.36
2016-04-08,144.75,144.625,145.125,144.625,1239.8,1240.26
2016-04-11,144.9,145.0,145.395,143.5,1258.1,1240.25
2016-04-12,146.19,144.75,146.27,143.685,1255.49,1258.36
2016-04-13,146.19,146.19,146.19,146.19,1242.88,1255.47
2016-04-14,146.045,146.19,146.27,146.035,1227.85,1242.29
2016-04-15,145.43,145.25,145.675,144.41,1234.26,1227.67
2016-04-18,146.045,145.125,146.045,144.68,1232.25,1235.11
2016-04-19,146.045,145.25,146.55,145.04,1250.29,1232.69
2016-04-20,146.48,146.55,146.6,145.04,1244.09,1250.8
2016-04-21,146.48,146.045,146.48,146.045,1248.33,1243.02
2016-04-22,146.045,146.55,146.55,145.09,1233.84,1247.2
2016-04-25,146.21,146.125,147.0,144.745,1238.32,1233.28
2016-04-26,146.33,146.55,146.85,144.715,1243.64,1238.38
2016-04-27,146.27,146.55,146.75,145.5,1245.78,1243.94
2016-04-28,146.38,146.3,146.8,145.5,1266.25,1245.83
2016-04-29,146.18,146.1,146.5,145.45,1293.03,1266.57
2016-05-02,146.325,146.18,146.4,146.18,1291.85,1291.31
2016-05-03,146.18,146.2,146.565,145.375,1286.62,1291.91
2016-05-04,146.25,146.15,146.5,145.5,1279.7,1286.06
2016-05-05,146.24,146.1,146.525,145.6,1278.12,1280.01
2016-05-06,146.26,146.15,146.525,145.575,1288.89,1278.65
2016-05-09,146.43,146.15,146.605,145.55,1264.09,1285.16
2016-05-10,146.19,146.2,146.675,145.465,1265.96,1264.41
2016-05-11,146.195,146.15,146.7,145.6,1277.28,1266.31
2016-05-12,146.25,146.25,146.69,145.6,1263.55,1277.84
2016-05-13,146.4,146.25,146.775,145.675,1273.9,1263.83
2016-05-16,146.65,146.075,147.125,145.7,1274.28,1271.87
2016-05-17,146.48,146.75,147.225,145.75,1279.1,1273.58
2016-05-18,147.035,146.8,147.21,145.9,1258.75,1279.51
2016-05-19,146.845,146.8,147.225,145.8,1255.41,1258.62
2016-05-20,147.105,146.9,147.18,145.95,1252.7,1255.29
2016-05-23,147.07,147.11,147.205,146.94,1249.01,1251.07
2016-05-24,146.78,146.55,147.31,145.93,1227.09,1249.21
2016-05-25,146.95,146.6,147.45,145.95,1224.16,1227.6
2016-05-26,146.78,147.2,147.5,146.0,1220.47,1223.85
2016-05-27,147.63,147.125,147.755,146.295,1210.39,1218.05
2016-05-30,148.0,147.6,148.8,146.55,1205.73,1213.08
2016-05-31,147.79,147.65,148.525,147.52,1215.74,1206.38
2016-06-01,148.13,148.05,148.55,147.295,1213.39,1215.92
2016-06-02,147.82,148.15,148.45,147.295,1211.38,1213.81
2016-06-03,147.68,147.7,148.03,147.0,1244.37,1211.18
2016-06-06,145.885,147.05,147.225,145.575,1244.87,1243.15
2016-06-07,145.77,146.05,146.78,145.6,1243.83,1245.4
2016-06-08,145.84,145.98,146.08,145.55,1262.7,1244.46
2016-06-09,145.585,145.9,146.025,145.465,1269.36,1262.25
2016-06-10,145.0,145.5,145.7,144.85,1274.55,1269.27
2016-06-13,144.745,144.725,145.35,144.2,1284.57,1275.98
2016-06-14,144.87,144.85,145.35,144.6,1285.93,1283.69
2016-06-15,144.995,144.95,145.35,144.63,1292.59,1285.42
2016-06-16,145.115,145.125,145.85,144.725,1278.52,1292.28
2016-06-17,144.74,145.075,145.65,144.52,1298.62,1279.32
2016-06-20,144.74,145.7,146.25,144.62,1290.48,1289.06
2016-06-21,146.08,145.75,146.355,145.14,1268.57,1290.62
2016-06-22,147.185,146.5,147.6,145.445,1266.37,1268.65
2016-06-23,147.03,147.1,147.55,145.54,1255.92,1263.36
2016-06-24,147.33,147.05,147.8,145.54,1318.56,1245.58
2016-06-27,146.82,147.625,148.2,145.64,1324.33,1320.17
2016-06-28,147.835,148.15,148.25,145.66,1311.5,1325.08
2016-06-29,146.04,147.85,148.2,145.44,1319.52,1310.75
2016-06-30,145.695,145.95,146.515,145.35,1321.94,1317.99
2016-07-01,145.695,145.55,146.7,145.475,1343.61,1322.32
2016-07-04,146.5,146.25,146.96,145.6,1350.93,1342.73
2016-07-05,146.7,146.875,147.275,145.6,1356.4,1348.11
2016-07-06,146.39,145.695,146.54,145.695,1364.0,1356.08
2016-07-07,145.555,146.75,146.95,145.2,1360.88,1363.91
2016-07-08,144.93,145.825,146.05,144.865,1366.65,1359.61
2016-07-11,145.54,145.25,146.5,145.15,1355.36,1367.9
2016-07-12,146.21,145.6,146.36,145.275,1333.79,1354.81
2016-07-13,145.765,146.0,146.25,145.56,1342.78,1332.8
2016-07-14,145.57,145.85,146.25,145.4,1335.3,1344.07
2016-07-15,145.78,145.85,146.225,145.225,1329.15,1336.35
2016-07-18,145.435,145.75,146.45,145.235,1328.87,1332.0
2016-07-19,145.435,145.435,145.435,145.435,1332.22,1328.77
2016-07-20,146.26,146.25,147.0,145.575,1316.28,1331.82
2016-07-21,145.745,146.5,146.94,145.475,1331.13,1316.63
2016-07-22,145.78,145.925,146.25,145.505,1323.44,1331.18
2016-07-25,145.71,146.2,146.3,145.5,1315.65,1322.76
2016-07-26,145.505,146.1,146.3,145.28,1320.2,1315.4
2016-07-27,145.9,145.9,146.35,145.65,1340.54,1320.1
2016-07-28,145.505,145.8,146.35,145.28,1336.18,1339.7
2016-07-29,145.505,145.95,146.25,145.28,1352.15,1335.55
2016-08-01,145.76,145.85,146.275,145.33,1353.17,1348.65
2016-08-02,145.77,145.9,146.25,145.2,1364.16,1353.66
2016-08-03,145.355,145.9,146.125,145.305,1358.26,1363.57
2016-08-04,145.75,145.8,146.05,145.45,1359.97,1358.58
2016-08-05,145.7,145.425,145.925,145.425,1336.76,1360.87
2016-08-08,145.285,145.55,145.925,145.11,1335.33,1335.53
2016-08-09,145.31,145.7,145.875,145.275,1340.75,1335.49
2016-08-10,145.18,145.6,145.85,145.135,1346.67,1340.91
2016-08-11,144.985,145.55,145.675,144.875,1339.0,1347.11
2016-08-12,145.35,145.55,145.625,145.3,1335.05,1339.13
2016-08-15,145.165,145.575,145.6,145.155,1339.4,1338.44
2016-08-16,144.97,145.3,145.575,144.945,1346.46,1339.83
2016-08-17,145.285,144.97,145.36,144.97,1349.19,1346.04
2016-08-18,145.215,145.575,145.65,145.175,1351.95,1348.99
2016-08-19,145.41,145.5,145.65,145.3,1340.55,1352.56
2016-08-22,145.27,145.55,145.89,145.2,1338.77,1340.48
2016-08-23,145.14,145.55,145.6,145.06,1337.31,1339.15
2016-08-24,145.075,145.325,145.65,144.965,1324.13,1337.69
2016-08-25,144.945,145.575,145.75,144.85,1321.7,1324.3
2016-08-26,145.43,145.5,145.915,145.35,1320.89,1321.65
2016-08-29,145.59,145.55,146.275,145.375,1323.29,1320.65
2016-08-30,145.64,145.7,145.94,145.155,1311.44,1323.23
2016-08-31,145.475,145.55,145.7,145.425,1308.88,1311.39
2016-09-01,145.43,145.6,145.63,145.325,1313.79,1308.6
2016-09-02,145.51,145.35,145.66,145.3,1325.34,1314.27
2016-09-05,145.3,145.5,145.55,145.275,1327.18,1324.3
2016-09-06,145.37,145.3,145.645,145.15,1348.99,1326.15
2016-09-07,145.24,145.45,145.655,145.01,1346.31,1348.31
2016-09-08,145.175,145.3,145.635,144.915,1338.01,1344.93
2016-09-09,145.24,144.925,145.58,144.86,1329.23,1337.88
2016-09-12,145.2,145.265,145.27,145.195,1327.43,1327.78
2016-09-13,145.28,145.3,145.475,145.025,1318.59,1328.17
2016-09-14,145.46,145.25,145.9,145.1,1321.73,1319.18
2016-09-15,145.32,145.7,146.0,145.25,1314.67,1321.92
2016-09-16,145.63,145.32,145.63,145.32,1311.2,1314.0
2016-09-19,145.255,145.5,145.925,145.25,1312.99,1309.76
2016-09-20,145.26,145.8,146.05,145.25,1314.85,1312.42
2016-09-21,146.28,146.0,146.605,145.75,1334.56,1314.58
2016-09-22,146.14,146.2,146.615,145.725,1336.63,1334.78
2016-09-23,146.23,146.4,146.55,145.875,1337.64,1336.61
2016-09-26,146.14,146.025,146.59,145.725,1337.75,1336.83
2016-09-27,146.26,146.125,146.65,146.075,1327.28,1337.83
2016-09-28,146.51,146.125,146.75,146.125,1321.43,1326.56
2016-09-29,146.48,146.3,146.925,146.225,1320.33,1322.15
2016-09-30,146.61,146.85,146.965,146.35,1317.57,1320.65
2016-10-03,146.475,146.625,147.05,146.425,1311.01,1318.24
2016-10-04,146.505,146.375,146.8,146.3,1268.45,1312.17
2016-10-05,146.475,146.4,146.865,146.4,1266.58,1268.9
2016-10-06,146.555,146.475,146.91,146.435,1254.11,1267.33
2016-10-07,146.745,146.85,147.05,146.5,1254.97,1255.08
2016-10-10,146.675,146.675,147.025,146.4,1259.31,1256.61
2016-10-11,146.805,146.825,147.15,146.65,1252.7,1259.61
2016-10-12,146.895,147.0,147.15,146.675,1255.01,1252.85
2016-10-13,146.85,146.95,147.025,146.725,1257.85,1256.16
2016-10-14,146.855,146.7,147.05,146.65,1251.72,1258.26
2016-10-17,146.925,146.9,147.0,146.675,1255.51,1251.46
2016-10-18,147.03,146.725,147.15,146.725,1262.49,1254.95
2016-10-19,147.105,147.1,147.35,146.8,1269.01,1262.48
2016-10-20,147.01,147.4,147.525,146.45,1265.48,1269.41
2016-10-21,147.24,147.05,147.45,146.75,1266.81,1265.8
2016-10-24,147.15,147.5,147.85,146.85,1264.23,1265.64
2016-10-25,147.58,147.525,148.15,146.875,1274.1,1264.88
2016-10-26,147.44,147.975,148.0,146.85,1266.69,1273.1
2016-10-27,147.75,147.8,148.05,147.0,1268.41,1266.8
2016-10-28,147.86,147.95,148.1,147.15,1274.68,1268.41
2016-10-31,147.81,147.75,148.1,147.25,1276.66,1277.51
2016-11-01,147.955,147.8,148.255,147.3,1288.36,1276.42
2016-11-02,148.27,148.075,148.6,147.35,1297.64,1288.62
2016-11-03,148.255,148.45,148.675,147.55,1302.13,1297.96
2016-11-04,148.255,148.325,148.6,147.6,1304.29,1304.24
2016-11-07,148.235,148.125,148.41,147.5,1281.35,1292.61
2016-11-08,147.855,147.85,148.05,147.6,1275.38,1281.85
2016-11-09,147.8,147.95,148.05,147.55,1278.0,1275.55
2016-11-10,147.635,147.75,147.925,147.425,1258.81,1278.25
2016-11-11,147.7,147.55,148.075,147.475,1227.54,1259.52
2016-11-14,147.76,147.8,147.81,147.75,1221.03,1227.78
2016-11-15,148.0,147.9,148.26,147.575,1228.45,1221.46
2016-11-16,148.18,148.125,148.45,147.925,1225.05,1227.63
2016-11-17,148.195,148.5,148.8,148.075,1216.08,1224.67
2016-11-18,148.38,148.25,148.84,147.84,1207.87,1216.16
2016-11-21,148.275,148.25,148.875,147.85,1213.94,1207.7
2016-11-22,148.44,148.3,148.89,147.925,1212.38,1213.59
2016-11-23,148.31,148.5,148.875,147.9,1188.48,1212.92
2016-11-24,148.3,148.3,148.6,147.85,1184.0,1187.54
2016-11-25,148.495,148.4,148.72,147.95,1184.27,1184.7
2016-11-28,148.665,148.45,148.9,147.85,1193.82,1185.14
2016-11-29,149.14,148.75,149.25,147.975,1188.31,1194.04
2016-11-30,149.0,148.9,149.175,148.0,1173.32,1187.75
2016-12-01,148.35,148.85,149.0,147.95,1171.61,1173.53
2016-12-02,149.0,148.625,149.025,148.0,1175.78,1172.51
2016-12-05,148.93,148.85,149.08,148.0,1170.54,1180.61
2016-12-06,148.9,148.5,148.9,148.0,1170.0,1170.53
2016-12-07,148.93,148.93,149.13,148.15,1173.93,1169.79
2016-12-08,148.93,148.9,149.155,148.25,1170.57,1175.05
2016-12-09,148.93,148.7,149.155,148.35,1158.9,1170.93
2016-12-12,148.93,148.93,148.93,148.93,1162.24,1159.69
2016-12-13,148.93,148.93,148.93,148.93,1158.61,1162.73
2016-12-14,148.93,148.65,149.18,148.4,1142.92,1158.25
2016-12-15,148.93,148.75,149.25,148.275,1128.6,1141.64
2016-12-16,148.93,149.075,149.475,148.75,1133.6,1128.85
2016-12-19,148.93,149.175,149.55,148.5,1137.84,1134.26
2016-12-20,148.93,149.25,149.7,148.75,1132.38,1138.15
2016-12-21,148.93,149.65,150.0,148.75,1131.51,1132.64
2016-12-22,150.2,150.1,150.275,149.05,1128.28,1131.25
2016-12-23,149.75,149.7,150.2,149.05,1131.77,1132.65
2016-12-27,148.93,149.5,149.7,148.85,1138.81,1133.96
2016-12-28,148.93,149.65,150.0,148.825,1141.5,1138.36
2016-12-29,149.8,149.8,150.1,149.25,1158.12,1142.05
2016-12-30,149.8,149.8,150.15,149.625,1150.91,1158.47
2017-01-03,149.9,149.75,150.15,149.3,1158.82,1150.53
2017-01-04,149.91,149.8,150.27,149.64,1163.53,1158.73
2017-01-05,149.855,149.95,150.25,149.65,1180.46,1164.01
2017-01-06,149.94,149.9,150.2,149.75,1172.3,1179.81
2017-01-09,149.87,150.0,150.25,149.725,1181.0,1172.76
2017-01-10,149.855,149.925,150.15,149.765,1187.7,1181.15
2017-01-11,150.06,149.9,150.2,149.765,1191.5,1188.05
2017-01-12,150.06,150.06,150.06,150.06,1195.8,1190.95
2017-01-13,150.06,149.875,150.4,149.75,1198.39,1194.49
2017-01-16,149.975,149.95,150.275,149.85,1203.18,1197.51
2017-01-17,149.855,149.925,150.3,149.84,1217.15,1203.11
2017-01-18,150.11,149.79,150.2,149.765,1204.29,1217.95
2017-01-19,150.145,150.025,150.375,149.925,1204.53,1203.6
2017-01-20,150.15,150.1,150.475,149.975,1207.68,1204.78
2017-01-23,150.185,150.1,150.4,149.975,1218.22,1209.47
2017-01-24,150.2,150.35,150.45,149.96,1208.86,1218.43
2017-01-25,150.31,150.25,150.725,149.985,1200.67,1209.09
2017-01-26,150.31,150.475,150.575,150.1,1188.95,1201.24
2017-01-27,150.28,150.5,150.625,150.05,1190.91,1189.31
2017-01-30,150.28,150.45,150.575,150.05,1195.51,1192.46
2017-01-31,150.435,150.215,150.585,149.975,1210.61,1195.91
2017-02-01,150.6,150.15,150.775,150.15,1209.65,1211.06
2017-02-02,150.5,150.55,150.7,150.35,1215.78,1209.34
2017-02-03,150.45,150.5,150.65,150.35,1219.27,1215.83
2017-02-06,150.575,150.475,150.8,150.375,1235.45,1219.9
2017-02-07,150.645,150.65,150.9,150.525,1233.75,1235.0
2017-02-08,150.695,150.75,150.9,150.525,1241.51,1233.75
2017-02-09,150.715,150.7,150.89,150.55,1230.91,1241.02
2017-02-10,150.66,150.65,150.66,150.65,1233.81,1228.68
2017-02-13,150.575,150.6,150.875,150.5,1225.33,1232.91
2017-02-14,150.55,150.55,150.85,150.42,1228.09,1225.46
2017-02-15,150.6,150.5,150.85,150.475,1233.67,1227.53
2017-02-16,150.7,150.625,150.875,150.575,1239.1,1233.56
2017-02-17,151.04,150.825,151.365,150.52,1236.12,1239.2
2017-02-20,151.13,151.075,151.54,150.725,1237.82,1235.3
2017-02-21,151.04,151.75,151.875,151.01,1235.78,1237.78
2017-02-22,152.435,150.975,152.51,150.935,1237.49,1236.1
2017-02-23,152.435,152.5,152.635,151.2,1249.63,1237.78
2017-02-24,152.435,152.435,152.435,152.435,1256.68,1249.45
2017-02-27,151.975,151.95,152.5,151.175,1253.04,1258.45
2017-02-28,152.44,152.435,152.68,151.115,1248.89,1252.48
2017-03-01,152.435,151.4,152.435,151.115,1248.87,1248.18
2017-03-02,152.435,151.3,152.435,151.125,1234.46,1249.55
2017-03-03,152.435,151.45,152.435,151.175,1234.3,1234.65
2017-03-06,152.37,151.2,152.445,151.125,1225.47,1234.3
2017-03-07,151.41,151.25,152.37,151.125,1216.84,1225.67
2017-03-08,151.29,151.25,151.6,150.975,1207.51,1215.5
2017-03-09,151.475,151.0,151.7,151.0,1203.29,1208.09
2017-03-10,151.46,151.525,151.625,151.125,1204.45,1200.75
2017-03-13,151.495,151.5,151.79,151.275,1203.95,1206.0
2017-03-14,151.85,151.7,151.85,151.275,1198.94,1202.05
2017-03-15,152.035,151.95,152.11,151.3,1218.47,1199.02
2017-03-16,152.1,152.25,152.525,151.3,1227.3,1219.29
2017-03-17,152.325,152.3,152.45,151.3,1229.42,1226.46
2017-03-20,152.025,152.25,152.45,151.4,1234.51,1230.59
2017-03-21,151.75,151.75,152.05,151.5,1244.59,1234.55
2017-03-22,151.755,152.025,152.08,151.425,1248.43,1245.83
2017-03-23,151.895,152.0,152.175,151.525,1244.46,1247.24
2017-03-24,151.75,152.0,152.225,151.5,1243.73,1244.81
2017-03-27,151.885,152.0,152.2,151.6,1254.47,1246.29
2017-03-28,151.97,152.125,152.175,151.625,1251.9,1253.64
2017-03-29,152.105,152.075,152.275,151.65,1253.7,1250.96
2017-03-30,152.12,152.025,152.255,151.65,1242.34,1253.75
2017-03-31,152.135,152.3,152.365,151.65,1247.31,1242.59
2017-04-03,151.945,152.1,152.225,151.625,1253.55,1250.51
2017-04-04,151.85,151.825,152.005,151.57,1256.27,1253.63
2017-04-05,151.775,151.8,151.925,151.575,1255.52,1256.26
2017-04-06,151.75,151.95,152.0,151.52,1251.49,1255.92
2017-04-07,151.735,152.1,152.175,151.485,1254.75,1252.06
2017-04-10,151.68,151.67,151.68,151.67,1254.14,1254.06
2017-04-11,152.265,151.925,152.565,151.55,1273.57,1255.12
2017-04-12,152.175,152.2,152.69,151.625,1287.06,1274.85
2017-04-13,152.12,152.11,152.12,152.11,1286.99,1286.21
2017-04-17,151.895,152.15,152.5,151.525,1285.16,1290.47
2017-04-18,151.985,152.3,152.45,151.69,1289.63,1284.73
2017-04-19,152.255,152.2,152.475,151.74,1279.96,1289.86
2017-04-20,152.26,152.5,152.85,151.78,1282.18,1280.43
2017-04-21,152.45,152.265,152.825,151.775,1284.94,1282.1
2017-04-24,152.285,152.45,152.75,151.775,1276.01,1275.39
2017-04-25,151.925,152.25,152.775,151.825,1263.92,1276.59
2017-04-26,152.2,152.325,152.6,151.85,1268.23,1264.25
2017-04-27,152.33,152.05,152.5,151.825,1264.65,1268.9
2017-04-28,152.435,151.9,152.535,151.85,1268.16,1264.26
2017-05-01,152.435,152.435,152.435,152.435,1256.15,1268.39
2017-05-02,151.995,152.5,152.565,151.8,1256.95,1256.63
2017-05-03,152.355,152.0,152.715,151.855,1237.56,1256.75
2017-05-04,152.5,152.075,152.765,152.0,1227.89,1238.62
2017-05-05,152.5,152.5,152.815,152.055,1229.41,1228.33
2017-05-08,152.53,152.275,152.93,152.065,1225.51,1221.59
2017-05-09,152.585,152.6,152.86,152.15,1221.11,1226.13
2017-05-10,152.585,152.585,152.585,152.585,1219.34,1222.0
2017-05-11,152.585,152.585,152.585,152.585,1224.98,1219.18
2017-05-12,152.6,152.65,152.8,152.25,1228.01,1225.3
2017-05-15,152.6,152.7,152.75,152.35,1231.06,1228.37
2017-05-16,152.455,152.575,152.88,152.05,1236.78,1231.45
2017-05-17,152.7,152.7,152.825,152.35,1261.91,1237.13
2017-05-18,152.53,152.65,152.85,152.265,1246.88,1261.06
2017-05-19,152.335,152.7,153.0,151.99,1255.14,1247.12
2017-05-22,152.77,152.8,153.0,152.065,1260.65,1257.53
2017-05-23,152.64,152.45,153.025,152.365,1251.44,1260.65
2017-05-24,152.575,152.85,153.015,152.265,1259.86,1251.4
2017-05-25,152.445,152.825,153.03,152.115,1254.99,1258.83
2017-05-26,152.38,152.775,153.065,152.065,1267.36,1255.81
2017-05-29,152.8,152.875,153.015,152.425,1266.88,1267.63
2017-05-30,152.63,152.8,152.975,152.4,1262.35,1267.31
2017-05-31,152.67,152.825,153.0,152.4,1268.58,1263.22
2017-06-01,152.42,152.605,152.975,152.175,1265.11,1269.12
2017-06-02,152.29,152.75,152.99,152.0,1278.29,1265.88
2017-06-05,152.44,152.825,152.925,152.225,1276.57,1280.4
2017-06-06,152.7,152.6,153.175,152.4,1293.83,1279.58
2017-06-07,152.18,152.7,152.9,152.055,1287.49,1294.86
2017-06-08,151.985,152.245,152.285,151.945,1277.27,1287.1
2017-06-09,152.415,152.825,152.925,152.03,1267.65,1281.67
2017-06-12,152.16,152.825,153.0,152.11,1266.19,1267.48
2017-06-13,152.55,152.75,152.95,152.25,1266.31,1265.6
2017-06-14,152.72,152.775,152.995,152.375,1261.26,1266.48
2017-06-15,152.91,152.8,153.17,152.44,1254.89,1260.93
2017-06-16,152.82,152.875,153.18,152.475,1254.55,1254.29
2017-06-19,152.8,152.815,153.36,152.54,1244.36,1254.09
2017-06-20,153.13,153.05,153.495,152.75,1243.68,1244.12
2017-06-21,153.14,153.15,153.57,152.89,1247.68,1243.03
2017-06-22,153.115,153.25,153.61,152.86,1250.58,1245.92
2017-06-23,153.21,153.225,153.49,152.89,1255.86,1250.49
2017-06-26,153.095,153.205,153.39,152.935,1245.31,1257.36
2017-06-27,153.075,153.25,153.53,152.91,1247.63,1244.55
2017-06-28,153.22,153.35,153.45,153.15,1249.49,1247.03
2017-06-29,153.435,153.4,153.6,153.21,1244.72,1249.05
2017-06-30,153.355,153.6,153.655,153.25,1241.38,1245.44
2017-07-03,153.55,153.55,153.625,153.375,1219.22,1241.81
2017-07-04,153.65,153.6,153.725,153.375,1223.98,1221.35
2017-07-05,153.42,153.675,153.8,153.4,1227.35,1223.75
2017-07-06,153.42,153.7,153.75,153.375,1224.6,1227.27
2017-07-07,153.52,153.6,153.725,153.425,1211.97,1225.15
2017-07-10,153.505,153.65,153.78,153.4,1214.39,1213.2
2017-07-11,153.57,153.75,153.8,153.5,1218.18,1214.4
2017-07-12,153.595,153.75,153.785,153.525,1218.29,1217.16
2017-07-13,153.625,153.7,153.8,153.525,1217.57,1219.7
2017-07-14,153.545,153.57,153.78,153.495,1228.47,1216.89
2017-07-17,153.66,153.65,153.8,153.625,1234.1,1229.4
2017-07-18,153.53,153.595,153.825,153.475,1242.4,1234.2
2017-07-19,153.595,153.775,153.875,153.5,1240.26,1242.72
2017-07-20,153.52,153.7,153.8,153.5,1244.0,1241.35
2017-07-21,153.65,153.7,153.8,153.6,1254.29,1244.55
2017-07-24,153.355,153.7,153.775,153.275,1255.08,1255.69
2017-07-25,153.42,153.575,153.65,153.35,1250.1,1255.15
2017-07-26,153.42,153.55,153.65,153.375,1261.31,1250.65
2017-07-27,153.635,153.65,153.77,153.575,1258.65,1260.83
2017-07-28,153.595,153.65,153.825,153.55,1269.18,1259.13
2017-07-31,153.55,153.75,153.775,153.525,1269.4,1270.35
2017-08-01,153.255,153.525,153.65,153.225,1268.66,1269.62
2017-08-02,153.46,153.5,153.575,153.4,1266.65,1269.1
2017-08-03,153.265,153.395,153.59,153.175,1267.92,1266.7
2017-08-04,153.425,153.375,153.5,153.325,1258.82,1268.83
2017-08-07,153.36,153.425,153.435,153.35,1257.18,1259.1
2017-08-08,153.3,153.375,153.45,153.225,1260.28,1257.47
2017-08-09,153.25,153.25,153.325,153.15,1277.37,1260.59
2017-08-10,153.3,153.225,153.3,153.15,1286.56,1277.09
2017-08-11,153.05,153.15,153.225,152.975,1290.96,1286.67
2017-08-14,153.15,153.075,153.175,153.05,1282.04,1290.26
2017-08-15,153.225,153.1,153.35,153.075,1271.5,1281.86
2017-08-16,153.225,153.2,153.275,153.15,1283.15,1271.54
2017-08-17,153.3,153.25,153.45,153.15,1287.53,1284.15
2017-08-18,153.3,153.25,153.425,153.225,1286.6,1288.31
2017-08-21,153.15,153.35,153.4,153.125,1291.98,1282.96
2017-08-22,153.0,153.2,153.325,153.0,1285.05,1291.97
2017-08-23,152.975,153.05,153.05,152.825,1290.75,1285.11
2017-08-24,153.0,152.975,153.025,152.85,1288.18,1290.72
2017-08-25,153.0,153.0,153.025,152.93,1291.08,1286.56
2017-08-28,152.95,152.975,153.025,152.89,1310.84,1292.29
2017-08-29,152.85,152.925,152.975,152.75,1309.86,1315.42
2017-08-30,152.825,152.8,152.925,152.775,1308.41,1309.09
2017-08-31,152.775,152.85,152.875,152.725,1320.64,1309.07
2017-09-01,152.775,152.775,152.775,152.775,1325.67,1321.98
2017-09-04,152.425,152.675,152.8,152.275,1334.38,1335.99
2017-09-05,152.425,152.425,152.425,152.425,1339.68,1334.1
2017-09-06,152.675,152.425,152.75,152.425,1334.29,1339.57
2017-09-07,152.7,152.675,152.775,152.5,1349.2,1334.52
2017-09-08,152.775,152.75,152.83,152.65,1346.54,1349.03
2017-09-11,152.8,152.75,152.875,152.675,1328.15,1334.21
2017-09-12,152.85,152.775,152.925,152.725,1332.0,1327.37
2017-09-13,153.025,152.85,153.04,152.8,1324.14,1334.48
2017-09-14,152.9,152.975,153.2,152.875,1328.97,1323.89
2017-09-15,152.9,152.975,153.025,152.875,1320.91,1329.69
2017-09-18,153.0,152.875,153.15,152.85,1307.22,1320.11
2017-09-19,153.125,153.075,153.275,152.975,1311.15,1306.49
2017-09-20,152.675,153.2,153.25,152.675,1300.93,1311.14
2017-09-21,152.775,152.825,152.925,152.7,1291.98,1301.45
2017-09-22,152.75,152.8,152.875,152.6,1297.19,1291.4
2017-09-25,153.0,152.825,153.075,152.775,1310.78,1297.97
2017-09-26,153.0,153.0,153.05,152.95,1293.11,1311.2
2017-09-27,153.1,153.0,153.2,153.0,1282.82,1294.22
2017-09-28,153.125,153.05,153.225,153.05,1286.0,1282.49
2017-09-29,153.08,153.075,153.2,153.065,1280.59,1287.25
2017-10-02,153.1,153.075,153.175,153.05,1271.14,1280.04
2017-10-03,153.25,153.15,153.3,153.125,1271.65,1270.95
2017-10-04,153.3,153.3,153.42,153.2,1274.24,1271.87
2017-10-05,153.3,153.3,153.3,153.3,1268.37,1274.97
2017-10-06,153.3,153.3,153.35,153.175,1274.88,1268.27
2017-10-09,153.35,153.25,153.35,153.25,1283.55,1276.41
2017-10-10,153.45,153.325,153.45,153.275,1288.05,1284.11
2017-10-11,153.475,153.425,153.55,153.375,1291.75,1288.18
2017-10-12,153.725,153.6,153.75,153.45,1294.41,1292.24
2017-10-13,153.75,153.775,153.8,153.65,1303.5,1293.78
2017-10-16,153.6,153.7,153.75,153.6,1295.79,1303.39
2017-10-17,153.625,153.6,153.675,153.5,1285.7,1295.21
2017-10-18,153.625,153.625,153.625,153.625,1281.58,1285.1
2017-10-19,153.65,153.65,153.725,153.625,1289.86,1281.06
2017-10-20,153.7,153.7,153.7,153.6,1280.68,1289.74
2017-10-23,153.7,153.7,153.775,153.6,1281.5,1278.49
2017-10-24,153.8,153.765,153.925,153.725,1276.78,1282.15
2017-10-25,153.85,153.9,153.925,153.75,1276.98,1276.84
2017-10-26,153.6,153.765,153.9,153.55,1267.56,1277.42
2017-10-27,153.55,153.55,153.675,153.475,1273.25,1267.21
2017-10-30,153.6,153.55,153.7,153.525,1276.22,1272.74
2017-10-31,153.625,153.6,153.65,153.575,1271.31,1276.22
2017-11-01,153.7,153.65,153.75,153.625,1274.71,1270.6
2017-11-02,153.6,153.7,153.7,153.575,1278.61,1275.74
2017-11-03,153.6,153.6,153.6,153.6,1269.96,1277.59
2017-11-06,153.6,153.7,153.7,153.5,1281.38,1270.24
2017-11-07,153.425,153.6,153.6,153.325,1274.69,1281.76
2017-11-08,153.375,153.4,153.425,153.15,1281.55,1275.89
2017-11-09,153.6,153.3,153.625,153.3,1285.83,1281.91
2017-11-10,153.6,153.625,153.7,153.55,1275.9,1285.31
2017-11-13,153.65,153.575,153.675,153.55,1277.67,1275.07
2017-11-14,153.6,153.6,153.65,153.55,1278.37,1278.69
2017-11-15,153.8,153.7,153.85,153.625,1278.21,1280.54
2017-11-16,153.65,153.85,153.9,153.65,1278.86,1278.07
2017-11-17,153.65,153.65,153.8,153.575,1293.76,1279.0
2017-11-20,153.75,153.65,153.825,153.65,1276.78,1293.16
2017-11-21,153.78,153.825,153.9,153.74,1280.52,1276.99
2017-11-22,153.75,153.775,153.85,153.7,1292.09,1280.68
2017-11-23,153.725,153.75,153.75,153.625,1291.17,1292.06
2017-11-24,153.75,153.7,153.825,153.665,1288.59,1291.63
2017-11-27,153.6,153.75,153.8,153.6,1294.5,1289.24
2017-11-28,153.8,153.65,153.8,153.575,1293.95,1294.33
2017-11-29,153.775,153.775,153.85,153.725,1283.84,1294.02
2017-11-30,153.6,153.75,153.8,153.525,1274.87,1283.94
2017-12-01,153.6,153.6,153.6,153.6,1280.78,1274.57
2017-12-04,153.55,153.6,153.7,153.55,1276.13,1274.8
2017-12-05,153.35,153.5,153.575,153.3,1265.96,1276.19
2017-12-06,153.325,153.35,153.375,153.275,1263.31,1265.91
2017-12-07,153.4,153.35,153.475,153.3,1247.2,1263.2
2017-12-08,153.2,153.35,153.375,153.1,1248.02,1247.63
2017-12-11,153.1,153.1,153.15,152.95,1242.1,1248.52
2017-12-12,153.11,153.1,153.16,153.025,1244.56,1241.94
2017-12-13,153.2,153.075,153.25,153.075,1255.49,1244.25
2017-12-14,153.2,153.3,153.425,153.175,1252.88,1255.36
2017-12-15,153.15,153.15,153.325,153.1,1255.77,1252.97
2017-12-18,153.175,153.15,153.24,153.075,1262.3,1254.99
2017-12-19,153.125,153.15,153.225,153.075,1261.75,1262.35
2017-12-20,153.1,153.15,153.175,153.025,1265.54,1261.67
2017-12-21,152.925,153.025,153.025,152.8,1266.62,1265.57
2017-12-22,152.95,152.95,153.1,152.85,1274.12,1266.75
2017-12-26,152.7,152.9,152.925,152.675,1282.95,1275.07
2017-12-27,152.425,152.675,152.8,152.425,1287.15,1283.5
2017-12-28,153.4,152.525,153.5,152.475,1294.96,1288.13
2017-12-29,153.5,153.5,153.7,152.95,1303.33,1295.26
2018-01-02,153.55,153.55,153.75,153.325,1317.63,1303.38
2018-01-03,153.7,153.6,153.825,153.6,1313.15,1317.61
2018-01-04,153.65,153.75,153.8,153.525,1322.67,1313.23
2018-01-05,153.525,153.6,153.65,153.375,1320.5,1322.73
2018-01-08,153.775,153.6,153.825,153.575,1320.44,1320.97
2018-01-09,153.8,153.8,153.925,153.7,1312.79,1320.69
2018-01-10,153.8,153.8,153.875,153.7,1316.99,1312.32
2018-01-11,153.75,153.8,153.85,153.675,1322.41,1316.99
2018-01-12,153.95,153.7,153.95,153.7,1338.15,1322.89
2018-01-15,153.95,153.95,153.95,153.95,1340.15,1336.55
2018-01-16,153.925,153.95,154.0,153.825,1338.43,1340.45
2018-01-17,153.95,153.925,154.0,153.775,1326.98,1338.68
2018-01-18,153.875,153.95,153.95,153.75,1327.05,1327.35
2018-01-19,153.9,153.875,153.95,153.775,1332.28,1327.11
2018-01-22,154.05,153.95,154.125,153.85,1333.94,1334.87
2018-01-23,154.15,154.05,154.25,154.0,1341.29,1333.8
2018-01-24,153.75,154.125,154.15,153.75,1358.52,1341.83
2018-01-25,153.75,153.75,153.875,153.675,1348.06,1357.99
2018-01-26,153.7,153.75,153.825,153.65,1349.64,1347.51
2018-01-29,153.725,153.7,153.89,153.675,1340.4,1350.05
2018-01-30,153.975,153.75,154.05,153.75,1338.67,1340.74
2018-01-31,153.975,153.975,153.975,153.975,1345.13,1338.35
2018-02-01,154.125,153.95,154.235,153.9,1348.69,1345.09
2018-02-02,154.25,154.2,154.25,154.1,1331.97,1348.99
2018-02-05,154.25,154.25,154.25,154.25,1339.57,1332.12
2018-02-06,154.7,154.35,154.7,154.2,1324.25,1340.0
2018-02-07,154.575,154.6,154.7,154.525,1318.47,1324.05
2018-02-08,154.35,154.55,154.675,154.35,1318.75,1318.17
2018-02-09,154.35,154.35,154.375,154.215,1314.84,1318.4
2018-02-12,154.95,154.3,155.025,154.3,1322.71,1315.15
2018-02-13,154.95,154.95,154.95,154.95,1329.57,1322.71
2018-02-14,155.6,154.95,155.95,154.95,1350.61,1329.55
2018-02-15,154.925,155.4,155.65,154.9,1353.58,1350.32
2018-02-16,155.225,155.125,155.225,154.95,1348.76,1353.6
2018-02-19,155.5,155.175,155.5,155.15,1346.74,1347.61
2018-02-20,155.5,155.45,155.525,155.3,1329.2,1346.58
2018-02-21,155.225,155.45,155.55,155.2,1324.62,1329.28
2018-02-22,155.2,155.2,155.275,155.1,1331.56,1324.01
2018-02-23,155.175,155.23,155.315,155.15,1329.32,1331.4
2018-02-26,154.9,155.15,155.325,154.775,1333.34,1327.95
2018-02-27,154.875,154.9,154.975,154.8,1318.37,1333.26
2018-02-28,155.05,154.875,155.1,154.875,1318.23,1317.95
2018-03-01,155.05,155.05,155.05,155.05,1317.1,1319.52
2018-03-02,155.225,155.1,155.285,155.05,1321.95,1317.4
2018-03-05,154.95,155.15,155.25,154.95,1320.42,1323.71
2018-03-06,155.075,155.05,155.175,154.95,1334.58,1319.95
2018-03-07,155.375,155.1,155.375,155.075,1325.62,1337.79
2018-03-08,155.425,155.4,155.65,155.25,1322.05,1325.4
2018-03-09,155.5,155.4,155.55,155.325,1323.45,1322.15
2018-03-12,155.65,155.5,155.715,155.475,1323.0,1323.03
2018-03-13,155.75,155.65,155.85,155.6,1324.97,1323.65
2018-03-14,155.85,155.75,155.9,155.6,1325.5,1326.25
2018-03-15,156.05,155.8,156.075,155.775,1317.35,1323.75
2018-03-16,156.025,156.05,156.2,155.95,1313.77,1316.31
2018-03-19,156.1,156.05,156.275,155.975,1317.14,1313.48
2018-03-20,156.1,156.125,156.185,156.05,1311.2,1317.12
2018-03-21,156.05,156.1,156.135,155.875,1332.97,1311.36
2018-03-22,156.135,156.1,156.175,155.825,1330.22,1332.08
2018-03-23,156.15,156.025,156.175,156.0,1347.4,1331.05
2018-03-26,156.075,156.1,156.175,156.025,1353.52,1347.18
2018-03-27,156.075,156.1,156.15,156.0,1344.65,1353.71
2018-03-28,155.675,156.1,156.125,155.65,1325.04,1345.72
2018-03-29,155.7,155.625,156.075,155.6,1325.43,1324.9
2018-04-02,155.225,155.6,155.7,155.05,1341.31,1326.02
2018-04-03,155.8,155.15,155.85,155.1,1332.78,1340.76
2018-04-04,155.95,155.7,156.175,155.65,1333.38,1332.89
2018-04-05,155.5,155.95,155.95,155.25,1326.62,1333.0
2018-04-06,155.5,155.65,155.65,155.35,1333.45,1326.7
2018-04-09,155.55,155.35,155.665,155.3,1336.28,1334.32
2018-04-10,155.55,155.45,155.625,155.425,1339.48,1336.3
2018-04-11,155.7,155.65,155.85,155.55,1353.34,1339.49
2018-04-12,155.675,155.6,155.825,155.575,1335.15,1352.87
2018-04-13,155.675,155.675,155.675,155.675,1344.4,1334.9
2018-04-16,155.975,155.65,156.05,155.65,1345.68,1343.2
2018-04-17,156.35,156.05,156.475,155.95,1347.29,1345.88
2018-04-18,156.4,156.4,156.575,156.3,1349.39,1347.7
2018-04-19,156.15,156.425,156.425,156.0,1345.71,1349.44
2018-04-20,156.35,156.225,156.45,156.225,1335.66,1345.91
2018-04-23,156.825,156.3,157.0,156.3,1324.84,1334.68
2018-04-24,156.95,156.8,157.375,156.75,1330.35,1324.58
2018-04-25,157.7,157.15,157.85,157.15,1323.2,1330.05
2018-04-26,157.6,157.65,157.8,157.375,1316.93,1322.88
2018-04-27,157.7,157.6,157.8,157.025,1323.61,1316.91
2018-04-30,157.7,157.7,157.7,157.7,1315.93,1323.9
2018-05-01,157.7,157.75,157.9,157.65,1304.21,1315.38
2018-05-02,157.575,157.65,158.0,157.525,1305.72,1304.16
2018-05-03,157.675,157.85,158.0,157.625,1312.75,1304.59
2018-05-04,157.53,157.8,158.0,157.515,1314.34,1312.12
2018-05-07,157.53,157.53,157.53,157.53,1314.78,1317.54
2018-05-08,157.6,157.55,157.825,157.45,1313.25,1313.59
2018-05-09,158.0,157.8,158.05,157.55,1313.17,1314.8
2018-05-10,157.8,157.8,158.05,157.8,1320.67,1312.72
2018-05-11,157.8,157.9,158.05,157.775,1319.28,1321.64
2018-05-14,158.025,157.9,158.1,157.8,1314.11,1318.36
2018-05-15,158.1,157.95,158.275,157.9,1291.41,1312.98
2018-05-16,158.15,158.1,158.7,157.95,1290.38,1290.09
2018-05-17,157.8,158.2,158.325,157.8,1290.74,1290.62
2018-05-18,157.75,157.85,158.05,157.7,1291.89,1290.9
2018-05-21,157.8,157.85,157.95,157.75,1292.54,1290.78
2018-05-22,157.9,157.925,158.1,157.825,1291.62,1292.75
2018-05-23,157.85,157.9,158.1,157.8,1294.17,1291.26
2018-05-24,158.0,157.95,158.15,157.85,1304.48,1294.1
2018-05-25,158.05,158.0,158.15,157.95,1300.11,1304.46
2018-05-28,157.95,158.05,158.1,157.9,1297.7,1300.34
2018-05-29,157.95,157.95,157.95,157.95,1299.14,1297.49
2018-05-30,158.1,157.975,158.2,157.95,1300.43,1298.61
2018-05-31,158.25,158.25,158.4,157.95,1298.46,1301.62
2018-06-01,158.65,158.35,158.725,158.175,1293.65,1298.97
2018-06-04,158.525,158.6,158.65,158.25,1293.1,1292.62
2018-06-05,158.45,158.5,158.7,158.35,1295.02,1292.44
2018-06-06,158.7,158.35,158.75,158.35,1296.78,1296.57
2018-06-07,158.9,158.7,159.0,158.65,1294.43,1296.68
2018-06-08,159.05,158.9,159.075,158.775,1298.53,1297.1
2018-06-11,159.2,158.9,159.325,158.85,1300.39,1300.01
2018-06-12,159.5,159.1,159.85,159.1,1297.72,1300.33
2018-06-13,159.7,159.375,159.9,159.25,1299.5,1295.97
2018-06-14,159.65,159.5,160.25,159.35,1303.06,1299.79
2018-06-15,159.65,159.65,159.65,159.65,1279.97,1302.61
2018-06-18,159.9,159.7,159.95,159.5,1277.64,1277.73
2018-06-19,160.0,159.85,160.1,159.6,1275.37,1278.33
2018-06-20,159.9,160.0,160.3,159.725,1268.94,1274.71
2018-06-21,159.5,159.85,160.0,159.4,1266.47,1267.61
2018-06-22,159.0,159.45,159.65,158.575,1270.23,1266.99
2018-06-25,158.9,158.9,158.95,158.575,1265.53,1270.2
2018-06-26,158.35,158.7,158.875,158.25,1259.75,1265.76
2018-06-27,158.35,158.35,158.35,158.35,1252.93,1258.99
2018-06-28,158.3,158.25,158.375,157.95,1249.32,1251.91
2018-06-29,158.3,158.3,158.5,158.125,1252.55,1248.29
2018-07-02,158.4,158.25,158.55,158.25,1242.51,1251.96
2018-07-03,158.4,158.325,158.6,158.225,1252.12,1241.88
2018-07-04,158.7,158.35,158.775,158.35,1256.98,1252.43
2018-07-05,158.95,158.55,159.125,158.5,1257.41,1256.73
2018-07-06,159.2,158.75,159.325,158.675,1254.99,1257.62
2018-07-09,159.3,159.0,159.325,158.85,1258.23,1255.15
2018-07-10,159.275,159.3,159.375,159.075,1256.27,1257.74
2018-07-11,159.35,159.275,159.425,159.175,1242.39,1256.2
2018-07-12,159.4,159.3,159.5,159.225,1247.21,1242.3
2018-07-13,159.55,159.3,159.6,159.3,1241.67,1247.3
2018-07-16,159.8,159.45,159.925,159.4,1240.71,1240.93
2018-07-17,159.9,159.75,159.95,159.65,1228.16,1240.73
2018-07-18,159.9,159.9,160.15,159.75,1226.78,1227.1
2018-07-19,159.95,159.9,160.1,159.725,1222.92,1227.36
2018-07-20,159.95,159.95,160.15,159.825,1230.99,1223.03
2018-07-23,159.5,159.9,159.95,159.4,1225.92,1231.77
2018-07-24,159.425,159.5,159.6,159.425,1224.36,1224.79
2018-07-25,159.55,159.5,159.6,159.4,1232.77,1224.24
2018-07-26,159.6,159.5,159.65,159.4,1223.76,1232.05
2018-07-27,159.6,159.6,159.6,159.6,1223.56,1222.96
2018-07-30,159.65,159.55,159.9,159.55,1222.56,1222.69
2018-07-31,159.65,159.7,159.825,159.6,1222.92,1221.79
2018-08-01,159.5,159.625,159.75,159.5,1215.39,1223.95
2018-08-02,159.7,159.65,159.8,159.525,1208.59,1215.99
2018-08-03,159.8,159.65,159.9,159.625,1213.69,1207.99
2018-08-06,159.75,159.7,159.925,159.65,1206.17,1213.91
2018-08-07,159.75,159.7,159.9,159.675,1212.58,1207.49
2018-08-08,159.85,159.75,159.95,159.7,1211.75,1210.83
2018-08-09,159.95,159.85,160.125,159.8,1212.48,1213.96
2018-08-10,159.95,160.0,160.15,159.9,1211.51,1212.63
2018-08-13,160.0,160.0,160.225,159.9,1194.28,1211.18
2018-08-14,160.15,160.05,160.2,160.0,1193.88,1194.13
2018-08-15,160.15,160.15,160.275,160.075,1175.49,1194.31
2018-08-16,160.5,160.15,160.55,160.15,1176.6,1175.99
2018-08-17,160.45,160.5,160.575,160.425,1184.35,1174.09
2018-08-20,160.5,160.525,160.65,160.4,1190.46,1183.59
2018-08-21,160.6,160.55,160.675,160.475,1196.03,1190.61
2018-08-22,160.6,160.6,160.6,160.6,1196.67,1196.25
2018-08-23,160.7,160.6,160.875,160.575,1184.82,1196.05
2018-08-24,161.0,160.7,161.05,160.7,1205.76,1185.52
2018-08-27,161.1,161.0,161.15,160.8,1210.96,1207.64
2018-08-28,161.25,161.125,161.4,161.0,1201.89,1211.39
2018-08-29,161.4,161.15,161.5,161.1,1206.41,1201.29
2018-08-30,161.45,161.5,161.6,161.41,1200.33,1206.8
2018-08-31,161.5,161.45,161.575,161.4,1199.52,1200.52
2018-09-03,161.6,161.525,161.65,161.4,1201.38,1201.09
2018-09-04,161.9,161.6,161.975,161.55,1190.86,1201.54
2018-09-05,162.2,161.95,162.3,161.9,1196.69,1191.31
2018-09-06,161.6,162.25,162.65,161.2,1200.15,1196.64
2018-09-07,162.05,161.6,162.075,161.35,1196.45,1200.3
2018-09-10,162.4,161.95,162.4,161.9,1195.1,1195.23
2018-09-11,162.3,162.425,162.435,162.15,1196.81,1195.33
2018-09-12,162.5,162.35,162.75,162.275,1206.09,1198.54
2018-09-13,162.85,162.5,162.9,162.4,1201.95,1207.15
2018-09-14,163.8,162.95,163.8,162.85,1194.11,1201.66
2018-09-17,164.9,163.75,165.1,163.75,1201.34,1194.34
2018-09-18,165.85,165.1,165.925,165.05,1198.36,1201.65
2018-09-19,167.125,166.05,167.2,165.7,1204.04,1198.25
2018-09-20,168.8,167.05,168.9,166.9,1207.2,1203.95
2018-09-21,168.675,168.95,168.95,167.975,1199.01,1207.5
2018-09-24,168.675,168.675,168.675,168.675,1199.65,1199.69
2018-09-25,168.75,168.65,168.95,168.25,1200.04,1198.86
2018-09-26,168.95,168.95,169.2,168.65,1194.4,1201.14
2018-09-27,169.25,168.95,169.4,168.825,1182.7,1194.9
2018-09-28,169.15,169.2,169.4,169.1,1191.96,1183.03
2018-10-01,169.1,169.25,169.35,169.0,1188.45,1192.48
2018-10-02,169.325,169.05,169.4,169.0,1202.3,1189.01
2018-10-03,169.85,169.25,169.9,169.25,1198.21,1203.44
2018-10-04,170.025,169.8,170.15,169.7,1200.81,1197.7
2018-10-05,170.3,170.025,170.5,169.95,1202.97,1200.03
2018-10-08,170.65,170.45,170.825,170.075,1187.94,1203.31
2018-10-09,171.05,170.6,171.1,170.5,1189.75,1188.62
2018-10-10,171.25,171.15,171.75,170.9,1193.89,1189.49
2018-10-11,171.3,171.25,171.5,171.05,1223.39,1195.02
2018-10-12,169.75,171.35,171.45,169.45,1218.06,1224.44
2018-10-15,170.35,169.7,170.6,169.5,1226.18,1217.7
2018-10-16,170.85,170.8,171.2,170.55,1227.03,1227.08
2018-10-17,171.05,170.95,171.15,170.75,1223.51,1224.31
2018-10-18,171.3,171.05,171.475,170.9,1228.15,1222.31
2018-10-19,171.775,171.15,171.8,171.15,1226.44,1225.72
2018-10-22,172.6,171.6,172.6,171.6,1222.1,1227.44
2018-10-23,172.65,172.65,173.0,172.25,1231.62,1222.0
2018-10-24,172.65,172.65,172.65,172.65,1233.9,1230.54
2018-10-25,172.75,172.7,173.0,172.3,1231.58,1234.64
2018-10-26,172.9,172.9,173.125,172.65,1233.94,1232.24
2018-10-29,173.95,173.1,174.2,173.1,1230.24,1233.31
2018-10-30,174.45,174.0,174.75,173.65,1223.45,1229.85
2018-10-31,175.6,174.45,175.8,174.425,1215.37,1222.63
2018-11-01,174.25,175.25,175.8,173.5,1232.93,1215.32
2018-11-02,174.35,173.9,174.6,173.9,1233.04,1234.22
2018-11-05,174.35,174.0,174.65,174.0,1231.9,1233.19
2018-11-06,174.35,174.35,174.35,174.35,1227.46,1231.7
2018-11-07,174.75,174.45,175.075,174.25,1227.13,1227.24
2018-11-08,174.85,174.75,175.2,174.7,1223.63,1226.6
2018-11-09,175.1,174.9,175.475,174.9,1209.95,1223.55
2018-11-12,175.75,174.925,175.95,174.9,1200.01,1208.41
2018-11-13,176.1,175.65,176.3,175.55,1202.2,1200.53
2018-11-14,176.2,176.05,176.6,175.6,1211.69,1202.2
2018-11-15,176.55,176.5,176.85,175.8,1214.22,1211.18
2018-11-16,176.75,176.4,176.8,176.275,1222.05,1213.91
2018-11-19,177.25,176.55,177.4,176.525,1224.09,1222.51
2018-11-20,177.25,177.25,177.25,177.25,1221.33,1224.12
2018-11-21,178.75,177.475,178.75,177.25,1226.64,1221.73
2018-11-22,178.75,178.75,178.75,178.75,1227.38,1226.13
2018-11-23,179.6,178.9,180.075,178.25,1223.11,1227.13
2018-11-26,180.25,179.55,180.4,179.55,1223.53,1223.49
2018-11-27,180.35,180.15,180.75,179.9,1215.72,1222.27
2018-11-28,179.65,180.35,180.9,179.1,1221.14,1214.96
2018-11-29,179.75,179.4,179.975,179.25,1224.75,1220.81
2018-11-30,178.8,179.65,179.95,178.75,1222.13,1224.29
2018-12-03,178.85,179.05,179.2,178.5,1231.54,1222.34
2018-12-04,179.05,178.725,179.175,178.6,1239.03,1231.33
2018-12-05,179.35,179.0,179.375,178.95,1237.31,1239.1
2018-12-06,179.25,179.2,179.45,179.0,1238.42,1237.47
2018-12-07,178.55,179.25,179.25,178.425,1248.53,1238.05
2018-12-10,178.95,178.4,179.05,178.4,1244.45,1249.96
2018-12-11,179.3,179.15,179.35,178.95,1243.66,1244.62
2018-12-12,179.425,179.05,179.7,179.05,1245.64,1243.17
2018-12-13,179.75,179.7,179.825,179.35,1242.66,1246.37
2018-12-14,179.8,179.75,180.05,179.45,1238.43,1241.92
2018-12-17,179.9,180.0,180.05,179.6,1246.7,1239.22
2018-12-18,180.05,179.8,180.225,179.75,1248.35,1246.07
2018-12-19,180.35,180.025,180.65,180.025,1243.07,1249.85
2018-12-20,181.0,180.6,181.15,180.45,1260.68,1243.46
2018-12-21,181.2,180.9,181.4,180.9,1255.46,1260.55
2018-12-24,181.55,181.2,181.65,181.2,1269.2,1257.54
2018-12-26,181.65,181.5,182.025,181.35,1267.41,1269.3
2018-12-27,182.35,181.75,182.375,181.65,1275.59,1266.68
2018-12-28,183.0,182.45,183.2,182.25,1280.04,1275.68
2018-12-31,182.9,183.05,183.2,182.7,1282.56,1280.85
2019-01-02,182.95,182.65,183.05,182.6,1283.74,1282.6
2019-01-03,182.9,182.8,183.075,182.7,1293.53,1286.46
2019-01-04,182.75,183.05,183.05,182.575,1285.03,1294.23
2019-01-07,182.25,182.75,182.875,182.175,1288.78,1286.01
2019-01-08,182.6,182.25,182.6,182.2,1284.67,1288.88
2019-01-09,182.45,182.625,182.85,182.35,1292.77,1285.07
2019-01-10,182.05,182.4,182.475,181.75,1287.72,1293.87
2019-01-11,181.95,181.7,182.3,181.6,1288.25,1286.67
2019-01-14,182.25,181.95,182.35,181.95,1291.55,1287.68
2019-01-15,182.25,182.25,182.25,182.25,1289.34,1292.08
2019-01-16,182.35,182.5,182.525,182.125,1294.33,1289.34
2019-01-17,181.6,182.4,182.475,181.6,1291.85,1294.15
2019-01-18,181.65,181.85,182.0,181.55,1280.96,1292.28
2019-01-21,181.8,181.525,181.95,181.5,1280.28,1280.81
2019-01-22,182.15,181.825,182.25,181.7,1283.53,1279.67
2019-01-23,182.2,182.025,182.4,181.95,1283.15,1285.22
2019-01-24,181.75,182.3,182.35,181.525,1281.05,1283.07
2019-01-25,181.65,181.8,181.875,181.325,1300.23,1280.96
2019-01-28,181.575,181.6,181.7,181.45,1302.85,1302.32
2019-01-29,180.85,181.6,181.85,180.75,1310.86,1303.4
2019-01-30,179.4,180.95,181.0,178.7,1320.58,1312.06
2019-01-31,178.4,179.45,179.45,178.3,1321.37,1320.6
2019-02-01,176.65,178.4,178.425,176.4,1317.93,1321.34
2019-02-04,176.65,176.65,176.65,176.65,1311.3,1318.18
2019-02-05,178.25,177.15,178.4,177.0,1314.91,1312.24
2019-02-06,177.6,178.25,178.6,177.375,1307.21,1315.46
2019-02-07,177.75,177.85,177.85,177.35,1310.94,1306.8
2019-02-08,177.75,177.7,178.25,177.5,1314.45,1310.4
2019-02-11,177.75,177.8,177.875,177.55,1308.06,1314.43
2019-02-12,178.3,177.825,178.375,177.775,1310.3,1308.22
2019-02-13,178.5,178.35,178.925,178.15,1306.54,1309.56
2019-02-14,178.55,178.6,178.8,178.45,1311.97,1305.96
2019-02-15,178.65,178.6,178.825,178.475,1321.04,1312.79
2019-02-18,179.6,178.7,180.02,178.6,1326.53,1321.64
2019-02-19,179.6,179.6,179.6,179.6,1340.51,1326.19
2019-02-20,179.7,180.0,180.0,179.35,1339.14,1340.6
2019-02-21,179.5,179.75,179.8,179.425,1324.52,1338.86
2019-02-22,179.475,179.55,179.675,179.3,1328.46,1325.83
2019-02-25,179.75,179.5,179.875,179.5,1328.15,1329.06
2019-02-26,179.85,179.7,179.95,179.675,1328.52,1327.54
2019-02-27,179.85,179.9,179.975,179.6,1321.01,1323.75
2019-02-28,180.025,180.0,180.575,179.875,1312.45,1319.88
2019-03-01,179.75,180.1,180.1,179.475,1291.39,1314.14
2019-03-04,179.75,179.75,179.75,179.75,1287.38,1290.36
2019-03-05,179.05,179.625,179.8,178.95,1288.48,1286.54
2019-03-06,178.5,179.05,179.1,178.0,1286.06,1287.79
2019-03-07,178.65,178.375,178.675,178.15,1285.07,1286.71
2019-03-08,178.55,178.475,178.7,178.2,1300.17,1286.07
2019-03-11,178.625,178.45,178.675,178.35,1293.71,1296.67
2019-03-12,178.75,178.75,178.9,178.55,1301.22,1293.01
2019-03-13,178.85,178.85,179.05,178.725,1308.9,1301.0
2019-03-14,178.85,178.925,179.05,178.725,1296.48,1309.9
2019-03-15,178.55,178.875,179.0,178.35,1302.25,1296.51
2019-03-18,178.325,178.5,178.7,178.125,1303.89,1302.31
2019-03-19,178.5,178.55,178.575,178.35,1306.05,1303.46
2019-03-20,178.5,178.5,178.5,178.5,1313.69,1306.85
2019-03-21,178.1,178.55,178.55,177.9,1309.36,1314.13
2019-03-22,178.05,177.975,178.225,177.95,1313.31,1309.2
2019-03-25,178.125,178.025,178.3,177.95,1321.84,1312.6
2019-03-26,177.35,178.1,178.225,177.3,1316.08,1322.26
2019-03-27,176.15,177.355,177.5,175.75,1309.78,1316.53
2019-03-28,176.2,176.375,176.5,175.75,1290.6,1309.65
2019-03-29,175.475,176.1,176.225,175.15,1292.3,1291.14
2019-04-01,174.375,175.45,175.475,174.225,1287.7,1292.46
2019-04-02,174.55,174.625,174.7,174.15,1292.5,1287.75
2019-04-03,174.7,174.45,174.85,174.4,1290.46,1292.55
2019-04-04,174.625,174.4,174.85,174.4,1291.7,1290.24
2019-04-05,174.85,174.775,174.975,174.625,1291.91,1292.32
2019-04-08,174.675,174.65,174.925,174.525,1298.22,1291.95
2019-04-09,174.75,174.625,174.9,174.6,1305.19,1297.71
2019-04-10,174.625,174.6,174.9,174.5,1306.86,1304.38
2019-04-11,174.575,174.7,174.85,174.5,1293.17,1308.37
2019-04-12,174.6,174.675,174.725,174.475,1290.34,1292.79
2019-04-15,174.6,174.6,174.6,174.6,1289.0,1291.42
2019-04-16,174.675,174.65,174.825,174.525,1276.9,1287.89
2019-04-17,174.6,174.575,174.75,174.5,1274.54,1276.88
2019-04-18,174.1,174.5,174.625,174.0,1275.77,1273.8
2019-04-22,174.65,174.45,175.1,174.325,1274.86,1275.64
2019-04-23,174.7,174.65,174.8,174.425,1271.78,1275.3
2019-04-24,174.9,174.8,175.2,174.5,1275.62,1272.3
2019-04-25,175.25,175.05,175.4,174.85,1276.71,1275.91
2019-04-26,175.45,175.25,176.0,174.975,1285.53,1277.19
2019-04-29,175.8,175.25,175.9,175.25,1280.79,1287.44
2019-04-30,176.2,175.5,176.55,175.425,1283.48,1280.1
2019-05-01,176.2,176.2,176.2,176.2,1277.63,1283.34
2019-05-02,176.6,176.25,177.025,176.025,1270.92,1276.95
2019-05-03,177.375,176.8,177.375,176.4,1278.29,1270.74
2019-05-06,177.45,177.05,177.8,176.9,1280.5,1278.94
2019-05-07,177.0,177.25,177.75,176.675,1281.78,1281.33
2019-05-08,174.7,176.75,177.0,174.6,1281.57,1284.41
2019-05-09,175.45,175.15,175.8,175.0,1283.91,1280.9
2019-05-10,176.35,175.75,176.425,175.55,1286.07,1284.23
2019-05-13,176.65,176.35,176.825,176.2,1299.23,1287.92
2019-05-14,176.75,176.6,177.0,176.4,1295.77,1300.09
2019-05-15,176.25,176.8,176.85,176.2,1296.51,1297.19
2019-05-16,176.05,176.4,176.45,175.925,1288.0,1296.65
2019-05-17,175.8,175.95,176.125,175.575,1278.08,1287.04
2019-05-20,175.8,175.8,175.8,175.8,1276.53,1277.62
2019-05-21,176.15,175.875,176.375,175.875,1274.68,1277.72
2019-05-22,176.55,176.35,176.85,176.25,1274.07,1274.79
2019-05-23,176.525,176.575,176.9,176.4,1284.02,1273.4
2019-05-24,176.475,176.35,176.625,176.325,1284.79,1281.05
2019-05-27,176.25,176.4,176.45,175.825,1285.11,1284.64
2019-05-28,176.275,176.225,176.5,176.125,1278.48,1285.28
2019-05-29,176.3,176.15,176.4,176.1,1281.65,1279.48
2019-05-30,176.375,176.35,176.8,176.175,1288.55,1280.28
2019-05-31,176.35,176.5,176.65,176.35,1305.87,1288.45
2019-06-03,176.5,176.55,176.65,176.35,1325.24,1307.21
2019-06-04,176.425,176.4,176.65,176.275,1325.53,1324.88
2019-06-05,176.425,176.425,176.425,176.425,1330.27,1325.36
2019-06-06,176.425,176.525,176.625,176.225,1335.32,1331.22
2019-06-07,176.425,176.45,176.525,176.325,1341.35,1335.56
2019-06-10,176.45,176.4,176.675,176.34,1327.98,1336.47
2019-06-11,176.45,176.45,176.585,176.35,1326.85,1327.95
2019-06-12,176.5,176.45,176.65,176.4,1333.54,1326.87
2019-06-13,176.6,176.55,176.675,176.425,1342.19,1333.98
2019-06-14,176.7,176.65,176.975,176.5,1341.08,1342.28
2019-06-17,176.8,176.85,177.05,176.675,1339.65,1342.07
2019-06-18,176.825,176.775,176.975,176.725,1346.58,1340.11
2019-06-19,176.675,176.75,176.9,176.55,1360.36,1346.56
2019-06-20,176.725,176.775,176.825,176.5,1388.51,1360.42
2019-06-21,176.675,176.875,176.9,176.6,1399.03,1387.56
2019-06-24,176.525,176.775,176.85,176.45,1419.7,1400.48
2019-06-25,176.5,176.525,176.65,176.05,1423.44,1419.71
2019-06-26,176.6,176.425,176.7,176.375,1408.98,1423.84
2019-06-27,176.6,176.475,176.675,176.35,1409.76,1409.59
2019-06-28,176.5,176.45,176.675,176.35,1411.07,1409.96
2019-07-01,176.3,176.425,176.5,176.1,1384.2,1398.55
2019-07-02,176.35,176.2,176.5,176.2,1418.62,1383.97
2019-07-03,176.05,176.25,176.35,175.925,1418.41,1421.68
2019-07-04,176.125,176.05,176.225,176.0,1415.19,1419.25
2019-07-05,176.15,176.05,176.25,175.95,1400.78,1415.41
2019-07-08,176.15,176.15,176.275,175.95,1395.52,1398.73
2019-07-09,175.675,175.95,176.125,175.5,1397.57,1395.41
2019-07-10,175.45,175.7,176.225,175.35,1418.93,1397.47
2019-07-11,175.4,175.65,175.65,175.25,1403.83,1418.75
2019-07-12,175.5,175.55,175.625,175.3,1414.63,1404.51
2019-07-15,175.725,175.425,175.725,175.425,1414.1,1415.76
2019-07-16,175.725,175.725,175.725,175.725,1406.08,1414.64
2019-07-17,175.675,175.55,175.775,175.55,1426.51,1406.28
2019-07-18,175.75,175.625,175.8,175.575,1446.08,1426.86
2019-07-19,175.8,175.75,175.925,175.6,1425.7,1447.07
2019-07-22,175.875,175.8,175.975,175.65,1424.89,1427.78
2019-07-23,176.05,175.95,176.2,175.85,1417.86,1425.32
2019-07-24,176.2,176.05,176.275,176.05,1425.85,1417.92
2019-07-25,176.2,176.275,176.35,176.05,1414.6,1425.83
2019-07-26,176.2,176.25,176.3,176.075,1416.66,1414.32
2019-07-29,176.2,176.2,176.3,176.1,1426.84,1419.32
2019-07-30,176.25,176.13,176.4,176.125,1430.84,1426.96
2019-07-31,176.375,176.125,176.5,176.125,1413.73,1431.15
2019-08-01,176.5,176.375,176.575,176.35,1445.09,1413.05
2019-08-02,176.65,176.525,176.75,176.35,1440.97,1445.72
2019-08-05,176.95,176.575,177.025,176.575,1464.0,1440.0
2019-08-06,177.45,177.0,177.625,176.875,1474.35,1468.76
2019-08-07,177.425,177.675,177.75,177.3,1501.13,1474.45
2019-08-08,176.9,177.55,177.575,176.7,1500.86,1500.33
2019-08-09,176.85,176.95,177.125,176.675,1498.48,1505.69
2019-08-12,176.85,176.85,176.85,176.85,1511.22,1498.0
2019-08-13,176.9,176.9,177.125,176.865,1501.5,1511.2
2019-08-14,176.9,176.9,176.9,176.9,1516.33,1502.1
2019-08-15,177.175,176.975,177.4,176.925,1523.31,1516.64
2019-08-16,177.175,177.15,177.2,176.95,1514.49,1523.56
2019-08-19,177.4,177.2,177.5,177.15,1496.07,1512.6
2019-08-20,177.95,177.475,178.1,177.45,1507.19,1495.87
2019-08-21,178.875,178.05,179.0,177.9,1502.58,1507.55
2019-08-22,179.5,178.85,179.75,178.85,1498.12,1502.54
2019-08-23,180.05,179.7,180.25,179.55,1528.7,1498.6
2019-08-26,179.6,180.05,180.1,179.575,1527.4,1539.19
2019-08-27,179.75,179.7,179.85,179.5,1542.79,1527.7
2019-08-28,180.35,179.8,180.65,179.8,1538.95,1542.13
2019-08-29,180.425,180.65,181.15,180.15,1527.65,1539.17
2019-08-30,179.45,180.55,180.55,179.275,1523.72,1527.9
2019-09-02,179.9,179.375,180.0,179.05,1529.28,1528.45
2019-09-03,180.4,180.025,180.475,179.95,1547.13,1529.55
2019-09-04,180.6,180.4,180.75,180.4,1552.54,1547.19
2019-09-05,180.75,180.55,180.9,180.55,1519.06,1552.02
2019-09-06,180.9,180.6,181.0,180.6,1505.78,1518.5
2019-09-09,180.575,180.875,180.875,180.45,1499.2,1508.1
2019-09-10,180.4,180.525,180.525,180.3,1485.8,1498.98
2019-09-11,180.35,180.4,180.5,180.2,1497.04,1485.9
2019-09-12,180.35,180.4,180.425,180.25,1499.27,1497.58
2019-09-13,180.35,180.35,180.35,180.35,1486.81,1498.9
2019-09-16,180.475,180.4,180.625,180.325,1497.6,1505.82
2019-09-17,180.65,180.525,180.775,180.475,1501.37,1498.41
2019-09-18,180.75,180.625,180.975,180.575,1493.96,1501.55
2019-09-19,180.95,180.95,181.1,180.8,1499.03,1494.0
2019-09-20,181.2,180.95,181.25,180.925,1516.36,1499.31
2019-09-23,181.5,181.2,181.6,181.15,1522.3,1514.48
2019-09-24,181.15,181.45,181.725,181.1,1531.77,1522.44
2019-09-25,181.65,181.225,181.725,181.225,1503.95,1531.61
2019-09-26,181.775,181.6,181.9,181.6,1504.83,1504.01
2019-09-27,181.9,181.975,182.025,181.825,1496.62,1505.0
2019-09-30,182.125,181.9,182.175,181.875,1472.72,1495.16
2019-10-01,182.325,182.075,182.55,182.025,1479.13,1472.34
2019-10-02,181.825,182.4,182.45,181.825,1499.43,1478.94
2019-10-03,181.5,181.875,181.875,181.325,1505.19,1499.58
2019-10-04,181.425,181.475,181.55,181.4,1505.16,1505.15
2019-10-07,180.925,181.475,181.5,180.775,1493.44,1512.54
2019-10-08,180.45,180.95,180.95,180.325,1505.54,1493.57
2019-10-09,180.55,180.4,180.6,180.25,1505.57,1505.8
2019-10-10,180.6,180.55,180.875,180.5,1494.14,1505.86
2019-10-11,180.75,180.68,180.8,180.525,1485.84,1494.23
2019-10-14,181.0,180.725,181.1,180.675,1493.25,1488.2
2019-10-15,181.8,180.95,182.075,180.9,1481.08,1493.4
2019-10-16,182.0,182.0,182.1,181.775,1490.08,1481.25
2019-10-17,182.0,182.0,182.4,181.9,1491.9,1490.4
2019-10-18,182.0,182.0,182.125,181.8,1490.63,1492.1
2019-10-21,181.8,182.0,182.025,181.5,1484.5,1491.58
2019-10-22,181.65,181.7,181.775,181.45,1487.64,1485.08
2019-10-23,181.4,181.55,181.65,181.325,1492.13,1488.01
2019-10-24,181.2,181.45,181.5,181.0,1503.95,1492.03
2019-10-25,181.3,181.225,181.425,181.1,1505.77,1503.82
2019-10-28,181.475,181.45,181.575,181.325,1492.59,1503.26
2019-10-29,181.55,181.475,181.645,181.45,1488.35,1492.11
2019-10-30,181.55,181.575,181.69,181.505,1496.54,1487.4
2019-10-31,181.175,181.6,181.7,181.1,1513.17,1495.68
2019-11-01,181.2,181.225,181.45,181.075,1514.34,1512.4
2019-11-04,180.55,181.05,181.2,180.475,1509.83,1513.33
2019-11-05,180.3,180.35,180.525,179.8,1483.61,1509.51
2019-11-06,180.65,180.2,180.85,180.2,1490.58,1482.95
2019-11-07,180.85,180.8,181.1,180.625,1468.51,1490.17
2019-11-08,180.575,180.825,180.9,180.4,1458.8,1468.62
2019-11-11,180.575,180.575,180.575,180.575,1455.82,1459.01
2019-11-12,180.575,180.575,180.575,180.575,1456.3,1455.18
2019-11-13,180.3,180.55,180.6,179.95,1463.55,1456.24
2019-11-14,180.4,180.3,180.5,180.1,1471.36,1463.47
2019-11-15,180.2,180.35,180.375,180.1,1466.91,1471.29
2019-11-18,179.55,179.65,180.55,179.3,1471.4,1467.83
2019-11-19,179.375,179.5,179.5,179.05,1472.46,1471.48
2019-11-20,179.3,179.2,179.35,179.0,1471.6,1472.53
2019-11-21,179.675,179.3,179.7,179.275,1464.46,1474.9
2019-11-22,180.125,179.7,180.125,179.7,1462.16,1464.26
2019-11-25,180.95,180.175,181.05,180.15,1455.28,1460.69
2019-11-26,181.7,180.9,181.85,180.9,1461.36,1455.05
2019-11-27,180.95,181.2,181.2,180.75,1454.44,1461.69
2019-11-28,180.75,180.9,181.075,180.175,1455.86,1454.72
2019-11-29,180.925,180.75,181.125,180.65,1464.02,1455.54
2019-12-02,181.3,180.93,181.35,180.35,1462.39,1464.07
2019-12-03,181.575,181.35,181.65,181.2,1477.49,1462.25
2019-12-04,181.225,181.5,181.6,181.1,1474.62,1477.35
2019-12-05,181.45,181.225,181.5,181.1,1476.07,1474.74
2019-12-06,181.2,181.55,181.7,181.125,1460.61,1475.8
2019-12-09,181.2,181.175,181.375,181.15,1461.62,1459.65
2019-12-10,181.125,181.225,181.3,181.025,1464.35,1461.72
2019-12-11,181.125,181.125,181.125,181.125,1474.72,1463.98
2019-12-12,180.9,181.05,181.075,180.65,1469.84,1474.82
2019-12-13,181.1,180.775,181.3,180.7,1476.61,1467.23
2019-12-16,181.2,181.15,181.4,181.05,1476.19,1475.65
2019-12-17,181.175,181.2,181.225,180.975,1476.16,1476.05
2019-12-18,181.175,181.175,181.3,181.025,1475.48,1476.13
2019-12-19,181.475,181.225,181.475,181.175,1478.75,1475.6
2019-12-20,181.1,181.475,181.7,181.1,1477.58,1478.76
2019-12-23,181.325,181.06,181.425,181.0,1485.77,1478.5
2019-12-24,181.4,181.375,181.475,181.3,1499.56,1485.55
2019-12-26,181.375,181.375,181.5,181.225,1511.29,1500.15
2019-12-27,181.45,181.4,181.5,181.2,1510.86,1511.12
2019-12-30,181.7,181.4,181.8,181.4,1515.12,1511.63
2019-12-31,181.375,181.55,181.8,181.3,1517.305,1514.89
2020-01-02,181.45,181.2,181.525,181.15,1529.14,1518.17
2020-01-03,181.3,181.35,181.475,181.2,1549.02,1529.16
2020-01-06,181.325,181.325,181.575,181.275,1565.74,1560.58
2020-01-07,181.275,181.4,181.45,181.175,1574.26,1565.48
2020-01-08,181.6,181.325,181.7,181.275,1556.42,1576.75
2020-01-09,181.35,181.5,181.55,181.175,1552.39,1556.85
2020-01-10,181.35,181.35,181.35,181.35,1560.3,1552.31
2020-01-13,181.55,181.375,181.55,181.1,1547.89,1560.71
2020-01-14,181.45,181.425,181.7,181.325,1546.44,1548.36
2020-01-15,181.45,181.45,181.45,181.45,1556.29,1546.36
2020-01-16,181.25,181.5,181.55,181.225,1552.48,1556.42
2020-01-17,181.25,181.3,181.4,181.2,1557.07,1552.54
2020-01-20,181.325,181.25,181.375,181.225,1560.62,1557.52
2020-01-21,181.425,181.35,181.475,181.275,1558.21,1560.92
2020-01-22,181.5,181.425,181.55,181.4,1558.9,1558.63
2020-01-23,181.525,181.45,181.55,181.325,1562.91,1559.0
2020-01-24,181.575,181.5,181.615,181.325,1571.66,1562.82
2020-01-27,181.55,181.525,181.65,181.475,1582.04,1581.29
2020-01-28,181.5,181.475,181.65,181.45,1567.29,1581.79
2020-01-29,181.5,181.55,181.625,181.39,1576.82,1567.04
2020-01-30,181.5,181.55,181.675,181.45,1574.47,1577.16
2020-01-31,181.45,181.475,181.55,181.3,1586.88,1573.92
2020-02-03,181.475,181.425,181.575,181.35,1576.74,1593.43
2020-02-04,181.475,181.475,181.475,181.475,1552.91,1577.24
2020-02-05,181.4,181.525,181.55,181.325,1555.99,1552.94
2020-02-06,181.425,181.35,181.46,181.3,1566.73,1556.23
2020-02-07,181.45,181.425,181.5,181.3,1570.19,1566.85
2020-02-10,181.45,181.45,181.525,181.35,1572.15,1572.05
2020-02-11,181.5,181.4,181.525,181.35,1567.93,1572.19
2020-02-12,181.45,181.45,181.55,181.4,1566.09,1568.07
2020-02-13,181.475,181.525,181.55,181.35,1576.01,1566.04
2020-02-14,181.45,181.45,181.55,181.35,1582.65,1576.17
2020-02-17,181.6,181.5,181.615,181.45,1581.3,1582.4
2020-02-18,181.6,181.6,181.7,181.45,1601.62,1584.33
2020-02-19,182.0,181.65,182.0,181.6,1611.76,1601.68
2020-02-20,181.625,181.975,182.025,181.55,1619.63,1612.29
2020-02-21,181.625,181.625,181.625,181.625,1643.37,1620.57
2020-02-24,181.75,181.625,181.975,181.55,1659.41,1654.84
2020-02-25,181.7,181.775,181.825,181.65,1635.21,1659.35
2020-02-26,181.675,181.725,181.825,181.625,1640.98,1634.97
2020-02-27,181.825,181.75,181.875,181.7,1645.0,1640.81
2020-02-28,181.95,181.9,182.0,181.825,1577.4,1644.275
2020-03-02,182.15,181.875,182.3,181.85,1589.37,1592.13
2020-03-03,182.1,182.125,182.25,182.05,1640.92,1587.07
2020-03-04,182.0,182.15,182.175,181.95,1636.97,1640.18
2020-03-05,181.9,182.1,182.1,181.8,1672.21,1639.46
2020-03-06,181.925,181.875,181.95,181.7,1673.21,1672.58
2020-03-09,181.925,181.925,181.925,181.925,1678.8,1698.35
2020-03-10,182.55,182.25,182.65,182.2,1650.35,1671.53
2020-03-11,182.6,182.5,182.65,182.325,1637.57,1653.22
2020-03-12,183.075,182.1,183.25,182.6,1577.89,1638.94
2020-03-13,184.5,182.95,184.75,182.95,1529.75,1577.09
2020-03-16,184.5,184.5,184.5,184.5,1500.985,1546.77
2020-03-17,184.85,184.5,185.15,184.5,1530.37,1508.19
2020-03-18,185.7,185.25,186.5,184.9,1476.99,1532.86
2020-03-19,186.4,185.75,187.45,185.75,1471.175,1485.0
2020-03-20,187.05,186.75,187.5,186.6,1497.36,1467.94
2020-03-23,187.05,187.05,187.05,187.05,1556.695,1489.05
2020-03-24,187.05,187.05,187.05,187.05,1630.05,1564.79
2020-03-25,187.05,187.05,187.05,187.05,1613.095,1632.12
2020-03-26,187.05,187.05,187.05,187.05,1627.46,1611.37
2020-03-27,188.25,187.05,189.25,187.05,1620.75,1629.26
2020-03-30,188.25,188.25,188.5,187.95,1622.6,1620.75
2020-03-31,189.25,188.25,189.25,188.25,1575.15,1623.38
2020-04-01,189.5,189.25,189.5,188.5,1591.81,1576.59
2020-04-02,189.5,188.625,189.5,188.625,1613.65,1590.73
2020-04-03,190.5,189.5,190.5,189.25,1622.39,1615.89
2020-04-06,193.25,193.2,193.25,192.8,1662.1,1617.65
2020-04-07,193.25,193.25,193.25,193.25,1648.9,1663.92
2020-04-08,193.5,193.5,195.0,193.25,1646.0,1648.92
2020-04-09,191.0,193.5,193.5,190.0,1683.25,1645.8
2020-04-13,191.0,191.0,191.0,191.0,1715.07,1685.3
2020-04-14,191.0,191.0,191.0,191.0,1727.15,1711.84
2020-04-15,191.5,191.5,192.25,191.5,1717.13,1727.59
2020-04-16,192.0,191.5,192.75,190.5,1717.7,1717.84
2020-04-17,192.0,192.0,192.25,191.5,1684.1,1717.64
2020-04-20,192.5,192.5,192.5,192.0,1696.05,1682.59
2020-04-21,192.5,192.5,193.0,191.5,1686.1,1696.475
2020-04-22,193.5,192.5,193.5,192.5,1714.12,1688.49
2020-04-23,193.0,193.5,193.5,192.5,1730.33,1713.94
2020-04-24,193.0,193.0,193.25,191.75,1728.03,1730.53
2020-04-27,192.5,192.5,192.875,192.0,1714.135,1728.52
2020-04-28,192.0,192.5,192.5,192.0,1708.08,1713.255
2020-04-29,192.0,192.5,192.5,192.0,1713.32,1708.59
2020-04-30,190.5,192.5,192.5,190.5,1686.855,1714.05
2020-05-01,190.5,190.5,190.5,190.5,1699.23,1686.93
2020-05-04,189.5,190.5,191.0,189.375,1701.74,1701.92
2020-05-05,189.0,188.5,189.0,188.25,1705.93,1701.07
2020-05-06,186.5,188.75,189.25,186.5,1685.78,1706.04
2020-05-07,186.5,186.5,186.5,186.5,1715.94,1683.73
2020-05-08,186.5,186.5,186.5,186.5,1707.15,1717.12
2020-05-11,188.25,187.25,188.6,187.0,1698.0,1702.03
2020-05-12,188.25,188.0,188.575,187.25,1702.82,1697.26
2020-05-13,188.25,188.0,188.35,187.8,1715.08,1702.26
2020-05-14,187.75,188.0,188.3,187.75,1730.22,1716.515
2020-05-15,187.9,187.75,188.1,187.725,1742.98,1730.43
2020-05-18,187.7,187.75,187.85,187.45,1732.275,1746.2
2020-05-19,187.525,187.75,187.775,187.425,1745.07,1732.54
2020-05-20,187.15,187.4,187.525,187.1,1748.32,1745.91
2020-05-21,186.55,187.15,187.15,186.5,1727.38,1747.92
2020-05-22,185.7,186.4,186.45,184.625,1735.38,1727.32
2020-05-25,185.7,185.7,185.7,185.7,1730.68,1733.7
2020-05-26,186.125,185.5,186.3,185.5,1711.13,1728.84
2020-05-27,186.3,186.05,186.375,186.0,1709.4,1710.75
2020-05-28,186.35,186.15,186.4,186.125,1718.64,1711.29
2020-05-29,186.25,186.15,186.3,186.1,1731.5,1719.05
2020-06-01,186.075,186.15,186.3,185.95,1739.58,1736.49
2020-06-02,185.85,186.05,186.1,185.675,1727.76,1738.97
2020-06-03,185.8,185.85,186.025,185.7,1699.75,1727.8
2020-06-04,185.45,185.65,185.675,185.35,1714.09,1700.42
2020-06-05,185.45,185.45,185.45,185.45,1681.82,1715.26
2020-06-08,185.1,185.45,185.5,184.9,1698.47,1684.24
2020-06-09,185.05,185.1,185.175,185.025,1715.28,1698.16
2020-06-10,185.3,185.05,185.3,185.05,1737.76,1713.9
2020-06-11,185.2,185.225,185.25,185.1,1727.12,1737.94
2020-06-12,185.3,185.175,185.375,185.1,1731.37,1727.795
2020-06-15,186.0,185.3,186.0,185.3,1725.11,1733.4
2020-06-16,186.15,186.025,186.275,185.85,1726.72,1725.15
2020-06-17,186.55,186.1,186.95,186.1,1726.82,1726.26
2020-06-18,186.625,186.4,186.75,186.4,1722.82,1726.33
2020-06-19,186.65,186.625,186.7,186.525,1742.52,1722.2
2020-06-22,186.65,186.525,186.75,186.5,1754.44,1750.03
2020-06-23,186.6,186.65,186.775,186.575,1768.38,1754.85
2020-06-24,186.65,186.575,186.675,186.525,1760.92,1768.13
2020-06-25,186.4,186.55,186.675,186.35,1763.72,1761.38
2020-06-26,186.2,186.125,186.275,185.95,1770.97,1765.32
2020-06-29,186.2,186.25,186.325,186.15,1772.92,1775.68
2020-06-30,186.225,186.15,186.275,186.15,1780.96,1772.85
2020-07-01,186.225,186.15,186.325,186.15,1770.15,1782.69
2020-07-02,186.1,186.15,186.175,185.565,1775.33,1769.51
2020-07-03,185.85,186.05,186.1,185.8,1775.725,1776.11
2020-07-06,185.85,185.825,186.075,185.75,1784.55,1776.455
2020-07-07,185.925,185.925,185.925,185.775,1794.85,1784.8
2020-07-08,185.825,185.85,185.925,185.75,1808.87,1795.56
2020-07-09,185.85,185.75,185.925,185.575,1803.56,1809.61
2020-07-10,185.85,185.8,185.975,185.775,1799.54,1802.42
2020-07-13,185.9,185.85,185.975,185.775,1802.69,1798.98
2020-07-14,185.85,185.85,185.9,185.75,1809.33,1803.11
2020-07-15,185.85,185.875,185.9,185.75,1810.26,1808.71
2020-07-16,185.8,185.875,185.875,185.745,1797.22,1810.38
2020-07-17,185.775,185.8,185.875,185.7,1810.12,1797.74
2020-07-20,185.8,185.775,185.825,185.715,1817.83,1809.11
2020-07-21,185.8,185.775,185.825,185.675,1841.77,1818.24
2020-07-22,185.8,185.75,185.85,185.75,1872.97,1841.55
2020-07-23,185.8,185.75,185.8,185.725,1887.175,1872.59
2020-07-24,185.8,185.75,185.825,185.715,1902.59,1887.39
2020-07-27,185.75,185.75,185.84,185.7,1940.18,1901.81
2020-07-28,185.8,185.745,185.825,185.7,1960.38,1942.45
2020-07-29,185.725,185.75,185.8,185.635,1969.48,1957.28
2020-07-30,185.65,185.8,185.8,185.6,1951.13,1970.99
2020-07-31,185.6,185.65,185.685,185.54,1974.2,1957.4
2020-08-03,185.6,185.6,185.6,185.6,1976.85,1979.6
2020-08-04,185.525,185.675,185.675,185.5,2016.51,1977.11
2020-08-05,185.5,185.5,185.55,185.485,2038.635,2019.35
2020-08-06,185.45,185.5,185.5,185.325,2065.35,2040.645
2020-08-07,185.25,185.25,185.425,185.235,2031.69,2065.72
2020-08-10,184.75,185.3,185.3,184.625,2027.6,2033.15
2020-08-11,184.05,184.7,184.7,184.025,1912.05,2028.33
2020-08-12,183.0,184.0,184.0,182.9,1916.125,1911.93
2020-08-13,182.9,182.725,182.95,182.35,1954.13,1915.15
2020-08-14,183.65,182.925,183.7,182.75,1943.52,1953.25
2020-08-17,183.75,183.25,183.8,183.075,1981.05,1947.1
2020-08-18,184.55,183.75,184.575,183.625,1997.75,1985.2
2020-08-19,186.2,184.4,186.3,184.3,1935.93,2002.66
2020-08-20,184.5,186.0,187.0,184.3,1947.87,1929.5
2020-08-21,184.6,184.35,184.7,183.75,1938.02,1947.37
2020-08-24,185.0,184.55,185.05,184.5,1928.845,1941.74
2020-08-25,186.6,184.975,186.6,184.9,1928.46,1928.575
2020-08-26,186.35,186.55,186.6,186.0,1954.2,1931.33
2020-08-27,185.95,186.35,186.4,185.95,1925.41,1955.57
2020-08-28,186.4,186.0,186.475,185.9,1963.49,1929.87
2020-08-31,185.95,186.45,186.55,185.725,1967.82,1965.48
2020-09-01,185.95,185.95,185.95,185.95,1970.42,1967.59
2020-09-02,185.3,185.9,185.9,185.05,1943.06,1969.84
2020-09-03,185.375,185.25,185.375,185.0,1930.675,1942.885
2020-09-04,185.15,185.225,185.375,185.025,1934.81,1931.63
2020-09-07,184.8,185.2,185.2,184.6,1928.385,1931.64
2020-09-08,184.3,184.55,184.55,184.125,1931.68,1929.81
2020-09-09,184.4,184.3,184.525,184.175,1946.79,1932.05
2020-09-10,184.725,184.4,184.925,184.4,1946.06,1946.16
2020-09-11,184.5,184.75,184.75,184.425,1942.445,1945.25
2020-09-14,184.275,184.425,184.425,184.0,1956.39,1940.06
2020-09-15,184.4,184.3,184.5,184.25,1954.05,1957.67
2020-09-16,185.0,184.4,185.05,184.4,1959.84,1953.74
2020-09-17,185.025,184.95,185.075,184.875,1944.0,1959.45
2020-09-18,185.5,184.95,185.6,184.95,1950.94,1942.64
2020-09-21,185.49,185.525,185.725,185.45,1912.58,1949.69
2020-09-22,185.375,185.4,185.47,185.31,1900.05,1912.77
2020-09-23,184.95,185.1,185.3,184.925,1863.6,1900.17
2020-09-24,185.15,184.9,185.25,184.825,1867.83,1863.11
2020-09-25,185.3,185.15,185.325,185.0,1862.66,1868.41
2020-09-28,185.3,185.3,185.375,185.19,1881.56,1859.49
2020-09-29,185.15,185.275,186.25,185.1,1896.56,1881.485
2020-09-30,185.0,185.1,185.2,184.75,1885.8,1898.73
2020-10-01,185.0,185.0,185.0,185.0,1906.05,1886.25
2020-10-02,184.5,184.85,184.85,184.45,1901.81,1905.63
2020-10-05,184.7,184.45,184.95,184.45,1913.56,1902.67
2020-10-06,184.6,184.65,184.925,184.575,1878.07,1913.135
2020-10-07,184.45,184.55,184.625,184.35,1887.4,1879.08
2020-10-08,184.2,184.2,184.3,184.085,1893.77,1887.74
2020-10-09,184.25,184.2,184.3,184.1,1928.47,1894.21
2020-10-12,184.225,184.2,184.3,184.15,1922.64,1928.66
2020-10-13,184.4,184.2,184.4,184.175,1891.11,1922.71
2020-10-14,184.725,184.4,184.85,184.35,1901.83,1892.08
2020-10-15,184.55,184.7,184.95,184.45,1908.16,1902.15
2020-10-16,184.275,184.5,184.6,184.25,1899.34,1908.965
2020-10-19,184.375,184.225,184.5,184.2,1904.36,1899.86
2020-10-20,184.55,184.35,184.55,184.325,1906.44,1904.35
2020-10-21,184.3,184.45,184.6,184.15,1924.685,1908.94
2020-10-22,184.4,184.275,184.45,184.15,1904.07,1924.3
2020-10-23,184.35,184.325,184.725,184.25,1903.55,1904.22
2020-10-26,184.35,184.35,184.65,184.225,1902.385,1893.52
2020-10-27,184.35,184.3,184.425,184.25,1907.77,1902.59
2020-10-28,184.325,184.3,184.35,184.2,1876.675,1904.79
2020-10-29,184.325,184.325,184.375,184.25,1868.57,1877.98
2020-10-30,184.325,184.325,184.325,184.325,1878.38,1866.73
2020-11-02,184.525,184.225,184.575,184.225,1895.8,1877.11
2020-11-03,184.35,184.5,184.575,184.325,1909.73,1895.75
2020-11-04,184.4,184.375,184.45,184.35,1902.99,1908.7
2020-11-05,184.475,184.35,184.525,184.35,1949.74,1903.1
2020-11-06,184.475,184.425,184.5,184.4,1951.76,1948.87
2020-11-09,184.5,184.525,184.725,184.45,1862.86,1954.4
2020-11-10,184.525,184.45,184.625,184.45,1877.26,1864.76
2020-11-11,184.575,184.525,184.675,184.5,1865.64,1877.23
2020-11-12,184.6,184.625,184.675,184.525,1877.01,1865.84
2020-11-13,184.65,184.575,184.75,184.5,1887.84,1876.89
2020-11-16,185.1,184.825,185.225,184.6,1888.99,1889.82
2020-11-17,185.2,185.35,185.8,184.4,1880.55,1889.04
2020-11-18,184.675,185.2,185.25,184.5,1872.48,1880.85
2020-11-19,185.025,184.725,185.25,184.6,1866.59,1872.91
2020-11-20,185.15,184.875,185.25,184.775,1873.16,1866.175
2020-11-23,185.3,185.75,185.85,185.15,1837.86,1870.13
2020-11-24,185.6,185.4,185.8,185.2,1807.53,1838.06
2020-11-25,185.75,185.55,185.8,185.45,1807.625,1807.93
2020-11-26,185.1,185.7,185.725,184.95,1810.31,1807.735
2020-11-27,185.3,185.1,185.3,184.75,1787.215,1811.09
2020-11-30,185.8,185.5,186.15,185.2,1776.77,1789.6
2020-12-01,186.05,185.65,186.05,185.55,1815.21,1777.15
2020-12-02,185.75,185.7,186.0,185.2,1830.61,1815.325
2020-12-03,186.0,185.85,186.25,185.75,1841.04,1830.57
2020-12-04,185.65,185.7,186.25,185.25,1836.52,1841.4
2020-12-07,186.4,186.15,186.45,185.8,1862.31,1838.86
2020-12-08,186.3,186.45,186.5,186.0,1870.41,1862.35
2020-12-09,185.8,186.4,186.45,185.45,1840.06,1870.93
2020-12-10,185.85,185.9,186.0,185.6,1836.79,1839.84
2020-12-11,186.65,186.05,186.7,186.0,1839.5,1837.38
2020-12-14,187.15,186.75,187.15,186.7,1827.12,1841.46
2020-12-15,186.95,187.15,187.15,186.95,1853.36,1827.79
2020-12-16,186.95,186.95,187.15,186.85,1864.91,1853.49
2020-12-17,187.1,186.95,187.25,186.55,1885.595,1864.49
2020-12-18,187.75,187.0,187.85,187.0,1881.27,1885.88
2020-12-21,187.95,187.75,188.25,187.75,1876.76,1884.24
2020-12-22,189.25,188.25,189.25,188.2,1860.32,1877.39
2020-12-23,190.25,189.25,190.25,189.0,1873.21,1861.01
2020-12-24,189.75,190.5,190.5,189.45,1879.82,1873.2
2020-12-28,188.0,189.85,189.85,187.5,1873.96,1883.2
2020-12-29,188.0,188.0,188.0,188.0,1878.41,1873.15
2020-12-30,185.5,187.5,188.0,185.5,1894.58,1878.27
2020-12-31,185.25,186.0,187.0,185.25,1898.705,1894.32
2021-01-04,187.0,186.5,187.0,186.5,1942.78,1903.49
2021-01-05,188.5,187.0,188.5,187.0,1950.18,1942.4
2021-01-06,188.5,188.5,188.875,188.25,1919.48,1950.56
2021-01-07,188.0,188.5,188.5,187.5,1913.25,1919.47
2021-01-08,188.0,187.0,188.0,187.0,1848.61,1914.74
2021-01-11,189.0,188.0,189.25,188.0,1843.73,1849.22
2021-01-12,190.0,189.0,190.0,189.0,1854.75,1844.16
2021-01-13,192.5,190.0,192.5,190.0,1845.12,1855.42
2021-01-14,192.5,192.5,192.5,192.5,1845.87,1845.29
2021-01-15,193.0,192.0,194.0,190.0,1825.57,1847.05
2021-01-18,192.5,193.0,193.5,192.0,1837.585,1828.23
2021-01-19,192.75,192.5,193.5,192.5,1839.96,1838.09
2021-01-20,195.5,194.5,196.75,194.0,1871.4,1840.53
2021-01-21,196.0,194.5,196.25,194.5,1869.83,1871.26
2021-01-22,197.75,196.0,198.0,195.75,1853.87,1870.085
2021-01-25,197.5,197.75,198.0,196.5,1855.95,1855.1
2021-01-26,195.5,196.5,197.0,194.5,1850.81,1856.22
2021-01-27,192.5,195.5,195.5,192.375,1843.56,1851.24
2021-01-28,192.5,192.5,192.5,192.5,1842.43,1844.43
2021-01-29,190.75,192.0,192.0,189.75,1842.81,1842.99
2021-02-01,194.0,191.25,194.25,190.75,1860.61,1862.7
2021-02-02,194.0,194.0,194.75,192.25,1837.97,1860.45
2021-02-03,193.5,193.5,196.0,192.5,1834.08,1838.04
2021-02-04,193.5,193.5,193.5,193.5,1794.33,1833.99
2021-02-05,193.5,193.5,194.875,193.25,1810.95,1793.91
2021-02-08,195.0,194.5,195.375,192.5,1830.61,1815.29
2021-02-09,195.75,194.0,196.0,194.0,1838.59,1830.31
2021-02-10,197.0,194.5,197.25,194.5,1843.255,1837.89
2021-02-11,194.0,197.0,197.5,193.75,1825.7,1843.35
2021-02-12,194.25,194.0,195.125,192.75,1821.29,1826.12
2021-02-15,194.5,194.0,196.0,194.0,1818.855,1825.55
2021-02-16,195.5,195.0,197.5,194.5,1794.46,1819.165
2021-02-17,196.25,195.25,198.25,195.25,1776.44,1794.3
2021-02-18,196.75,195.5,197.0,194.75,1775.84,1777.68
2021-02-19,195.5,196.0,196.5,194.5,1781.43,1776.64
2021-02-22,193.5,195.0,195.75,193.5,1809.36,1782.17
2021-02-23,193.5,193.0,194.0,193.0,1805.67,1809.87
2021-02-24,194.0,193.5,195.0,193.5,1805.47,1806.16
2021-02-25,194.5,194.0,195.075,193.75,1770.75,1805.24
2021-02-26,194.5,194.5,194.5,194.5,1727.48,1771.85
2021-03-01,194.5,194.0,195.5,194.0,1724.95,1733.82
2021-03-02,195.5,194.5,196.0,194.5,1738.48,1724.96
2021-03-03,195.5,195.5,196.0,194.75,1711.04,1738.22
2021-03-04,195.75,195.5,196.25,194.75,1697.5,1710.98
2021-03-05,196.0,195.75,196.0,194.5,1698.33,1697.72
2021-03-08,196.25,196.0,196.25,195.5,1683.6,1703.55
2021-03-09,196.625,196.75,197.0,195.25,1716.17,1683.48
2021-03-10,196.5,196.625,197.25,195.75,1726.72,1716.11
2021-03-11,196.5,196.5,196.5,196.5,1722.6,1726.76
2021-03-12,196.5,197.5,197.5,196.0,1724.54,1722.34
2021-03-15,198.25,197.25,198.25,196.5,1732.16,1727.89
2021-03-16,198.75,198.0,199.25,197.0,1732.485,1730.77
2021-03-17,200.5,199.5,201.0,198.75,1747.38,1731.95
2021-03-18,197.5,199.75,199.75,197.0,1736.18,1747.5
2021-03-19,197.5,197.5,198.25,196.75,1745.0,1735.06
2021-03-22,198.25,197.5,198.75,197.5,1739.695,1738.18
2021-03-23,198.5,198.75,199.25,198.25,1727.48,1739.65
2021-03-24,199.0,198.5,199.0,197.5,1734.765,1727.02
2021-03-25,198.5,198.25,199.5,198.25,1727.855,1734.18
2021-03-26,199.0,198.5,199.0,198.5,1732.57,1727.96
2021-03-29,199.0,198.25,199.375,198.25,1712.21,1731.7
2021-03-30,199.0,199.0,199.5,199.0,1685.195,1712.37
2021-03-31,199.0,199.0,200.0,199.0,1707.65,1685.595
2021-04-01,199.5,200.0,200.0,198.75,1729.7,1708.0
2021-04-05,199.5,199.5,200.0,199.5,1728.33,1728.6
2021-04-06,200.25,199.5,200.25,199.5,1743.3,1728.6
2021-04-07,200.75,200.0,200.75,200.0,1737.7,1743.05
2021-04-08,201.0,200.75,201.5,200.4,1755.6,1737.9
2021-04-09,201.25,200.5,202.0,200.5,1742.98,1755.65
2021-04-12,201.5,202.0,202.0,201.25,1732.85,1743.0
2021-04-13,201.5,201.5,201.5,201.5,1745.34,1732.7
2021-04-14,201.5,201.5,201.5,201.5,1736.45,1745.65
2021-04-15,201.0,201.5,204.0,201.0,1763.64,1736.43
2021-04-16,193.0,200.4,200.4,192.0,1775.98,1763.75
2021-04-19,191.0,191.0,191.0,189.0,1771.45,1777.5
2021-04-20,191.0,191.0,191.0,191.0,1778.91,1770.85
2021-04-21,192.0,191.0,192.0,191.0,1793.65,1778.71
2021-04-22,194.0,193.5,194.5,192.5,1784.16,1794.0
2021-04-23,194.5,194.0,194.5,194.0,1776.3,1784.43
2021-04-26,194.5,194.5,194.5,194.5,1781.25,1776.05
2021-04-27,195.0,195.0,195.0,195.0,1776.65,1781.26
2021-04-28,195.0,195.0,195.0,195.0,1781.63,1776.7
2021-04-29,197.0,195.0,198.75,195.0,1772.03,1782.3
2021-04-30,197.5,197.0,198.0,196.5,1767.94,1772.88
2021-05-03,197.0,196.5,198.5,196.5,1792.995,1770.46
2021-05-04,197.0,197.5,197.5,197.0,1778.78,1794.015
2021-05-05,197.0,197.5,197.5,197.0,1786.86,1779.01
2021-05-06,197.0,198.0,198.0,197.0,1814.96,1787.23
2021-05-07,197.0,197.0,198.0,197.0,1832.13,1815.08
2021-05-10,197.0,197.0,197.5,197.0,1836.15,1832.78
2021-05-11,196.5,197.0,197.0,195.5,1837.49,1836.11
2021-05-12,196.5,197.0,197.0,195.0,1815.41,1837.51
2021-05-13,197.0,197.0,197.0,196.5,1826.5,1815.92
2021-05-14,197.0,197.0,197.0,197.0,1842.74,1826.49
2021-05-17,197.0,197.5,197.5,197.0,1866.85,1842.4
2021-05-18,197.0,197.0,197.0,197.0,1869.55,1865.7
2021-05-19,197.0,197.0,197.0,197.0,1869.52,1869.61
2021-05-20,197.0,197.0,197.0,197.0,1877.22,1869.71
2021-05-21,197.0,197.0,197.0,197.0,1879.9,1877.65
2021-05-24,197.0,197.0,197.0,197.0,1880.88,1881.99
2021-05-25,198.5,197.0,198.75,197.0,1899.16,1881.11
2021-05-26,198.5,198.5,198.5,198.5,1896.79,1899.09
2021-05-27,198.5,198.5,198.5,198.5,1896.37,1896.42
2021-05-28,198.5,198.0,198.5,198.0,1904.85,1897.53
2021-05-31,197.75,198.0,198.0,197.0,1906.75,1903.54
2021-06-01,197.5,197.0,198.0,197.0,1900.3,1907.4
2021-06-02,198.0,197.0,198.5,197.0,1908.28,1900.07
2021-06-03,198.0,198.0,198.75,197.0,1870.59,1907.96
2021-06-04,198.0,198.75,198.75,198.0,1891.53,1871.005
2021-06-07,197.5,197.0,198.5,197.0,1899.25,1891.66
2021-06-08,198.0,198.0,198.5,198.0,1892.91,1899.0
2021-06-09,198.5,198.0,198.5,198.0,1888.62,1892.14
2021-06-10,198.5,198.0,198.75,198.0,1898.33,1888.84
2021-06-11,198.0,198.0,198.75,198.0,1876.63,1898.44
2021-06-14,198.0,198.0,198.5,198.0,1866.19,1877.82
2021-06-15,198.0,198.0,198.5,198.0,1858.8,1866.47
2021-06-16,198.5,198.5,198.5,198.5,1811.75,1859.38
2021-06-17,198.0,198.75,198.75,197.5,1773.29,1811.93
2021-06-18,198.75,198.0,198.75,198.0,1762.06,1773.05
2021-06-21,199.0,199.0,199.5,198.875,1783.15,1764.69
2021-06-22,198.75,199.25,199.5,198.0,1778.7,1783.02
2021-06-23,199.25,199.25,199.25,198.5,1778.7,1779.0
2021-06-24,199.25,199.25,199.25,199.25,1775.15,1778.49
2021-06-25,199.0,199.0,199.125,198.75,1779.39,1775.51
2021-06-28,199.0,199.125,199.5,199.0,1778.37,1781.11
2021-06-29,199.5,199.0,199.5,198.75,1761.17,1778.27
2021-06-30,199.5,199.5,199.5,199.125,1770.21,1761.71
2021-07-01,199.5,199.5,199.5,199.25,1776.76,1770.03
2021-07-02,199.5,199.25,199.5,199.25,1787.97,1777.05
2021-07-05,199.0,199.5,199.5,198.5,1791.745,1787.48
2021-07-06,199.0,199.0,199.0,198.0,1797.02,1792.1
2021-07-07,199.0,199.0,199.5,199.0,1803.65,1796.96
2021-07-08,199.0,199.0,199.0,199.0,1802.71,1803.97
2021-07-09,199.2,199.0,199.35,199.0,1808.33,1802.95
2021-07-12,199.5,199.5,199.5,199.0,1806.18,1808.02
2021-07-13,199.5,199.5,199.5,199.0,1807.7,1806.36
2021-07-14,199.0,199.5,199.5,199.0,1827.41,1808.25
2021-07-15,199.0,199.5,199.5,199.0,1829.49,1827.4
2021-07-16,199.5,199.5,199.5,199.0,1811.01,1829.43
2021-07-19,199.75,199.0,199.75,199.0,1812.23,1811.35
2021-07-20,199.5,199.5,199.5,199.0,1810.27,1812.75
2021-07-21,199.5,199.5,199.5,199.5,1803.51,1810.68
2021-07-22,199.5,199.5,200.0,199.0,1806.93,1803.8
2021-07-23,199.5,199.5,199.5,199.5,1801.45,1807.225
2021-07-26,199.5,199.5,199.75,199.0,1797.48,1802.36
2021-07-27,199.0,199.5,199.5,199.0,1798.96,1797.53
2021-07-28,199.0,199.5,199.75,199.0,1807.15,1799.02
2021-07-29,199.5,199.5,199.5,199.0,1828.17,1807.38
2021-07-30,199.5,199.5,200.0,199.0,1813.91,1828.31
2021-08-02,199.5,199.5,199.75,199.0,1813.33,1814.2
2021-08-03,199.5,199.5,199.5,199.5,1810.5,1813.44
2021-08-04,199.5,199.5,199.5,199.0,1812.08,1810.7
2021-08-05,199.5,199.5,199.75,199.0,1804.355,1811.97
2021-08-06,199.5,199.5,199.5,199.0,1760.33,1804.55
2021-08-09,199.5,199.5,199.75,199.5,1729.7,1763.53
2021-08-10,199.5,199.5,199.75,199.4,1729.15,1730.26
2021-08-11,199.5,199.5,199.75,199.0,1751.73,1729.3
2021-08-12,199.5,199.5,199.75,199.2,1752.66,1751.18
2021-08-13,199.75,199.75,199.75,199.2,1778.57,1752.68
2021-08-16,199.5,199.5,199.5,199.2,1787.25,1789.0
2021-08-17,199.5,199.5,199.5,199.25,1786.06,1787.59
2021-08-18,199.5,199.5,199.75,199.49,1787.74,1786.24
2021-08-19,199.5,199.5,200.5,199.5,1780.13,1787.6
2021-08-20,199.5,200.5,200.5,199.49,1782.18,1780.32
2021-08-23,199.75,199.75,199.75,199.5,1805.5,1786.95
2021-08-24,199.5,199.75,199.75,199.5,1802.95,1805.3
2021-08-25,199.5,199.75,199.75,199.5,1790.9,1803.07
2021-08-26,200.5,200.5,200.5,199.5,1792.09,1790.96
2021-08-27,200.5,200.5,200.5,199.5,1818.45,1792.96
2021-08-30,199.75,199.5,199.75,199.5,1810.16,1818.41
2021-08-31,199.5,199.75,199.75,199.5,1813.47,1810.075
2021-09-01,199.5,199.75,200.5,199.5,1813.83,1814.095
2021-09-02,199.5,200.5,200.5,199.5,1809.565,1813.85
2021-09-03,200.5,199.5,200.5,199.5,1828.65,1809.3
2021-09-06,200.25,200.25,200.25,199.5,1823.37,1830.355
2021-09-07,200.5,199.75,201.5,199.5,1794.4,1823.3
2021-09-08,200.0,200.5,201.25,198.995,1789.23,1794.42
2021-09-09,199.75,200.0,201.0,198.95,1794.5,1789.14
2021-09-10,200.5,199.5,201.0,199.0,1787.9,1794.6
2021-09-13,199.5,199.5,200.75,199.0,1793.63,1787.9
2021-09-14,199.5,199.5,200.25,199.0,1804.61,1793.5
2021-09-15,200.0,199.5,200.25,199.0,1793.775,1804.515
2021-09-16,199.5,200.0,200.25,199.0,1753.41,1794.35
2021-09-17,199.5,199.5,200.25,199.5,1751.65,1754.195
2021-09-20,199.5,199.5,199.5,199.5,1764.095,1754.5
2021-09-21,199.5,200.0,200.25,199.4,1774.19,1764.6
2021-09-22,200.0,200.0,201.5,199.4,1768.205,1774.15
2021-09-23,200.25,200.0,200.25,199.4,1742.76,1768.65
2021-09-24,200.0,200.0,200.5,199.4,1746.72,1743.3
2021-09-27,200.0,200.0,200.45,199.475,1750.085,1751.735
2021-09-28,200.0,200.25,201.5,199.5,1733.93,1750.25
2021-09-29,200.0,200.0,201.5,199.475,1726.35,1734.2
2021-09-30,200.0,199.75,200.45,199.475,1756.895,1726.13
2021-10-01,200.0,200.0,200.45,199.475,1760.07,1756.8
2021-10-04,200.0,200.0,201.5,199.5,1769.44,1760.08
2021-10-05,199.75,200.0,201.5,199.5,1759.96,1769.425
2021-10-06,199.75,200.0,202.0,199.5,1762.65,1760.03
2021-10-07,200.0,200.0,201.5,199.5,1755.17,1763.07
2021-10-08,200.0,200.0,201.5,199.475,1756.88,1756.09
2021-10-11,201.5,200.0,202.0,199.5,1754.2,1757.565
2021-10-12,201.0,201.0,202.0,200.5,1760.11,1754.075
2021-10-13,202.0,201.5,202.0,200.5,1793.05,1760.14
2021-10-14,202.0,202.0,202.0,200.5,1796.01,1792.85
2021-10-15,202.0,202.0,202.0,201.0,1768.33,1795.99
2021-10-18,200.5,201.5,202.0,200.5,1764.87,1767.875
2021-10-19,200.5,200.5,200.5,200.5,1769.54,1765.02
2021-10-20,200.5,200.5,200.5,200.5,1782.04,1769.36
2021-10-21,200.5,202.0,202.0,200.5,1782.83,1782.2
2021-10-22,201.5,200.5,202.0,200.5,1794.13,1783.34
2021-10-25,201.5,201.5,202.5,201.5,1807.73,1794.33
2021-10-26,202.75,202.0,202.75,201.5,1792.85,1807.38
2021-10-27,202.0,202.75,202.75,201.5,1797.0,1793.26
2021-10-28,202.0,200.5,202.0,200.5,1798.86,1796.67
2021-10-29,201.0,202.0,202.0,201.0,1782.82,1799.6
2021-11-01,202.0,202.0,202.0,201.5,1791.87,1780.88
2021-11-02,202.0,201.5,202.0,201.5,1787.09,1791.86
2021-11-03,201.5,202.0,202.0,201.5,1773.85,1787.11
2021-11-04,201.5,201.5,201.5,201.5,1791.43,1773.86
2021-11-05,201.5,201.0,202.0,201.0,1818.215,1791.47
2021-11-08,201.5,201.5,202.5,201.5,1824.32,1818.165
2021-11-09,201.5,202.0,202.5,201.5,1831.83,1824.89
2021-11-10,202.0,202.0,202.75,201.375,1849.36,1831.91
2021-11-11,202.0,202.0,202.0,201.5,1862.0,1849.77
2021-11-12,202.0,202.0,202.25,201.5,1866.08,1861.86
2021-11-15,202.0,202.0,202.75,202.0,1862.8,1867.85
2021-11-16,202.0,202.0,202.5,201.5,1850.43,1862.91
2021-11-17,202.0,202.0,202.75,202.0,1867.43,1850.32
2021-11-18,202.0,202.0,202.0,202.0,1858.91,1866.9
2021-11-19,202.0,202.0,202.75,201.875,1846.97,1859.23
2021-11-22,202.75,202.0,202.75,201.5,1804.8,1847.07
2021-11-23,202.75,202.0,202.75,201.5,1789.12,1807.295
2021-11-24,202.75,202.75,202.75,201.5,1788.64,1789.28
2021-11-25,202.5,202.0,202.75,201.5,1788.635,1788.34
2021-11-26,202.5,201.5,202.75,201.5,1791.875,1788.705
2021-11-29,202.75,202.5,202.75,201.45,1784.71,1791.875
2021-11-30,202.75,201.5,202.75,201.5,1774.96,1785.15
2021-12-01,202.0,202.0,202.75,201.5,1781.87,1775.085
2021-12-02,202.5,202.0,202.75,201.5,1768.3,1781.97
2021-12-03,202.0,202.0,202.75,201.5,1782.96,1769.75
2021-12-06,202.75,202.0,202.75,201.5,1778.48,1785.3
2021-12-07,202.75,202.0,202.75,201.5,1784.17,1778.935
2021-12-08,202.875,202.0,202.875,201.5,1783.09,1784.575
2021-12-09,202.5,202.5,202.75,201.5,1775.17,1783.25
2021-12-10,202.5,202.5,202.75,202.0,1782.9,1776.02
2021-12-13,202.0,202.0,202.5,202.0,1786.68,1783.395
2021-12-14,202.5,202.0,202.5,201.5,1770.7,1786.15
2021-12-15,202.0,202.5,202.875,202.0,1777.13,1771.32
2021-12-16,202.0,202.5,202.5,201.5,1799.23,1778.36
2021-12-17,202.0,202.5,202.5,201.5,1796.14,1799.16
2021-12-20,202.5,202.5,202.875,202.0,1790.9,1800.04
2021-12-21,202.5,202.5,202.875,202.0,1788.97,1791.56
2021-12-22,202.5,202.5,202.875,202.0,1803.66,1788.7
2021-12-23,202.5,202.5,202.75,202.0,1808.57,1803.935
2021-12-27,202.75,202.875,202.875,202.0,1811.97,1808.005
2021-12-28,202.875,202.5,202.875,201.5,1806.15,1811.67
2021-12-29,202.75,202.5,202.875,201.5,1804.38,1806.19
2021-12-30,202.875,201.5,202.875,201.5,1814.69,1804.48
2021-12-31,202.875,202.5,202.875,202.0,1829.5,1815.085
2022-01-03,202.875,201.5,202.875,201.5,1801.32,1830.05
2022-01-04,202.875,201.5,202.875,201.5,1814.64,1802.37
2022-01-05,202.0,201.5,202.875,201.5,1810.29,1814.09
2022-01-06,202.0,202.5,202.875,201.5,1790.98,1810.76
2022-01-07,202.875,202.875,202.875,201.5,1795.81,1791.22
2022-01-10,202.875,202.0,202.875,201.5,1801.74,1796.0
2022-01-11,202.875,202.0,202.875,201.5,1821.54,1800.79
2022-01-12,202.875,201.5,202.875,201.5,1826.27,1820.82
2022-01-13,202.875,202.0,202.875,201.5,1822.7,1825.9
2022-01-14,202.875,202.875,202.875,202.875,1816.6,1821.585
2022-01-17,202.54,202.54,202.54,202.54,1819.255,1817.73
2022-01-18,202.445,202.5,203.04,201.5,1813.81,1818.85
2022-01-19,202.85,202.445,203.73,201.36,1840.56,1813.67
2022-01-20,202.48,202.85,203.88,201.5,1839.6,1839.8
2022-01-21,202.5,202.48,203.73,201.36,1831.78,1839.34
2022-01-24,201.905,202.495,203.73,201.36,1843.17,1834.54
2022-01-25,201.915,201.905,203.505,201.16,1848.15,1842.99
2022-01-26,202.77,201.915,203.505,201.16,1819.45,1847.955
2022-01-27,202.0,202.77,203.88,201.535,1797.2,1820.015
2022-01-28,202.0,201.995,203.505,201.16,1788.87,1798.075
2022-01-31,202.4,201.995,203.505,201.16,1797.35,1790.41
2022-02-01,202.41,202.4,203.73,201.36,1801.11,1797.985
2022-02-02,202.76,202.41,203.73,201.36,1806.9,1800.655
2022-02-03,202.685,202.76,203.88,201.535,1804.86,1807.07
2022-02-04,202.43,202.43,202.43,202.43,1808.13,1805.39
2022-02-07,202.735,202.425,203.85,201.45,1820.54,1807.59
2022-02-08,201.94,202.735,203.91,201.495,1826.03,1820.93
2022-02-09,201.865,201.94,203.535,201.12,1832.99,1826.01
2022-02-10,202.78,201.865,203.535,201.12,1826.68,1832.76
2022-02-11,202.5,202.78,203.91,201.495,1861.27,1826.775
2022-02-14,202.475,202.495,203.745,201.34,1871.42,1861.01
2022-02-15,202.435,202.475,203.745,201.34,1853.55,1871.49
2022-02-16,202.205,202.435,203.125,201.515,1869.61,1853.83
2022-02-17,202.615,202.5,203.28,202.0,1898.4,1869.75
2022-02-18,202.5,202.615,203.88,201.41,1897.03,1898.63
2022-02-21,202.485,202.495,203.635,201.32,1904.075,1901.16
2022-02-22,202.75,202.485,203.635,201.32,1898.49,1908.21
2022-02-23,202.5,202.745,203.88,201.41,1909.19,1898.94
2022-02-24,202.42,202.495,203.76,201.32,1904.1,1910.4
2022-02-25,202.5,202.42,203.635,201.32,1890.79,1906.015
2022-02-28,201.99,202.495,203.635,201.32,1908.82,1889.24
2022-03-01,201.735,201.99,202.755,200.97,1945.135,1907.645
2022-03-02,202.655,201.73,203.76,200.82,1928.67,1944.305
2022-03-03,202.5,202.655,204.09,201.13,1936.31,1928.965
2022-03-04,201.5,202.495,203.61,201.02,1967.46,1937.23
2022-03-07,201.865,201.495,203.425,200.6,1997.7,1970.93
2022-03-08,227.495,201.865,230.5,201.225,2050.01,1996.775
2022-03-09,227.35,227.49,230.565,226.08,1991.97,2049.48
2022-03-10,254.855,227.35,255.435,226.08,1996.87,1991.62
2022-03-11,255.0,254.855,256.065,244.94,1982.68,1997.12
2022-03-14,255.0,254.995,260.0,246.84,1953.71,1980.54
2022-03-15,272.5,254.995,275.0,253.595,1916.26,1953.56
2022-03-16,265.0,272.495,275.065,264.72,1925.71,1916.25
2022-03-17,264.495,264.995,266.495,262.995,1941.27,1925.86
2022-03-18,277.5,264.495,277.5,262.72,1921.13,1941.27
2022-03-21,280.0,277.495,281.5,270.0,1936.24,1920.22
2022-03-22,285.0,279.995,285.105,270.0,1920.87,1936.24
2022-03-23,282.5,284.995,290.0,279.86,1945.21,1920.74
2022-03-24,287.5,282.495,291.5,277.5,1958.42,1945.16
2022-03-25,292.5,287.495,292.775,283.8,1958.16,1958.33
2022-03-28,289.995,292.495,295.275,285.0,1922.78,1959.24
2022-03-29,293.5,289.995,299.0,287.72,1919.48,1923.06
2022-03-30,296.0,293.495,297.5,291.5,1932.71,1920.21
2022-03-31,294.0,295.995,298.565,292.0,1937.27,1933.31
2022-04-01,294.5,293.995,298.71,291.72,1922.73,1937.58
2022-04-04,297.375,294.495,298.92,291.94,1932.74,1925.5
2022-04-05,297.375,297.37,300.0,293.915,1923.495,1932.89
2022-04-06,305.0,297.37,305.0,293.595,1925.355,1923.81
2022-04-07,315.0,304.995,315.0,302.72,1931.575,1925.25
2022-04-08,315.0,314.995,316.71,309.46,1944.185,1931.6
2022-04-11,322.5,314.995,325.0,310.0,1953.765,1947.06
2022-04-12,322.5,322.495,326.065,312.5,1966.615,1954.16
2022-04-13,322.285,322.285,322.285,322.285,1978.185,1967.08
2022-04-14,322.285,313.28,322.285,322.285,1973.495,1977.56
2022-04-18,327.5,322.5,335.0,322.5,1978.735,1974.2
2022-04-19,335.0,327.495,335.21,326.08,1950.145,1977.81
2022-04-20,335.0,334.995,337.13,325.0,1957.625,1950.35
2022-04-21,335.0,334.995,337.13,327.5,1951.395,1957.17
2022-04-22,335.0,334.995,340.0,329.66,1932.645,1951.11
2022-04-25,335.0,334.995,340.0,329.66,1898.145,1932.05
2022-04-26,342.5,334.995,345.0,329.66,1905.315,1898.67
2022-04-27,354.99,342.495,355.045,338.22,1885.955,1905.93
2022-04-28,350.0,354.99,357.13,349.66,1894.545,1885.83
2022-04-29,355.0,349.995,355.0,347.16,1896.395,1894.91
2022-05-02,354.29,354.995,357.11,352.175,1862.885,1896.11
2022-05-03,354.29,354.29,354.29,354.29,1868.295,1863.52
2022-05-04,352.5,354.285,370.0,352.12,1881.335,1868.4
2022-05-05,370.0,352.495,377.0,351.075,1877.165,1883.25
2022-05-06,360.0,369.995,372.14,357.24,1880.915,1877.15
2022-05-09,365.0,359.995,370.0,357.135,1853.865,1882.28
2022-05-10,364.985,364.995,367.16,362.12,1838.325,1854.46
2022-05-11,365.0,364.985,367.16,362.12,1852.525,1838.85
2022-05-12,370.0,364.995,370.0,359.62,1821.805,1852.02
2022-05-13,360.0,369.995,372.14,355.0,1809.765,1822.51
2022-05-16,359.28,359.995,362.14,357.135,1823.995,1811.51
2022-05-17,360.0,360.0,360.18,359.51,1815.065,1825.78
2022-05-18,360.0,359.995,362.16,357.12,1816.615,1814.68
2022-05-19,359.86,359.995,362.16,356.995,1842.135,1816.54
2022-05-20,359.75,359.86,362.095,356.54,1844.705,1841.86
2022-05-23,359.5,359.745,362.03,356.71,1853.575,1846.0
2022-05-24,359.5,359.495,361.91,356.62,1866.535,1853.73
2022-05-25,362.0,359.495,364.41,355.56,1853.305,1865.71
2022-05-26,362.25,361.995,365.28,355.96,1850.815,1853.2
2022-05-27,362.0,362.245,365.185,356.31,1853.495,1851.21
2022-05-30,361.99,361.995,365.53,355.96,1855.215,1853.1
2022-05-31,360.0,361.99,365.53,355.96,1837.635,1855.165
2022-06-01,359.5,359.995,364.66,357.12,1846.405,1836.92
2022-06-02,359.5,359.495,364.45,356.65,1868.645,1846.9
2022-06-03,358.5,359.495,364.41,354.87,1850.775,1869.13
2022-06-06,363.48,358.495,364.335,354.72,1841.705,1850.81
2022-06-07,359.5,363.48,366.66,357.15,1852.415,1841.12
2022-06-08,358.5,359.495,362.485,354.52,1853.165,1852.68
2022-06-09,360.0,358.495,363.0,354.58,1847.945,1852.96
2022-06-10,360.0,359.995,364.405,354.46,1871.945,1848.07
2022-06-13,360.0,359.995,363.16,354.62,1819.525,1871.53
2022-06-14,359.28,359.995,362.14,357.135,1808.255,1820.48
2022-06-15,360.0,358.5,361.665,357.5,1833.89,1808.75
2022-06-16,362.0,359.995,364.16,354.62,1856.725,1833.74
2022-06-17,362.0,361.995,365.16,355.62,1837.115,1855.58
2022-06-20,359.0,361.995,364.16,356.12,1836.8,1838.33
2022-06-21,360.0,358.995,363.0,354.56,1833.125,1838.34
2022-06-22,360.0,359.995,364.265,355.48,1837.935,1833.03
2022-06-23,359.0,359.995,364.91,355.12,1822.665,1837.82
2022-06-24,359.0,358.995,365.0,354.76,1823.795,1823.32
2022-06-27,359.0,358.995,365.0,355.74,1822.775,1838.0
2022-06-28,358.0,358.995,364.625,354.42,1819.945,1822.73
2022-06-29,358.0,357.995,364.5,353.86,1817.915,1820.08
2022-06-30,358.0,357.995,364.75,353.84,1807.215,1817.86
2022-07-01,358.0,357.995,364.0,353.7,1806.055,1807.3
2022-07-04,364.0,357.995,364.0,354.14,1807.95,1808.81
2022-07-05,360.0,363.995,366.16,356.62,1764.785,1807.95
2022-07-06,364.0,359.995,364.16,354.62,1739.295,1766.33
2022-07-07,360.0,363.995,366.21,357.12,1740.225,1739.7
2022-07-08,364.75,359.995,364.75,355.12,1741.515,1740.38
2022-07-11,360.0,364.745,367.53,357.32,1734.065,1743.08
2022-07-12,358.5,359.995,365.0,355.12,1726.205,1733.56
2022-07-13,357.565,358.495,361.285,354.775,1735.655,1726.125
2022-07-14,365.5,360.0,365.5,358.38,1709.935,1735.85
2022-07-15,360.0,365.495,367.885,357.82,1705.795,1710.81
2022-07-18,359.99,359.995,364.75,355.62,1709.145,1708.1
2022-07-19,360.0,359.99,365.25,355.62,1711.715,1709.54
2022-07-20,359.99,359.995,365.25,355.62,1696.605,1711.77
2022-07-21,359.99,359.99,365.25,355.54,1718.335,1696.51
2022-07-22,360.0,359.99,365.25,356.0,1724.155,1718.0
2022-07-25,360.0,359.995,365.25,355.62,1719.735,1727.39
2022-07-26,359.5,359.995,365.25,355.92,1717.525,1719.3
2022-07-27,359.5,359.495,365.25,355.7,1734.465,1717.64
2022-07-28,364.5,359.495,365.5,355.195,1756.065,1734.45
2022-07-29,359.0,364.495,367.375,356.32,1761.035,1755.89
2022-08-01,362.995,358.995,365.0,355.335,1772.235,1765.7
2022-08-02,359.985,362.995,366.66,357.12,1761.345,1772.24
2022-08-03,359.0,359.985,365.0,355.18,1765.625,1762.12
2022-08-04,359.0,358.995,365.0,354.8,1791.245,1765.31
2022-08-05,359.0,358.995,365.0,354.92,1773.485,1790.77
2022-08-08,365.0,358.995,365.0,355.12,1789.145,1775.24
2022-08-09,359.0,364.995,367.385,357.07,1794.435,1788.97
2022-08-10,363.0,358.995,365.25,355.26,1792.285,1795.24
2022-08-11,362.995,362.995,362.995,362.995,1789.505,1792.3
2022-08-12,360.0,362.99,365.0,357.3,1801.435,1789.76
2022-08-15,360.0,359.995,365.25,355.62,1779.545,1801.9
2022-08-16,360.0,359.995,365.25,354.62,1775.475,1780.12
2022-08-17,360.0,359.995,365.25,355.12,1762.145,1775.88
2022-08-18,360.0,359.995,365.25,355.12,1758.465,1762.4
2022-08-19,360.0,359.995,365.25,355.12,1746.665,1759.1
2022-08-22,359.0,359.995,365.25,355.12,1736.235,1747.15
2022-08-23,360.0,358.995,365.25,355.375,1747.965,1735.93
2022-08-24,359.5,359.995,365.25,355.62,1751.345,1748.0
2022-08-25,359.5,359.495,365.375,355.7,1758.675,1751.31
2022-08-26,359.0,359.495,365.75,355.22,1736.895,1758.76
2022-08-29,360.0,358.995,365.25,355.075,1737.595,1736.35
2022-08-30,360.0,359.995,366.875,355.62,1724.375,1737.65
2022-08-31,359.985,359.995,365.25,355.62,1711.145,1723.25
2022-09-01,359.995,359.985,365.25,355.72,1697.685,1711.07
2022-09-02,360.0,359.995,365.25,356.0,1709.765,1696.85
2022-09-05,360.0,359.995,365.25,355.12,1710.04,1712.11
2022-09-06,360.0,359.995,365.25,356.68,1701.985,1709.7
2022-09-07,360.0,360.0,365.25,358.5,1718.455,1702.12
2022-09-08,364.0,359.995,365.25,355.62,1708.605,1718.22
2022-09-09,360.0,363.995,367.035,357.62,1715.935,1708.69
2022-09-12,359.995,359.995,366.55,355.62,1724.705,1717.49
2022-09-13,364.5,359.99,366.26,355.62,1702.555,1724.84
2022-09-14,365.375,364.495,368.175,357.9,1697.475,1701.63
2022-09-15,363.0,365.37,369.0,358.275,1664.525,1697.345
2022-09-16,365.375,362.995,366.83,357.56,1673.185,1665.17
2022-09-19,364.0,365.37,367.825,358.275,1675.705,1675.6
2022-09-20,363.5,363.995,368.11,357.62,1664.955,1675.8
2022-09-21,365.0,363.495,366.885,358.82,1673.875,1665.01
2022-09-22,360.0,364.995,368.345,358.04,1671.345,1673.21
2022-09-23,364.0,359.995,366.585,356.2,1643.155,1671.63
2022-09-26,363.995,363.995,366.455,358.56,1622.805,1644.55
2022-09-27,364.0,363.99,367.66,358.12,1629.195,1622.94
2022-09-28,364.0,363.995,367.16,357.62,1660.025,1629.72
2022-09-29,364.0,363.995,367.16,356.12,1660.615,1659.84
2022-09-30,365.5,363.995,367.66,358.57,1661.815,1660.74
2022-10-03,359.985,365.495,368.755,358.26,1699.695,1661.67
2022-10-04,366.0,359.985,366.5,355.825,1726.415,1698.44
2022-10-05,366.0,365.995,368.88,360.66,1716.345,1725.17
2022-10-06,366.0,365.995,368.865,359.63,1712.655,1716.32
2022-10-07,366.0,366.0,366.5,361.75,1695.525,1712.44
2022-10-10,365.995,365.995,365.995,365.995,1668.145,1696.6
2022-10-11,366.0,365.995,368.985,359.86,1666.265,1668.795
2022-10-12,366.5,365.995,368.805,361.26,1673.255,1666.6
2022-10-13,365.0,366.495,369.385,360.32,1666.265,1673.82
2022-10-14,365.0,364.995,368.66,360.62,1642.845,1666.52
2022-10-17,367.0,366.0,368.25,363.5,1650.765,1643.85
2022-10-18,367.0,365.5,367.5,365.0,1652.085,1650.4
2022-10-19,367.0,365.5,368.5,363.0,1629.155,1652.12
2022-10-20,367.0,363.5,368.75,362.0,1628.265,1629.28
2022-10-21,367.0,363.5,369.0,362.5,1655.175,1628.115
2022-10-24,367.0,367.0,367.0,367.0,1649.405,1658.68
2022-10-25,365.5,367.0,368.5,364.25,1653.155,1650.1
2022-10-26,365.0,365.0,367.5,364.25,1664.835,1652.415
2022-10-27,365.0,367.0,368.75,363.5,1663.455,1664.4
2022-10-28,365.5,367.0,368.5,362.5,1645.245,1662.57
2022-10-31,365.5,365.5,367.5,364.75,1632.755,1644.275
2022-11-01,367.0,365.5,370.0,364.75,1648.3,1632.75
2022-11-02,367.0,365.5,370.0,365.0,1634.175,1646.885
2022-11-03,367.5,364.5,367.5,362.5,1630.325,1634.105
2022-11-04,364.5,364.5,368.75,362.5,1681.4,1630.395
2022-11-07,364.5,364.5,364.5,364.5,1675.385,1674.93
2022-11-08,365.5,367.5,368.875,363.25,1712.375,1675.08
2022-11-09,367.5,366.0,370.0,363.0,1707.035,1711.73
2022-11-10,368.5,367.5,368.5,362.0,1755.575,1706.28
2022-11-11,367.5,365.5,369.0,363.0,1767.865,1754.2
2022-11-14,365.5,365.5,370.375,362.0,1771.305,1771.43
2022-11-15,367.5,365.5,370.375,363.0,1778.815,1770.53
2022-11-16,367.5,367.5,369.5,362.0,1773.865,1777.83
2022-11-17,367.5,367.5,370.0,362.0,1760.275,1773.85
2022-11-18,367.5,367.5,370.0,364.5,1748.775,1760.77
2022-11-21,367.5,365.5,370.125,363.0,1737.905,1750.5
2022-11-22,367.5,365.5,369.0,361.0,1740.115,1738.8
2022-11-23,365.5,367.5,370.0,363.5,1749.585,1740.22
2022-11-24,368.5,365.5,370.0,365.5,1755.435,1749.58
2022-11-25,367.5,368.5,369.0,363.0,1754.625,1755.245
2022-11-28,368.5,368.5,370.0,363.25,1741.685,1754.08
2022-11-29,367.5,365.5,370.0,363.0,1749.795,1740.57
2022-11-30,368.5,368.5,369.5,363.25,1768.615,1749.58
2022-12-01,368.5,368.5,369.0,364.75,1802.935,1768.69
2022-12-02,368.5,365.0,369.0,364.75,1797.56,1802.04
2022-12-05,367.5,368.5,369.0,363.5,1768.77,1797.73
2022-12-06,367.5,367.5,370.0,362.0,1771.09,1768.2
2022-12-07,367.5,367.5,367.5,367.5,1786.13,1771.13
2022-12-08,367.5,367.5,370.0,362.0,1789.09,1785.92
2022-12-09,367.5,368.5,369.0,362.0,1795.12,1789.72
2022-12-12,367.5,367.5,369.75,363.5,1781.41,1796.8
2022-12-13,367.5,367.5,370.0,363.5,1810.61,1781.12
2022-12-14,365.5,367.5,370.25,363.5,1807.42,1810.63
2022-12-15,367.5,367.5,370.125,363.0,1776.9,1807.28
2022-12-16,367.5,367.5,370.375,362.0,1792.2,1776.7
2022-12-19,365.0,368.5,370.0,363.875,1787.75,1792.75
2022-12-20,365.5,365.5,370.0,363.5,1817.83,1787.43
2022-12-21,365.5,365.5,369.13,362.0,1814.37,1817.92
2022-12-22,365.5,365.5,368.75,362.0,1792.45,1814.03
2022-12-23,365.5,365.5,368.75,362.0,1797.69,1793.52
2022-12-27,365.5,365.5,369.0,363.25,1813.63,1800.9
2022-12-28,365.5,365.5,369.0,362.5,1804.35,1813.84
2022-12-29,365.5,365.5,369.0,363.25,1815.02,1804.42
2022-12-30,367.5,365.5,368.5,363.25,1823.48,1814.74
2023-01-03,365.5,365.5,369.0,363.0,1839.54,1828.86
2023-01-04,365.5,365.5,367.5,362.0,1854.66,1838.77
2023-01-05,365.5,365.5,368.5,362.0,1832.96,1854.5
2023-01-06,365.5,365.5,365.5,365.5,1867.01,1832.34
2023-01-09,367.5,365.5,368.5,363.5,1871.78,1868.22
2023-01-10,367.5,365.0,367.5,360.5,1876.96,1871.09
2023-01-11,366.5,365.0,368.0,360.5,1875.65,1876.7
2023-01-12,367.5,364.5,368.5,362.5,1896.87,1875.05
2023-01-13,366.0,363.5,368.0,363.0,1920.74,1895.84
2023-01-16,366.0,366.0,366.0,366.0,1915.74,1920.2
2023-01-17,367.5,364.5,368.5,361.5,1908.67,1916.405
2023-01-18,364.0,364.0,368.5,363.0,1904.34,1908.42
2023-01-19,367.0,364.0,369.0,363.0,1932.17,1904.18
2023-01-20,366.0,367.0,368.5,363.0,1927.27,1931.65
2023-01-23,364.0,364.0,370.25,362.0,1931.02,1926.11
2023-01-24,364.0,364.0,368.5,362.75,1937.3,1930.96
2023-01-25,364.0,364.5,368.5,363.0,1946.27,1937.12
2023-01-26,364.0,364.0,369.0,363.0,1929.18,1946.48
2023-01-27,364.0,364.0,368.5,362.0,1926.56,1928.5
2023-01-30,366.0,364.0,369.0,363.0,1923.22,1928.24
2023-01-31,367.5,364.0,368.5,362.0,1928.28,1923.09
2023-02-01,366.0,364.0,369.0,362.75,1950.18,1928.13
2023-02-02,366.0,364.0,369.0,361.0,1912.64,1951.3
2023-02-03,365.0,363.0,368.0,360.5,1864.85,1912.05
2023-02-06,365.25,365.0,366.5,360.68,1867.69,1864.87
2023-02-07,365.5,365.25,367.0,361.18,1873.72,1867.75
2023-02-08,365.5,365.5,367.0,361.96,1875.55,1874.04
2023-02-09,365.5,365.5,368.5,360.66,1861.7,1875.24
2023-02-10,365.0,365.5,368.0,360.5,1864.2,1862.93
2023-02-13,365.0,365.0,367.5,360.66,1853.45,1864.7
2023-02-14,365.0,366.0,368.0,360.66,1854.46,1853.82
2023-02-15,365.0,365.0,366.5,360.66,1835.91,1854.08
2023-02-16,365.0,361.92,366.5,360.66,1836.5,1836.44
2023-02-17,365.5,365.0,366.5,361.92,1841.93,1836.51
2023-02-20,361.92,365.0,367.0,360.0,1841.295,1841.01
2023-02-21,365.0,361.0,366.5,359.5,1835.01,1841.9
2023-02-22,365.0,364.5,366.25,358.5,1825.26,1834.88
2023-02-23,365.0,365.0,366.5,360.0,1822.37,1826.05
2023-02-24,365.0,362.67,366.5,360.75,1810.98,1822.69
2023-02-27,363.0,361.5,365.75,358.75,1817.31,1811.13
2023-02-28,362.0,360.75,363.315,355.5,1826.8,1817.24
2023-03-01,358.0,354.0,360.5,351.5,1836.705,1826.9
2023-03-02,346.0,346.0,350.575,342.5,1835.75,1837.31
2023-03-03,339.5,340.0,347.835,335.0,1855.24,1836.21
2023-03-06,339.5,339.5,339.5,339.5,1846.76,1854.95
2023-03-07,322.5,322.5,332.5,317.5,1813.23,1846.465
2023-03-08,322.5,321.5,325.0,316.5,1813.82,1814.27
2023-03-09,322.5,313.5,322.5,310.0,1830.86,1814.29
2023-03-10,320.0,320.0,326.0,310.0,1869.9,1831.54
2023-03-13,327.5,325.0,329.5,314.5,1910.27,1884.295
2023-03-14,335.0,324.0,340.0,323.75,1904.27,1910.19
2023-03-15,337.5,330.0,343.5,330.0,1920.35,1904.32
2023-03-16,339.5,338.5,345.0,332.0,1920.02,1920.46
2023-03-17,337.5,335.5,345.0,333.5,1989.33,1920.15
2023-03-20,340.0,340.0,340.0,332.5,1978.36,1977.45
2023-03-21,321.5,320.0,325.5,318.5,1941.18,1978.36
2023-03-22,321.0,321.5,322.25,312.5,1965.71,1941.32
2023-03-23,319.0,320.0,325.0,317.0,1992.03,1965.665
2023-03-24,321.5,319.0,326.0,319.0,1977.78,1991.95
2023-03-27,322.5,322.5,326.0,318.0,1956.52,1977.78
2023-03-28,324.5,322.5,327.5,320.0,1973.7,1956.69
2023-03-29,326.0,326.5,331.5,320.0,1964.52,1973.6
2023-03-30,326.5,326.0,331.5,320.5,1980.31,1963.73
2023-03-31,326.0,326.5,332.0,321.0,1970.8,1980.55
2023-04-03,325.0,326.5,330.0,319.0,1984.565,1969.17
2023-04-04,322.5,321.5,325.5,318.0,2020.665,1984.32
2023-04-05,322.5,322.5,322.5,322.5,2020.84,2021.06
2023-04-06,320.25,321.0,324.0,316.5,2007.465,2020.97
2023-04-10,320.0,320.0,323.5,317.5,1991.35,1994.47
2023-04-11,320.5,318.5,324.875,314.5,2003.62,1991.28
2023-04-12,321.0,319.0,322.5,314.75,2014.94,2003.2
2023-04-13,321.0,321.0,321.0,321.0,2040.15,2014.52
2023-04-14,321.0,321.0,321.0,321.0,2005.45,2040.49
2023-04-17,320.0,320.0,322.5,317.5,1995.16,2004.1
2023-04-18,320.0,319.5,324.25,315.0,2005.28,1995.24
2023-04-19,320.0,321.5,324.75,316.5,1994.79,2005.03
2023-04-20,320.0,320.0,324.65,316.75,2004.82,1994.56
2023-04-21,320.0,321.5,323.35,318.375,1982.78,2004.39
2023-04-24,320.0,321.0,325.85,318.375,1989.1,1983.01
2023-04-25,321.75,321.45,323.9,320.75,1997.13,1989.06
2023-04-26,322.0,321.5,322.85,320.75,1989.46,1996.27
2023-04-27,322.0,321.0,323.35,320.25,1987.85,1989.82
2023-04-28,321.0,321.75,322.875,319.5,1989.27,1987.71
2023-05-01,321.0,321.0,321.0,321.0,1982.48,1989.94
2023-05-02,321.0,321.0,323.0,319.5,2016.7,1982.25
2023-05-03,319.55,319.75,325.0,317.3,2038.64,2016.19
2023-05-04,319.5,319.25,321.2,317.8,2050.19,2066.18
2023-05-05,319.5,319.5,319.5,319.5,2018.0,2049.28
2023-05-08,319.0,318.75,322.25,315.15,2021.49,2016.72
2023-05-09,318.5,318.5,319.875,316.45,2034.56,2021.1
2023-05-10,316.1,318.0,319.35,315.65,2030.185,2034.58
2023-05-11,313.25,315.2,318.25,310.5,2015.12,2029.96
2023-05-12,312.5,312.75,317.05,309.5,2011.06,2015.09
2023-05-15,313.25,313.25,314.0,311.55,2016.46,2008.5
2023-05-16,309.375,311.95,311.95,308.75,1988.92,2016.39
2023-05-17,305.5,308.85,308.85,305.5,1981.57,1988.86
2023-05-18,307.0,305.5,307.65,304.5,1957.53,1981.69
2023-05-19,307.0,307.5,308.4,305.75,1976.33,1958.2
2023-05-22,305.5,306.5,306.75,304.95,1971.82,1977.89
2023-05-23,305.0,305.0,305.55,303.75,1975.03,1972.0
2023-05-24,303.5,304.5,304.5,302.45,1957.36,1974.78
2023-05-25,302.5,303.0,304.5,301.7,1940.86,1958.07
2023-05-26,297.25,301.75,301.75,296.75,1947.59,1940.74
2023-05-29,297.0,296.0,297.25,295.0,1943.385,1942.915
2023-05-30,294.5,296.5,297.25,294.0,1959.43,1944.25
2023-05-31,290.25,293.0,294.75,289.75,1962.93,1959.23
2023-06-01,294.0,290.5,294.9,289.5,1977.58,1962.89
2023-06-02,291.0,294.0,294.0,290.0,1948.75,1977.01
2023-06-05,290.25,292.0,292.25,289.25,1961.89,1947.05
2023-06-06,292.0,291.0,292.0,289.25,1963.36,1961.76
2023-06-07,291.5,291.5,292.0,289.5,1940.01,1963.63
2023-06-08,295.0,291.0,295.25,290.0,1965.7,1940.14
2023-06-09,296.0,294.5,297.5,292.5,1960.04,1965.83
2023-06-12,300.5,295.5,301.5,295.5,1957.49,1961.28
2023-06-13,307.0,300.0,307.25,300.0,1943.6,1957.3
2023-06-14,315.0,316.0,321.0,307.0,1941.97,1943.4
2023-06-15,306.0,318.5,326.0,303.5,1958.045,1941.74
2023-06-16,307.5,307.5,312.25,305.0,1955.66,1957.3
2023-06-19,306.5,304.5,307.0,304.0,1950.35,1957.56
2023-06-20,307.0,306.0,307.5,305.5,1936.325,1950.47
2023-06-21,307.0,307.0,308.0,306.0,1932.7,1936.56
2023-06-22,307.0,306.5,307.5,306.45,1913.77,1932.92
2023-06-23,307.75,306.5,308.25,306.5,1919.15,1914.1
2023-06-26,308.0,307.5,309.75,306.0,1923.145,1920.73
2023-06-27,308.5,309.0,310.0,307.75,1913.765,1923.4
2023-06-28,307.75,308.25,309.25,306.75,1907.425,1914.22
2023-06-29,307.75,307.75,307.75,307.75,1908.235,1907.78
2023-06-30,307.75,307.75,307.75,307.75,1920.185,1908.69
2023-07-03,307.75,307.75,307.75,307.75,1921.59,1919.93
2023-07-04,307.0,307.5,307.625,305.5,1925.895,1921.55
2023-07-05,307.0,307.5,307.5,305.75,1915.235,1925.68
2023-07-06,310.0,307.5,310.5,306.75,1910.925,1915.46
2023-07-07,310.5,310.5,312.375,309.5,1924.845,1910.92
2023-07-10,311.5,310.0,313.25,310.0,1925.345,1924.88
2023-07-11,314.0,312.5,314.875,312.25,1932.225,1925.45
2023-07-12,315.0,313.25,316.25,312.0,1957.425,1932.27
2023-07-13,317.625,315.5,318.75,313.0,1960.475,1957.16
2023-07-14,319.0,318.0,320.75,317.5,1954.535,1960.39
2023-07-17,322.5,320.75,323.5,320.75,1954.935,1955.325
2023-07-18,322.75,321.5,323.5,321.0,1978.805,1954.7
2023-07-19,324.0,323.5,324.5,322.0,1977.01,1978.87
2023-07-20,325.0,323.5,326.45,323.25,1969.53,1975.8
2023-07-21,327.5,326.0,327.75,325.5,1962.5,1970.29
2023-07-24,330.0,328.5,330.5,327.75,1954.855,1962.075
2023-07-25,331.0,329.0,332.0,328.5,1965.015,1955.26
2023-07-26,329.0,332.0,332.25,328.75,1972.295,1965.18
2023-07-27,329.0,329.0,329.875,328.25,1945.645,1971.91
2023-07-28,329.0,329.1,330.25,328.5,1959.135,1946.4
2023-07-31,318.0,329.0,330.0,318.0,1965.575,1959.055
2023-08-01,318.0,318.0,318.0,318.0,1944.175,1965.78
2023-08-02,314.5,317.5,317.5,312.0,1934.895,1949.55
2023-08-03,318.0,315.0,320.5,314.5,1934.165,1935.15
2023-08-04,320.5,318.5,323.0,317.0,1941.515,1934.35
2023-08-07,322.5,321.0,323.25,319.5,1936.645,1942.985
2023-08-08,320.0,322.0,322.25,319.0,1925.305,1936.61
2023-08-09,320.0,320.25,321.25,317.5,1914.785,1925.31
2023-08-10,320.0,319.5,320.5,319.0,1912.375,1914.9
2023-08-11,319.75,319.75,320.25,319.125,1913.705,1912.82
2023-08-14,321.25,320.0,321.75,319.5,1907.495,1912.965
2023-08-15,320.5,322.0,322.0,320.0,1901.985,1907.47
2023-08-16,321.5,320.25,321.625,319.5,1892.12,1901.87
2023-08-17,322.0,321.0,322.5,320.5,1889.38,1892.19
2023-08-18,323.5,322.0,324.25,322.0,1889.48,1889.58
2023-08-21,323.75,324.0,324.35,322.75,1894.68,1889.475
2023-08-22,324.0,323.75,324.5,322.0,1897.45,1894.73
2023-08-23,323.5,323.5,324.5,323.25,1915.605,1897.47
2023-08-24,323.5,324.0,324.5,323.5,1916.83,1915.42
2023-08-25,323.5,324.0,324.5,323.5,1914.355,1917.17
2023-08-28,324.0,324.0,324.5,323.45,1920.235,1915.74
2023-08-29,321.0,323.75,324.25,320.5,1937.465,1920.27
2023-08-30,321.0,321.0,321.0,321.0,1942.58,1937.53
2023-08-31,319.0,320.5,320.5,318.5,1940.095,1942.87
2023-09-01,319.0,319.5,319.675,318.0,1940.585,1940.19
2023-09-04,320.75,319.125,320.75,318.5,1938.355,1939.66
2023-09-05,321.5,320.25,322.4,318.5,1926.115,1938.73
2023-09-06,321.5,321.5,322.5,320.5,1916.565,1926.4
2023-09-07,322.5,322.25,322.725,321.875,1919.705,1917.03
2023-09-08,321.5,322.0,322.5,321.125,1919.255,1919.7
2023-09-11,321.75,321.75,322.625,321.325,1922.415,1918.885
2023-09-12,322.5,321.875,322.875,321.75,1913.425,1922.79
2023-09-13,323.0,322.0,323.875,321.75,1908.245,1913.2
2023-09-14,324.0,323.5,324.25,322.75,1910.635,1908.91
2023-09-15,323.125,323.25,323.625,322.5,1922.505,1911.08
2023-09-18,324.625,323.5,324.625,323.125,1933.755,1924.15
2023-09-19,324.5,323.75,325.0,323.75,1931.435,1933.83
2023-09-20,324.5,324.5,325.0,324.25,1930.405,1931.94
2023-09-21,324.0,324.5,325.275,323.125,1920.11,1930.61
2023-09-22,324.5,324.25,325.0,323.875,1925.415,1920.06
2023-09-25,324.5,324.5,325.25,324.125,1915.995,1925.025
2023-09-26,323.75,324.25,324.5,323.75,1900.665,1916.24
2023-09-27,324.0,323.75,324.125,322.5,1875.06,1900.72
2023-09-28,324.0,324.0,324.0,324.0,1864.94,1876.53
2023-09-29,324.0,324.0,324.0,324.0,1848.49,1865.49
2023-10-02,324.175,324.0,324.55,323.5,1827.89,1848.09
2023-10-03,324.0,324.0,324.25,323.45,1822.975,1829.23
2023-10-04,323.625,324.0,324.15,323.375,1821.25,1823.69
2023-10-05,324.05,323.5,324.1,323.375,1820.255,1821.83
2023-10-06,324.0,323.5,324.2,323.35,1829.385,1820.8
2023-10-09,323.7,323.625,324.0,323.25,1861.505,1846.34
2023-10-10,323.7,323.7,323.75,323.125,1860.5,1861.45
2023-10-11,323.75,323.5,324.05,323.25,1874.35,1860.15
2023-10-12,323.625,323.8,323.925,323.25,1868.81,1874.75
2023-10-13,323.625,323.75,324.125,323.5,1928.23,1869.1
2023-10-16,323.95,323.75,324.075,323.375,1920.185,1929.33
2023-10-17,324.25,323.75,324.575,323.75,1923.145,1920.12
2023-10-18,324.575,324.2,324.75,324.075,1947.735,1924.05
2023-10-19,324.75,324.375,325.125,324.375,1974.385,1947.87
2023-10-20,325.75,325.25,325.75,324.75,1979.84,1973.55
2023-10-23,326.15,325.75,326.5,325.375,1972.85,1973.72
2023-10-24,327.5,326.0,327.625,325.875,1971.12,1973.62
2023-10-25,326.5,327.25,327.7,326.2,1979.565,1971.01
2023-10-26,326.75,326.5,327.225,326.375,1984.87,1980.66
2023-10-27,327.4,326.75,327.4,326.5,2007.33,1984.72
2023-10-30,327.25,327.0,327.5,327.0,1995.14,2001.48
2023-10-31,327.75,327.5,328.0,327.25,1984.69,1995.12
2023-11-01,327.75,327.6,328.0,327.5,1983.925,1984.9
2023-11-02,329.0,328.0,329.125,328.0,1985.0,1983.83
2023-11-03,328.75,329.125,329.8,328.75,1992.57,1985.01
2023-11-06,326.75,329.75,330.0,326.25,1977.99,1992.57
2023-11-07,327.75,326.5,327.75,326.5,1969.13,1978.13
2023-11-08,328.5,327.625,328.75,327.375,1950.28,1969.33
2023-11-09,327.25,328.75,329.5,327.25,1958.435,1950.03
2023-11-10,327.125,328.125,328.125,326.55,1936.025,1958.27
2023-11-13,326.75,327.0,327.0,326.6,1946.21,1938.78
2023-11-14,327.75,327.0,327.8,326.5,1963.125,1946.3
2023-11-15,328.65,328.0,329.0,327.75,1959.395,1962.81
2023-11-16,328.0,328.5,328.75,327.55,1981.27,1959.975
2023-11-17,327.75,327.8,328.0,327.25,1980.79,1981.175
2023-11-20,328.0,328.0,328.225,327.5,1978.015,1978.57
2023-11-21,328.45,328.0,328.75,327.975,1998.41,1977.785
2023-11-22,328.5,328.375,328.75,328.25,1989.9,1998.63
2023-11-23,328.5,328.5,328.9,328.3,1993.07,1989.43
2023-11-24,328.4,328.5,328.9,328.4,2002.445,1993.185
2023-11-27,329.0,328.375,329.2,328.25,2014.02,2002.0
2023-11-28,329.25,329.45,329.75,328.75,2040.95,2015.255
2023-11-29,328.5,329.0,329.5,328.25,2044.205,2041.245
2023-11-30,328.0,328.4,328.4,326.75,2036.195,2044.735
2023-12-01,328.0,327.625,328.2,327.5,2070.895,2037.13
2023-12-04,328.0,328.0,328.325,327.75,2029.42,2074.01
2023-12-05,327.9,328.1,328.75,327.4,2019.34,2029.74
2023-12-06,326.85,327.75,328.0,326.7,2025.4,2019.335
2023-12-07,326.65,326.5,327.025,326.15,2028.64,2026.52
2023-12-08,327.0,326.75,327.5,326.5,2002.82,2028.7
2023-12-11,327.0,326.75,327.305,326.75,1981.98,2003.76
2023-12-12,326.875,326.75,327.2,326.75,1979.47,1982.03
2023-12-13,326.75,326.5,327.175,326.475,2027.56,1979.91
2023-12-14,326.6,326.7,326.85,326.2,2036.38,2028.55
2023-12-15,326.925,326.5,327.175,326.5,2018.145,2036.275
2023-12-18,326.875,326.9,327.2,326.625,2027.29,2019.95
2023-12-19,327.0,326.95,327.2,326.575,2040.27,2027.595
2023-12-20,326.8,326.875,327.1,326.725,2031.275,2040.155
2023-12-21,326.225,326.25,326.7,326.025,2045.81,2032.265
2023-12-22,325.4,326.325,326.325,325.125,2053.335,2049.815
2023-12-26,325.4,325.4,325.4,325.4,2068.045,2053.855
2023-12-27,324.0,325.125,325.125,323.625,2077.675,2068.395
2023-12-28,323.85,323.625,324.25,323.425,2065.445,2077.86
2023-12-29,323.9,323.7,324.075,323.7,2063.235,2066.535
2024-01-02,321.75,321.0,321.75,320.25,2058.94,2063.76
2024-01-03,322.75,321.45,322.825,321.35,2041.45,2059.14
2024-01-04,322.7,322.75,322.75,322.125,2043.56,2042.175
2024-01-05,322.6,322.45,322.7,322.2,2043.805,2043.945
2024-01-08,322.425,322.25,322.55,322.075,2028.075,2045.37
2024-01-09,322.5,322.5,322.65,322.3,2030.21,2028.35
2024-01-10,322.875,322.475,323.05,322.375,2024.39,2030.53
2024-01-11,322.6,322.85,322.85,322.425,2028.995,2024.42
2024-01-12,322.15,322.1,322.325,322.0,2047.59,2029.105
2024-01-15,322.15,322.15,322.15,322.15,2054.815,2048.62
2024-01-16,321.525,322.0,322.025,321.45,2028.345,2054.92
2024-01-17,320.9,321.4,321.525,320.9,2006.26,2028.1
2024-01-18,320.85,320.55,321.35,320.375,2023.17,2006.02
2024-01-19,320.25,320.6,320.8,320.2,2028.52,2024.35
2024-01-22,319.95,320.25,320.25,319.725,2021.645,2029.99
2024-01-23,319.85,319.85,320.05,319.65,2029.26,2021.945
2024-01-24,318.25,319.65,319.8,318.0,2014.01,2029.03
2024-01-25,318.25,318.25,318.25,318.25,2020.88,2014.49
2024-01-26,317.6,317.05,317.775,317.05,2018.66,2020.545
2024-01-29,317.8,317.7,318.1,317.5,2032.865,2023.9
2024-01-30,316.95,317.7,317.7,316.9,2036.95,2032.895
2024-01-31,315.85,316.3,316.3,315.8,2039.57,2037.115
2024-02-01,313.25,314.7,314.7,313.15,2054.99,2039.93
2024-02-02,311.75,311.0,313.0,310.25,2036.135,2054.825
2024-02-05,312.55,311.75,312.75,311.75,2025.17,2039.8
2024-02-06,313.75,312.125,314.0,312.125,2036.05,2025.04
2024-02-07,313.0,313.125,313.35,312.475,2035.145,2036.055
2024-02-08,313.0,313.25,313.675,312.875,2034.48,2035.2
2024-02-09,312.8,312.875,313.275,312.75,2025.175,2034.57
2024-02-12,313.4,312.9,313.7,312.75,2020.035,2023.51
2024-02-13,313.15,313.4,313.85,312.95,1993.245,2019.885
2024-02-14,313.125,313.1,313.21,313.0,1992.35,1993.295
2024-02-15,312.8,313.05,313.45,312.65,2004.3,1992.575
2024-02-16,312.35,312.75,312.75,312.125,2012.03,2004.335
2024-02-19,312.15,312.05,312.625,312.05,2018.03,2015.2
2024-02-20,311.85,312.1,312.25,311.8,2024.335,2018.0
2024-02-21,311.4,311.8,311.875,311.375,2026.095,2024.425
2024-02-22,310.8,311.1,311.25,310.55,2024.45,2025.97
2024-02-23,310.8,310.8,310.8,310.8,2036.63,2024.575
2024-02-26,310.8,310.85,311.0,310.375,2031.215,2034.5
2024-02-27,310.4,310.675,311.0,310.4,2030.32,2031.45
2024-02-28,310.1,310.55,310.325,309.75,2034.52,2030.7
2024-02-29,309.6,309.9,309.975,309.55,2044.195,2035.32
2024-03-01,308.825,309.25,309.25,308.75,2083.595,2043.93
2024-03-04,307.95,308.0,308.1,307.8,2114.625,2082.21
2024-03-05,308.0,307.625,308.05,307.625,2127.75,2114.96
2024-03-06,307.75,307.8,307.9,307.6,2147.86,2127.98
2024-03-07,307.35,307.85,307.85,307.25,2160.115,2148.815
2024-03-08,307.35,307.35,307.35,307.35,2177.405,2159.52
2024-03-11,306.95,307.025,307.125,306.875,2181.395,2177.355
2024-03-12,306.525,306.945,306.945,306.4,2158.655,2181.285
2024-03-13,306.075,306.45,306.45,306.075,2174.705,2158.855
2024-03-14,305.525,305.6,305.675,305.125,2161.625,2174.755
2024-03-15,305.225,305.125,305.275,305.1,2156.065,2161.545
2024-03-18,304.525,304.7,304.7,304.45,2161.375,2155.06
2024-03-19,303.9,303.875,304.0,303.75,2158.795,2161.295
2024-03-20,304.1,303.85,304.7,303.85,2200.775,2158.795
2024-03-21,303.9,303.875,303.925,303.7,2181.355,2200.945
2024-03-22,303.3,303.65,303.7,303.3,2165.225,2181.305
2024-03-25,302.65,303.3,303.325,302.525,2172.085,2166.405
2024-03-26,301.9,302.0,302.05,301.8,2178.375,2172.185
2024-03-27,300.9,301.25,301.3,300.825,2192.355,2178.385
2024-03-28,300.4,300.3,300.425,300.125,2233.99,2192.525
2024-04-01,300.05,300.125,300.175,299.875,2251.9,2239.27
2024-04-02,299.95,299.8,299.975,299.75,2280.495,2251.025
2024-04-03,299.8,299.9,299.95,299.775,2300.44,2280.33
2024-04-04,299.7,299.85,299.85,299.675,2291.035,2299.77
2024-04-05,299.25,299.5,299.5,299.125,2323.585,2290.935
2024-04-08,298.9,299.05,299.05,298.75,2339.325,2324.4
2024-04-09,298.625,298.65,298.725,298.5,2352.95,2338.97
2024-04-10,298.45,298.4,298.525,298.275,2334.19,2352.925
2024-04-11,298.45,298.45,298.45,298.45,2372.55,2333.96
2024-04-12,298.45,298.45,298.45,298.45,2343.14,2371.94
2024-04-15,299.0,298.5,299.4,298.45,2383.225,2363.95
2024-04-16,300.0,299.05,300.3,298.9,2382.58,2382.985
2024-04-17,301.5,300.5,302.0,300.5,2360.38,2382.25
2024-04-18,301.5,301.5,302.0,301.0,2379.305,2361.57
2024-04-19,301.5,301.5,302.35,301.5,2387.69,2378.695
2024-04-22,300.45,302.0,302.25,300.375,2327.075,2386.75
2024-04-23,300.45,300.45,300.45,300.45,2322.02,2327.46
2024-04-24,298.0,300.125,300.125,297.875,2316.11,2321.87
2024-04-25,296.85,297.25,297.3,296.85,2332.22,2315.545
2024-04-26,295.975,296.2,296.4,295.9,2340.085,2332.0
2024-04-29,296.7,296.35,297.625,296.15,2335.74,2336.49
2024-04-30,297.5,298.0,298.5,297.375,2285.94,2335.345
2024-05-01,297.5,297.5,297.5,297.5,2319.305,2286.555
2024-05-02,297.0,297.375,297.375,296.375,2303.67,2320.46
2024-05-03,297.15,296.85,297.35,296.8,2301.52,2303.845
2024-05-06,298.5,297.125,298.7,297.125,2323.97,2304.565
2024-05-07,299.55,298.2,300.0,298.2,2313.99,2324.43
2024-05-08,298.7,298.9,299.025,298.2,2308.385,2313.825
2024-05-09,298.75,298.2,298.875,298.15,2346.3,2308.495
2024-05-10,298.75,298.525,298.9,298.15,2363.435,2346.385
2024-05-13,300.2,299.05,300.525,298.9,2336.465,2364.4
2024-05-14,301.0,300.8,301.775,300.475,2357.985,2336.005
2024-05-15,302.1,301.5,302.35,301.5,2386.085,2358.205
2024-05-16,300.7,301.75,302.3,300.3,2376.74,2385.855
2024-05-17,299.45,300.05,300.05,299.4,2416.5,2377.09
2024-05-20,299.6,299.65,300.0,299.425,2426.36,2418.63
2024-05-21,299.9,299.55,299.9,299.525,2420.935,2426.48
2024-05-22,300.0,299.6,300.25,299.5,2378.74,2421.175
2024-05-23,300.0,300.0,300.0,300.0,2328.885,2379.775
2024-05-24,300.0,300.0,300.0,300.0,2333.825,2329.04
2024-05-27,300.6,300.25,300.65,300.05,2350.845,2336.24
2024-05-28,301.95,300.45,302.0,300.45,2361.215,2351.59
2024-05-29,301.45,301.375,301.6,300.75,2337.81,2361.06
2024-05-30,301.875,301.5,302.075,301.5,2343.245,2338.175
2024-05-31,301.9,301.7,302.0,301.65,2327.825,2344.15
2024-06-03,301.9,301.875,301.95,301.775,2350.735,2328.15
2024-06-04,302.1,301.95,302.425,301.9,2327.025,2351.485
2024-06-05,302.35,302.0,302.475,302.0,2355.335,2326.955
2024-06-06,302.85,302.25,302.9,302.25,2376.135,2356.8
2024-06-07,302.6,302.575,302.825,302.475,2287.92,2376.425
2024-06-10,303.15,302.8,303.45,302.625,2310.695,2295.27
2024-06-11,303.25,303.05,303.7,303.05,2316.87,2312.08
2024-06-12,303.8,303.525,304.025,303.275,2324.765,2317.17
2024-06-13,303.8,303.75,304.025,303.6,2303.96,2325.105
2024-06-14,303.9,303.725,304.0,303.725,2332.64,2304.085
2024-06-17,303.9,303.9,303.9,303.9,2319.165,2331.53
2024-06-18,304.8,304.1,304.8,303.9,2329.51,2319.435
2024-06-19,305.05,305.15,305.625,304.65,2328.225,2329.36
2024-06-20,305.225,305.575,305.85,305.1,2359.995,2329.46
2024-06-21,305.225,305.225,305.225,305.225,2322.415,2360.145
2024-06-24,305.125,305.15,305.375,305.1,2334.42,2323.485
2024-06-25,305.2,305.15,305.325,305.125,2319.605,2334.435
2024-06-26,305.35,305.1,305.4,305.1,2298.24,2319.21
2024-06-27,305.55,305.3,305.85,305.2,2327.915,2298.685
2024-06-28,305.95,305.75,306.175,305.55,2325.185,2328.185
2024-07-01,305.05,306.0,306.125,305.05,2331.855,2326.39
2024-07-02,302.625,304.85,304.9,302.05,2329.575,2331.93
2024-07-03,304.3,303.25,304.75,302.75,2356.25,2329.72
2024-07-04,304.45,304.05,304.75,304.05,2357.345,2356.93
2024-07-05,304.6,304.75,305.0,304.4,2388.865,2356.745
2024-07-08,304.375,304.7,304.7,304.2,2359.045,2387.285
2024-07-09,304.0,304.2,304.325,303.95,2364.025,2359.3
2024-07-10,303.7,303.6,303.9,303.6,2371.355,2363.905
2024-07-11,302.875,303.5,303.55,302.875,2415.345,2371.19
2024-07-12,301.8,302.775,302.8,301.8,2412.76,2415.415
2024-07-15,302.45,301.55,302.525,300.7,2422.3,2412.66
2024-07-16,303.5,302.25,303.7,302.0,2468.76,2422.44
2024-07-17,303.75,303.5,304.3,303.25,2458.925,2468.52
2024-07-18,303.85,303.8,304.1,303.625,2445.36,2459.035
2024-07-19,303.625,303.85,303.95,303.375,2398.595,2445.715
2024-07-22,303.875,303.55,303.9,303.05,2396.57,2402.11
2024-07-23,303.65,303.95,304.025,303.65,2409.56,2396.705
2024-07-24,303.55,303.4,303.75,303.4,2397.52,2409.075
2024-07-25,303.35,303.5,303.625,303.2,2364.45,2397.335
2024-07-26,303.05,303.125,303.3,302.875,2386.385,2364.47
2024-07-29,302.65,303.2,303.2,302.625,2384.125,2388.1
2024-07-30,302.55,302.65,302.65,302.125,2410.725,2383.635
2024-07-31,302.375,302.4,302.55,302.275,2447.64,2410.945
2024-08-01,302.325,302.325,302.575,302.225,2446.325,2448.675
2024-08-02,301.95,302.275,302.3,301.825,2437.455,2446.315
2024-08-05,302.4,301.925,302.425,301.8,2410.415,2444.65
2024-08-06,302.15,302.275,302.7,301.85,2390.72,2410.395
2024-08-07,301.625,302.075,302.175,301.55,2382.845,2391.82
2024-08-08,300.95,301.55,301.55,300.625,2427.5,2381.62
2024-08-09,300.0,300.85,300.85,299.85,2429.08,2427.27
2024-08-12,299.45,299.95,299.95,299.3,2472.8,2430.17
2024-08-13,299.125,299.5,299.55,298.9,2465.115,2471.27
2024-08-14,299.15,299.075,299.35,298.9,2448.005,2466.355
2024-08-15,299.0,299.05,299.05,298.75,2456.785,2447.96
2024-08-16,298.8,298.9,298.975,298.45,2508.135,2456.39
2024-08-19,298.8,298.8,298.8,298.8,2504.23,2509.14
2024-08-20,299.6,298.675,299.85,298.65,2513.975,2503.765
2024-08-21,300.375,299.75,300.375,299.375,2512.42,2513.825
2024-08-22,301.15,300.3,301.55,300.3,2484.8,2511.825
2024-08-23,299.85,301.25,301.25,299.7,2510.94,2484.885
2024-08-26,300.85,299.95,301.25,299.95,2518.05,2512.18
2024-08-27,300.4,301.1,301.1,300.25,2524.59,2517.9
2024-08-28,300.6,300.4,300.9,300.35,2504.735,2524.75
2024-08-29,300.075,300.45,300.5,300.075,2521.175,2504.63
2024-08-30,299.2,299.675,299.8,299.2,2502.54,2521.36
2024-09-02,298.95,299.2,299.2,298.575,2499.54,2502.97
2024-09-03,299.05,299.05,299.35,298.975,2492.96,2499.67
2024-09-04,298.9,298.8,299.05,298.8,2495.65,2493.04
2024-09-05,298.8,298.85,298.875,298.675,2516.76,2495.54
2024-09-06,299.025,298.7,299.025,298.45,2495.95,2516.835
2024-09-09,301.0,299.15,301.0,299.1,2506.22,2496.73
2024-09-10,300.6,301.125,301.15,299.75,2516.65,2506.63
2024-09-11,300.9,300.5,301.1,300.4,2511.52,2516.725
2024-09-12,301.5,300.85,302.0,300.55,2558.795,2512.22
2024-09-13,302.0,300.85,302.25,300.55,2582.845,2558.725
2024-09-16,302.0,302.0,302.0,302.0,2582.51,2578.7
2024-09-17,302.0,302.0,302.0,302.0,2569.59,2582.44
2024-09-18,303.35,302.25,304.5,301.875,2559.005,2569.435
2024-09-19,304.35,303.125,304.85,303.125,2586.77,2558.685
2024-09-20,305.25,304.175,305.625,304.125,2621.17,2586.87
2024-09-23,304.25,304.0,304.75,303.75,2628.545,2621.09
2024-09-24,303.05,304.2,304.45,303.0,2657.145,2628.585
2024-09-25,300.75,302.85,302.6,300.375,2657.17,2657.15
2024-09-26,299.85,299.375,300.75,299.375,2672.45,2657.155
2024-09-27,298.8,299.175,300.0,298.125,2652.05,2672.34
2024-09-30,296.2,298.25,298.5,296.075,2634.735,2658.825
2024-10-01,294.85,295.875,295.9,294.85,2663.435,2634.53
2024-10-02,295.5,294.675,296.0,294.1,2658.81,2663.675
2024-10-03,294.0,295.125,296.5,293.9,2656.21,2659.33
2024-10-04,294.0,293.75,294.35,293.125,2651.64,2656.195
2024-10-07,293.3,294.0,294.025,293.125,2642.66,2650.61
2024-10-08,293.125,293.3,293.65,292.9,2621.955,2642.655
2024-10-09,292.95,292.9,293.25,292.625,2607.825,2621.76
2024-10-10,292.85,293.1,293.2,292.8,2630.155,2607.715
2024-10-11,292.9,292.7,293.075,292.675,2656.195,2629.995
2024-10-14,293.175,292.85,293.75,292.6,2648.62,2653.36
2024-10-15,293.2,293.55,293.675,293.1,2662.855,2648.695
2024-10-16,292.85,293.0,293.025,292.75,2673.84,2662.85
2024-10-17,292.85,292.85,292.85,292.85,2693.1,2674.09
2024-10-18,293.0,292.9,293.0,292.625,2719.83,2692.92
2024-10-21,293.1,293.0,293.25,292.9,2719.745,2720.52
2024-10-22,293.2,293.15,293.25,293.075,2749.015,2719.755
2024-10-23,293.4,293.0,293.55,293.0,2715.52,2748.645
2024-10-24,293.65,293.65,293.775,293.4,2735.985,2715.62
2024-10-25,293.5,293.5,294.7,293.5,2742.535,2736.035
2024-10-28,293.625,293.425,293.7,293.4,2742.225,2734.665
2024-10-29,293.65,293.575,293.8,293.475,2774.68,2742.135
2024-10-30,292.95,293.45,293.55,292.95,2787.59,2774.71
2024-10-31,292.95,292.95,292.95,292.95,2746.205,2787.45
2024-11-01,292.95,292.85,293.05,292.7,2736.515,2746.355
2024-11-04,293.175,293.075,293.3,292.9,2736.685,2735.4
2024-11-05,293.05,293.0,293.2,292.95,2743.995,2736.725
2024-11-06,292.8,292.8,293.05,292.65,2659.055,2743.99
2024-11-07,292.6,292.7,292.725,292.5,2706.51,2659.35
2024-11-08,292.575,292.375,292.8,292.375,2685.17,2706.28
2024-11-11,292.6,292.6,292.675,292.45,2619.54,2684.775
2024-11-12,292.425,292.6,292.7,292.425,2598.275,2619.545
2024-11-13,292.25,292.25,292.32,292.225,2572.935,2598.425
2024-11-14,292.15,292.155,292.3,292.125,2565.05,2572.96
2024-11-15,292.15,292.15,292.15,292.15,2562.33,2565.26
2024-11-18,291.35,291.55,291.7,291.2,2611.87,2565.915
2024-11-19,290.95,290.85,291.075,290.8,2632.265,2611.875
2024-11-20,290.95,291.05,291.2,290.7,2650.265,2632.185
2024-11-21,290.95,290.95,291.1,290.875,2669.665,2650.285
2024-11-22,291.05,290.85,291.15,290.8,2705.95,2669.67
2024-11-25,291.0,291.0,291.1,290.95,2625.23,2714.3
2024-11-26,291.15,291.15,291.25,291.015,2633.225,2625.04
2024-11-27,291.025,291.2,291.2,290.9,2635.945,2631.83
2024-11-28,290.7,290.95,291.075,290.65,2637.585,2637.015
2024-11-29,290.65,290.55,290.7,290.4,2650.455,2638.655
2024-12-02,290.65,290.6,290.675,290.45,2639.06,2652.75
2024-12-03,290.5,290.55,290.6,290.4,2643.665,2639.035
2024-12-04,290.4,290.45,290.525,290.3,2650.095,2643.395
2024-12-05,290.3,290.35,290.5,290.25,2631.985,2649.91
2024-12-06,290.325,290.25,290.45,290.25,2631.985,2631.755
2024-12-09,290.35,290.3,290.4,290.2,2660.395,2645.48
2024-12-10,290.25,290.3,290.4,290.225,2693.945,2660.4
2024-12-11,290.2,290.2,290.3,290.2,2718.13,2694.195
2024-12-12,290.175,290.2,290.275,290.15,2680.865,2718.385
2024-12-13,290.2,290.2,290.45,290.1,2647.72,2681.115
2024-12-16,290.75,290.3,291.05,290.25,2652.725,2650.0
2024-12-17,291.15,290.675,291.25,290.675,2646.63,2652.805
2024-12-18,291.45,291.25,291.75,291.025,2585.34,2646.345
2024-12-19,292.9,291.65,293.1,291.65,2594.285,2585.48
2024-12-20,293.6,292.875,294.0,292.875,2623.09,2594.375
2024-12-23,296.125,294.125,296.5,294.125,2612.945,2620.87
2024-12-24,294.75,296.25,297.25,294.1,2616.18,2612.62
2024-12-26,294.05,294.75,294.75,293.825,2633.795,2615.97
2024-12-27,292.25,293.425,293.425,292.1,2615.555,2632.59
2024-12-30,292.5,292.45,293.0,292.05,2605.965,2620.05
2024-12-31,293.125,292.425,293.65,292.4,2624.585,2605.53
2025-01-02,293.2,293.15,293.375,292.675,2658.01,2624.835
2025-01-03,293.75,293.25,294.15,293.2,2638.26,2658.38
2025-01-06,295.6,294.15,295.625,294.075,2636.085,2640.63
2025-01-07,295.5,295.625,296.575,295.35,2648.735,2634.475
2025-01-08,296.0,295.875,296.6,295.475,2662.1,2648.545
2025-01-09,294.625,295.9,296.25,294.625,2670.36,2661.585
2025-01-10,294.55,294.35,295.475,294.15,2690.62,2670.63
2025-01-13,294.55,294.55,294.55,294.55,2663.045,2690.6
2025-01-14,294.55,294.55,294.55,294.55,2677.36,2663.68
2025-01-15,295.625,294.625,295.625,294.625,2696.525,2677.395
2025-01-16,296.3,295.5,296.7,295.5,2714.685,2698.81
2025-01-17,296.45,296.35,297.15,296.15,2700.865,2714.79
2025-01-20,296.85,296.85,297.075,296.625,2706.425,2703.33
2025-01-21,297.6,297.4,297.75,297.2,2744.81,2707.56
2025-01-22,298.625,297.95,299.0,297.95,2756.305,2744.865
2025-01-23,298.6,298.95,299.075,298.45,2754.885,2756.245
2025-01-24,298.25,298.6,298.675,297.95,2771.105,2754.605
2025-01-27,298.5,298.25,298.65,298.25,2740.93,2770.8
2025-01-28,296.95,298.35,298.55,296.875,2763.89,2740.295
2025-01-29,296.5,296.975,296.975,296.3,2759.62,2763.055
2025-01-30,297.55,296.55,298.6,296.375,2794.195,2759.605
2025-01-31,298.0,297.5,298.0,297.1,2801.28,2793.73
2025-02-03,299.55,298.4,299.825,298.4,2815.0,2801.65
2025-02-04,299.55,299.55,299.55,299.55,2842.58,2814.715
2025-02-05,298.55,299.45,300.0,298.35,2866.67,2841.955
2025-02-06,298.25,298.55,298.8,298.125,2856.035,2866.63
2025-02-07,297.25,298.35,298.525,296.65,2860.655,2856.585
2025-02-10,296.8,297.25,297.975,296.7,2908.045,2858.98
2025-02-11,296.95,296.375,297.35,296.3,2897.58,2908.04
2025-02-12,296.95,296.95,296.95,296.95,2903.91,2897.61
2025-02-13,295.85,296.8,297.05,295.85,2928.14,2904.395
2025-02-14,295.55,295.4,295.7,295.0,2885.16,2927.945
2025-02-17,295.65,295.6,295.675,295.1,2899.265,2884.98
2025-02-18,296.125,295.375,296.45,295.2,2935.29,2898.87
2025-02-19,296.9,295.95,297.25,295.95,2932.94,2935.52
2025-02-20,296.15,296.35,296.65,296.0,2939.675,2933.46
2025-02-21,295.65,296.0,296.075,295.25,2934.92,2938.78
2025-02-24,295.625,295.4,296.05,295.35,2952.76,2934.13
2025-02-25,295.6,295.75,295.95,295.375,2914.995,2952.545
2025-02-26,295.6,295.6,295.6,295.6,2916.38,2914.99
2025-02-27,295.3,295.6,295.625,295.275,2877.07,2916.85
2025-02-28,295.25,295.3,295.525,295.2,2854.945,2877.065
2025-03-03,295.25,295.2,295.45,295.1,2892.82,2855.6
2025-03-04,295.2,295.2,295.35,295.075,2917.99,2892.57
2025-03-05,295.275,295.1,295.375,295.075,2919.17,2917.855
2025-03-06,295.55,295.55,295.75,295.275,2911.14,2919.51
2025-03-07,295.45,295.4,295.6,295.175,2909.36,2911.37
2025-03-10,295.45,295.45,295.525,295.225,2884.98,2911.96
2025-03-11,295.425,295.45,295.605,295.275,2917.51,2884.86
2025-03-12,295.35,295.35,295.525,295.25,2938.16,2917.65
2025-03-13,295.35,295.35,295.35,295.35,2987.325,2938.25
2025-03-14,296.4,295.3,296.4,295.3,2985.045,2987.355
2025-03-17,296.375,296.25,296.55,295.85,3000.285,2989.135
2025-03-18,296.075,296.375,296.375,295.8,3034.55,3000.295
2025-03-19,296.4,295.85,296.45,295.8,3050.21,3034.65
2025-03-20,296.45,296.1,296.75,296.1,3045.81,3050.17
2025-03-21,296.35,296.25,296.65,296.2,3023.84,3045.75
2025-03-24,296.725,296.6,296.8,296.45,3011.56,3025.68
2025-03-25,296.5,296.625,296.875,296.375,3021.42,3011.59
2025-03-26,296.31,296.4,296.475,296.25,3019.32,3021.38
2025-03-27,296.25,296.25,296.4,296.2,3055.22,3019.5
2025-03-28,296.2,296.3,296.375,296.15,3085.25,3055.31
2025-03-31,296.2,296.2,296.2,296.2,3123.275,3088.82
2025-04-01,296.075,296.15,296.225,296.05,3114.36,3123.28
2025-04-02,296.05,296.05,296.1,295.95,3135.565,3114.345
2025-04-03,296.85,297.0,297.425,296.5,3114.735,3138.74
2025-04-04,296.7,296.675,296.975,296.375,3036.385,3115.1
2025-04-07,298.0,296.85,298.25,296.8,2983.235,3015.76
2025-04-08,299.75,297.625,300.075,297.5,2982.835,2981.645
2025-04-09,301.0,299.375,302.0,299.375,3082.94,2983.205
2025-04-10,297.5,301.0,301.0,296.5,3175.605,3083.905
2025-04-11,298.1,297.25,298.425,297.025,3230.98,3175.75
2025-04-14,298.1,298.1,298.1,298.1,3210.705,3228.38
2025-04-15,298.1,298.1,298.1,298.1,3230.065,3211.655
2025-04-16,298.5,298.25,298.875,298.15,3343.055,3230.845
2025-04-17,299.025,298.7,299.2,298.5,3327.365,3343.315
2025-04-21,299.225,298.975,299.375,298.9,3424.405,3332.605
2025-04-22,299.85,299.225,300.05,299.225,3381.16,3423.945
2025-04-23,299.7,299.7,299.8,299.55,3288.33,3353.18
2025-04-24,299.95,299.7,300.2,299.7,3349.595,3289.73
2025-04-25,299.6,299.8,299.85,299.45,3304.985,3351.305
2025-04-28,299.6,299.55,299.775,299.475,3343.885,3325.35
2025-04-29,299.5,299.45,299.65,299.45,3317.245,3344.785
2025-04-30,299.475,299.6,299.625,299.35,3288.4,3315.29
2025-05-01,299.475,299.475,299.475,299.475,3238.95,3287.955
2025-05-02,299.5,299.35,299.525,299.25,3233.67,3240.495
2025-05-05,299.5,299.45,299.6,299.375,3333.915,3241.03
2025-05-06,299.5,299.45,299.575,299.35,3431.765,3335.865
2025-05-07,299.35,299.45,299.5,299.35,3364.485,3437.845
2025-05-08,299.1,299.25,299.375,299.1,3305.51,3364.48
2025-05-09,298.85,298.95,299.05,298.475,3328.945,3306.79
2025-05-12,298.85,298.85,298.85,298.85,3235.915,3271.86
2025-05-13,298.85,298.85,298.85,298.85,3250.225,3238.655
2025-05-14,298.65,298.9,298.9,298.525,3177.53,3250.22
2025-05-15,298.5,298.475,298.55,298.35,3239.83,3177.33
2025-05-16,299.15,298.55,299.3,298.4,3192.46,3240.23
2025-05-19,300.0,299.05,300.0,299.0,3229.755,3210.48
2025-05-20,300.35,299.8,301.35,299.8,3289.985,3230.68
2025-05-21,299.55,299.75,299.975,299.475,3315.43,3290.6
2025-05-22,299.325,299.5,299.545,299.25,3294.745,3315.425
2025-05-23,299.4,299.3,299.625,299.1,3360.91,3294.75
2025-05-26,299.7,299.2,299.95,299.2,3342.25,3355.43
2025-05-27,299.6,299.65,299.875,299.45,3300.705,3343.13
2025-05-28,299.45,299.6,299.8,299.4,3287.525,3301.715
2025-05-29,299.3,299.45,299.525,299.3,3317.72,3287.52
2025-05-30,299.45,299.2,299.55,299.15,3294.895,3317.725
2025-06-02,299.5,299.45,299.625,299.35,3381.62,3299.42
2025-06-03,299.35,299.5,299.59,299.35,3353.45,3382.59
2025-06-04,299.3,299.4,299.425,299.25,3372.695,3353.445
2025-06-05,299.15,299.25,299.325,299.15,3352.82,3372.7
2025-06-06,299.05,299.15,299.15,299.0,3312.435,3352.825
2025-06-09,299.05,299.2,299.3,299.0,3325.665,3311.845
2025-06-10,299.05,299.05,299.05,299.05,3323.225,3326.225
2025-06-11,298.925,299.1,299.1,298.85,3355.075,3322.245
2025-06-12,299.05,298.9,299.15,298.85,3385.88,3356.525
2025-06-13,299.85,299.3,299.85,299.075,3432.53,3385.355
2025-06-16,300.85,300.05,301.2,299.9,3385.24,3452.005
2025-06-17,300.75,301.375,301.375,300.1,3388.63,3386.13
2025-06-18,300.5,301.05,301.1,300.275,3369.41,3391.62
2025-06-19,300.65,300.45,300.7,300.375,3370.625,3369.415
2025-06-20,300.5,300.65,300.8,300.25,3365.465,3370.255
2025-06-23,301.175,300.55,301.3,300.4,3368.755,3396.525
2025-06-24,300.45,300.55,300.65,300.1,3324.035,3368.4
2025-06-25,300.15,300.15,300.325,300.025,3332.295,3324.635
2025-06-26,299.95,299.85,300.25,299.75,3327.905,3335.045
2025-06-27,299.85,299.825,300.025,299.8,3271.135,3327.8
2025-06-30,300.0,299.8,300.0,299.725,3303.05,3277.21
2025-07-01,299.95,299.95,300.05,299.8,3338.525,3303.045
2025-07-02,299.925,300.05,300.05,299.84,3357.675,3339.34
2025-07-03,299.925,299.925,300.05,299.85,3326.105,3358.51
2025-07-04,300.025,299.925,300.65,299.925,3337.345,3325.725
2025-07-07,301.25,300.0,301.55,300.0,3336.965,3336.21
2025-07-08,300.6,301.05,301.3,300.3,3301.605,3339.36
2025-07-09,300.4,300.6,300.95,300.4,3313.685,3302.635
2025-07-10,300.4,300.4,300.4,300.4,3324.045,3314.645
2025-07-11,300.65,300.35,300.9,300.35,3356.445,3324.495
2025-07-14,300.9,300.75,301.1,300.675,3343.505,3363.19
2025-07-15,300.925,300.85,301.075,300.775,3323.985,3344.385
2025-07-16,301.45,301.25,301.6,301.05,3347.575,3324.585
2025-07-17,301.45,301.35,301.575,301.275,3339.205,3348.825
2025-07-18,301.65,301.35,301.8,301.35,3348.295,3341.755
2025-07-21,301.75,301.7,302.0,301.575,3397.135,3349.57
2025-07-22,301.75,301.775,301.785,301.625,3431.745,3397.715
2025-07-23,301.7,301.7,301.825,301.65,3387.265,3432.055
2025-07-24,301.775,301.8,301.85,301.7,3368.625,3389.855
2025-07-25,301.85,301.75,301.925,301.7,3337.535,3368.425
2025-07-28,301.95,301.775,302.0,301.725,3314.625,3316.95
2025-07-29,302.1,301.85,302.225,301.8,3326.615,3314.955
2025-07-30,302.175,302.1,302.3,302.0,3275.52,3326.915
2025-07-31,302.25,302.075,302.26,302.05,3289.985,3276.765
2025-08-01,301.225,301.925,301.95,301.05,3357.095,3290.435
2025-08-04,300.9,301.2,301.2,300.8,3373.705,3366.445
2025-08-05,300.75,300.9,300.925,300.725,3380.895,3374.525
2025-08-06,300.75,300.75,300.85,300.5,3369.365,3381.45
2025-08-07,300.7,300.8,300.85,300.625,3397.78,3370.575
2025-08-08,300.7,300.7,300.7,300.7,3398.505,3404.015
2025-08-11,300.8,300.55,300.8,300.45,3342.625,3399.265
2025-08-12,301.025,300.65,301.325,300.65,3348.205,3343.3
2025-08-13,300.85,300.975,301.05,300.75,3355.995,3349.155
2025-08-14,301.075,300.825,301.2,300.825,3335.535,3357.255
2025-08-15,301.03,301.15,301.25,300.925,3339.135,3336.915
2025-08-18,301.1,300.9,301.325,300.85,3332.915,3337.09
2025-08-19,301.375,301.2,301.75,301.175,3315.9,3333.61
2025-08-20,301.75,301.5,301.925,301.45,3348.515,3316.525
2025-08-21,301.9,301.6,301.925,301.55,3339.075,3350.565
2025-08-22,301.9,301.875,301.975,301.725,3373.235,3339.185
2025-08-25,302.15,301.975,302.225,301.9,3365.775,3371.3
2025-08-26,302.25,302.225,302.275,302.15,3393.685,3365.58
2025-08-27,302.375,302.25,302.375,302.15,3397.475,3393.35
2025-08-28,302.35,302.425,302.475,302.25,3416.615,3398.985
2025-08-29,302.05,302.35,302.35,301.925,3452.355,3417.665
2025-09-01,301.95,301.45,302.0,301.725,3476.665,3448.08
2025-09-02,302.15,301.85,302.2,301.85,3533.125,3477.51
2025-09-03,302.05,302.075,302.25,301.95,3559.605,3532.43
2025-09-04,301.95,301.925,302.1,301.85,3545.955,3561.375
2025-09-05,301.95,301.95,301.95,301.95,3594.685,3546.145
2025-09-08,301.95,301.95,302.15,301.85,3636.02,3584.655
2025-09-09,301.875,301.925,301.95,301.7,3626.01,3635.63
2025-09-10,301.95,301.9,302.05,301.8,3640.705,3622.95
2025-09-11,301.85,301.9,301.95,301.7,3634.035,3642.95
2025-09-12,301.8,301.725,301.89,301.65,3644.185,3634.215
2025-09-15,302.05,301.9,302.175,301.85,3679.245,3645.14
2025-09-16,302.05,302.05,302.125,301.85,3689.805,3680.33
2025-09-17,301.95,302.0,302.0,301.8,3659.65,3689.505
2025-09-18,302.025,301.975,302.135,301.75,3644.475,3659.69
2025-09-19,302.4,302.0,302.6,301.85,3684.445,3643.755
2025-09-22,302.45,302.025,302.55,302.025,3746.5,3687.4
2025-09-23,302.4,302.3,302.55,302.25,3764.68,3745.805
2025-09-24,302.45,302.5,302.6,302.375,3736.135,3765.895
2025-09-25,302.5,302.375,302.55,302.375,3749.375,3736.805
2025-09-26,302.55,302.475,302.625,302.4,3766.715,3751.29
2025-09-29,302.55,302.55,302.65,302.45,3833.46,3757.415
2025-09-30,302.55,302.525,302.6,302.45,3858.72,3833.345
2025-10-01,302.45,302.475,302.515,302.4,3865.745,3858.98
2025-10-02,302.45,302.45,302.55,302.35,3856.605,3868.085
2025-10-03,302.4,302.425,302.525,302.3,3885.925,3856.285
2025-10-06,302.4,302.4,302.4,302.4,3960.055,3888.295
2025-10-07,302.475,302.325,302.525,302.325,3984.845,3958.905
2025-10-08,302.6,302.5,302.675,302.4,4041.01,3984.985
2025-10-09,302.7,302.65,302.9,302.55,3977.06,4044.36
2025-10-10,302.6,302.7,302.725,302.5,4010.675,3975.085
2025-10-13,302.575,302.6,302.66,302.45,4110.23,3994.32
2025-10-14,302.85,302.55,302.85,302.55,4141.98,4109.425
2025-10-15,303.0,302.825,303.035,302.725,4208.05,4144.04
2025-10-16,302.975,302.925,303.035,302.75,4328.08,4210.195
2025-10-17,302.8,302.95,303.125,302.65,4225.385,4332.045
2025-10-20,302.8,302.8,302.8,302.8,4356.07,4252.07
2025-10-21,303.15,302.9,303.25,302.9,4124.82,4354.315
2025-10-22,303.35,303.175,303.525,303.05,4098.34,4126.255
2025-10-23,303.55,303.4,303.65,303.175,4126.67,4095.585
2025-10-24,303.675,303.45,303.75,303.15,4103.945,4130.115
2025-10-27,304.075,303.55,304.1,303.55,3989.755,4083.415
2025-10-28,304.3,303.95,304.3,303.9,3934.685,3990.035
2025-10-29,304.375,304.05,304.525,303.95,3941.685,3934.115
2025-10-30,304.225,304.4,304.65,304.1,4037.845,3941.455
2025-10-31,304.45,304.1,304.5,304.15,4002.775,4038.055
2025-11-03,304.425,304.375,304.525,304.2,4001.32,3985.07
2025-11-04,304.7,304.425,304.8,304.35,3932.075,4001.405
2025-11-05,304.7,304.7,304.7,304.7,3979.68,3934.16
2025-11-06,304.95,304.75,305.225,304.6,3977.185,3976.91
2025-11-07,304.8,304.9,304.94,304.725,4004.175,3977.8
2025-11-10,304.1,304.8,304.85,303.8,4116.025,3999.93
2025-11-11,304.275,304.05,304.4,303.95,4126.885,4116.335
2025-11-12,304.5,304.175,304.65,304.175,4195.55,4128.115
2025-11-13,305.7,304.6,305.7,304.525,4171.125,4197.015
2025-11-14,306.725,305.525,307.05,305.375,4087.065,4171.84
2025-11-17,307.0,306.725,308.0,306.25,4045.24,4083.23
2025-11-18,307.875,306.875,308.0,306.875,4067.335,4048.325
2025-11-19,308.25,307.85,308.725,307.85,4077.865,4068.455
2025-11-20,308.15,308.125,308.425,307.9,4077.19,4079.905
2025-11-21,307.8,308.0,308.0,307.75,4068.485,4074.985
2025-11-24,307.7,307.85,307.975,307.55,4135.52,4069.38
2025-11-25,307.9,307.75,308.0,307.7,4130.665,4134.105
2025-11-26,307.95,308.0,308.125,307.85,4163.42,4134.605
2025-11-27,308.0,308.0,308.175,307.85,4157.3,4164.715
2025-11-28,308.175,308.0,308.175,307.95,4252.05,4159.735
2025-12-01,308.5,308.3,308.55,308.0,4231.515,4230.11
2025-12-02,308.8,308.25,308.91,308.25,4206.26,4232.53
2025-12-03,308.675,308.65,308.975,308.65,4202.84,4207.685
2025-12-04,308.675,308.675,308.675,308.675,4207.915,4205.195
2025-12-05,308.45,308.7,308.775,308.35,4202.205,4208.62
2025-12-08,308.575,308.45,308.65,308.35,4190.42,4196.86
2025-12-09,308.65,308.6,308.725,308.45,4207.715,4190.03
2025-12-10,308.8,308.65,308.85,308.45,4228.5,4208.38
2025-12-11,309.25,308.8,309.275,308.775,4280.64,4229.07
2025-12-12,309.0,309.075,309.125,308.85,4299.9,4281.68
2025-12-15,309.2,309.05,309.375,308.95,4305.465,4296.86
2025-12-16,309.5,309.4,309.625,309.15,4302.265,4306.44
2025-12-17,309.65,309.35,309.7,309.35,4338.77,4302.925
2025-12-18,309.35,309.6,309.925,309.15,4332.46,4338.035
2025-12-19,309.55,309.3,309.575,309.05,4339.645,4332.835
2025-12-22,309.6,309.6,309.75,309.2,4443.265,4339.39
2025-12-23,309.55,309.45,309.8,309.25,4484.305,4446.27
2025-12-24,309.6,309.45,309.8,309.45,4479.325,4486.725
2025-12-26,309.6,309.45,309.8,309.45,4531.58,4494.09
2025-12-29,309.875,309.675,309.925,309.45,4332.01,4543.99
2025-12-30,310.05,309.8,310.125,309.65,4338.71,4335.035
2025-12-31,309.6,309.9,310.2,309.35,4318.59,4343.03
2026-01-02,309.75,309.55,309.9,309.35,4331.505,4333.37
2026-01-05,309.95,309.85,310.0,309.575,4449.125,4353.42
2026-01-06,310.0,309.8,310.05,309.8,4495.035,4449.41
2026-01-07,310.05,309.95,310.375,309.95,4456.41,4497.135
2026-01-08,309.1,310.1,310.15,309.1,4478.355,4460.98
2026-01-09,309.15,309.25,309.525,309.05,4508.015,4480.135
2026-01-12,309.1,309.025,309.275,308.875,4598.515,4525.39
2026-01-13,309.125,308.95,309.225,308.85,4586.07,4605.02
2026-01-14,309.45,309.0,309.575,308.95,4627.52,4589.38
2026-01-15,309.45,309.45,309.45,309.45,4616.175,4630.725
2026-01-16,309.8,309.175,309.825,309.175,4582.265,4619.43
2026-01-19,309.75,309.675,309.825,309.5,4671.02,4634.7
2026-01-20,309.7,309.55,309.93,309.55,4763.63,4674.645
2026-01-21,309.65,309.475,309.8,309.45,4832.66,4765.03
2026-01-22,309.775,309.775,309.85,309.625,4936.16,4833.965
2026-01-23,309.8,309.65,309.8,309.6,4981.83,4941.97
2026-01-26,309.55,309.725,309.8,309.3,5010.965,5008.61
2026-01-27,309.7,309.6,309.8,309.425,5178.535,5014.035
2026-01-28,309.65,309.525,309.7,309.475,5415.17,5180.45
2026-01-29,309.4,309.655,309.665,309.25,5378.77,5425.04
2026-01-30,309.25,309.35,309.375,309.025,4847.87,5378.725
2026-02-02,309.6,309.3,309.65,309.2,4661.28,4786.18
2026-02-03,309.475,309.6,309.6,309.25,4947.22,4668.22
2026-02-04,309.475,309.475,309.475,309.475,4965.0,4946.66
2026-02-05,309.465,309.375,309.525,309.25,4779.63,4969.5
2026-02-06,309.375,309.36,309.4,309.225,4952.97,4793.99
2026-02-09,309.45,309.25,309.465,309.225,5058.52,4989.84
2026-02-10,309.43,309.35,309.475,309.275,5025.48,5059.99
2026-02-11,309.325,309.35,309.425,309.225,5084.65,5027.43
2026-02-12,309.33,309.4,309.4,309.225,4921.96,5089.14
2026-02-13,309.225,309.2,309.225,309.025,5032.915,4929.11
2026-02-16,309.2,309.2,309.3,309.125,4992.47,5035.365
2026-02-17,309.4,309.25,309.4,309.075,4877.525,4992.41
2026-02-18,309.325,309.45,309.45,309.15,4977.445,4876.635
2026-02-19,309.35,309.4,309.4,309.125,4996.325,4977.765
2026-02-20,309.4,309.2,309.425,309.175,5097.435,4998.745
2026-02-23,309.35,309.4,309.435,309.225,5227.605,5109.8
2026-02-24,309.4,309.35,309.4,309.275,5143.935,5227.075
2026-02-25,309.35,309.25,309.375,309.225,5165.025,5142.365
2026-02-26,309.15,309.325,309.35,309.14,5185.255,5160.055
2026-02-27,309.23,309.3,309.3,309.025,5263.825,5185.385
2026-03-02,309.23,309.23,309.23,309.23,5322.165,5312.56
2026-03-03,309.875,309.25,310.15,309.25,5088.505,5324.875
2026-03-04,310.55,310.1,310.55,309.85,5141.395,5104.055
2026-03-05,310.9,310.15,311.1,310.15,5081.155,5146.785
2026-03-06,311.0,311.45,311.675,310.8,5153.265,5086.57
2026-03-09,311.45,311.5,311.875,311.1,5133.97,5130.46
2026-03-10,310.85,310.75,311.2,310.55,5191.93,5153.01
2026-03-11,310.9,310.95,311.0,310.55,5181.99,5189.42
2026-03-12,310.9,310.625,311.15,310.625,5078.39,5138.89
2026-03-13,311.225,311.05,311.225,310.775,5019.83,5096.1
2026-03-16,311.4,311.125,311.55,311.125,5010.69,5024.88
2026-03-17,311.35,311.3,311.45,311.15,5003.05,5002.52
2026-03-18,311.375,311.25,311.425,311.025,4836.86,5000.16
2026-03-19,311.6,311.3,311.6,311.05,4655.29,4834.68
2026-03-20,311.95,311.425,311.95,311.3,4493.95,4636.58
2026-03-23,313.5,312.25,314.25,311.95,4416.89,4498.43
2026-03-24,314.325,312.875,314.55,312.875,4471.2,4426.76
2026-03-25,314.5,313.625,314.5,312.675,4515.91,4484.67
2026-03-26,314.5,314.05,315.1,313.275,4387.03,4517.71
2026-03-27,314.75,314.5,314.925,314.175,4494.04,4411.41
2026-03-30,315.55,314.125,315.65,314.125,4511.21,4487.05
2026-03-31,315.25,315.1,315.75,314.8,4667.33,4514.21
2026-04-01,315.25,315.25,315.25,315.25,4758.19,4672.26
2026-04-02,315.5,315.25,315.675,314.55,4676.3,4758.56
2026-04-03,315.5,315.5,315.5,315.5,4676.3,4676.4
2026-04-06,315.35,315.125,315.5,314.9,4650.685,4632.83
2026-04-07,315.45,315.35,315.515,315.075,4705.655,4649.31
2026-04-08,315.25,315.075,315.35,314.95,4719.285,4719.27
2026-04-09,315.6,315.25,315.6,315.05,4765.645,4725.42
2026-04-10,315.55,315.35,315.625,315.05,4759.595,4767.66
2026-04-13,315.55,315.55,315.55,315.55,4740.385,4671.08
2026-04-14,315.55,315.55,315.55,315.55,4841.815,4744.9
2026-04-15,315.55,315.125,315.625,315.125,4790.865,4840.06
