Date,lkr_close,lkr_rsi_14,lkr_macd,lkr_macd_signal,lkr_macd_diff,lkr_bb_high,lkr_bb_low,lkr_bb_width,lkr_sma_30,lkr_ema_10,gold_close,gold_rsi_14,gold_bb_width
2022-01-03,202.875,58.71552585111518,0.1855875162744666,0.1562789059609383,0.0293086103135283,203.16259468987155,201.9249053101284,0.6110726101117072,202.5375,202.70747002135076,1801.32,50.40149111323746,3.3426362116091317
2022-01-04,202.875,58.71552585111518,0.1879122696672084,0.1626055787021923,0.025306690965016,203.1794839157455,201.92051608425453,0.6215590380108434,202.54166666666663,202.7379300174688,1814.64,55.06364338053322,3.365101545874284
2022-01-05,202.0,41.6451323531107,0.1177916374858796,0.1536427904589298,-0.0358511529730501,203.17817634792144,201.8468236520785,0.6574175400742928,202.51666666666668,202.60376092338356,1810.29,53.301556018577074,3.364175530891089
2022-01-06,202.0,41.6451323531107,0.0615114654066246,0.1352165254484688,-0.0737050600418441,203.14824889638007,201.78925110361988,0.6712136034623857,202.49166666666667,202.49398621004104,1790.98,46.22930655042547,3.2991783093169995
2022-01-07,202.875,56.35970420370231,0.0865168979324835,0.1254765999452717,-0.0389597020127882,203.1897285953889,201.78527140461108,0.6936019214903941,202.50416666666663,202.56326144457904,1795.81,48.08480961335972,3.0859394290143447
2022-01-10,202.875,56.35970420370231,0.1051221012170344,0.1214057001996243,-0.0162835989825898,203.22855101078568,201.7839489892143,0.7133616970199044,202.51666666666668,202.6199411819283,1801.74,50.35011386978283,2.970932010713029
2022-01-11,202.875,56.35970420370231,0.1185008547736856,0.1208247311144365,-0.0023238763407509,203.2500000001302,201.84999999986985,0.6911873612739456,202.52083333333331,202.6663155124868,1821.54,57.0837418561441,3.055495743944068
2022-01-12,202.875,56.3597042037023,0.1276323471069815,0.1221862543129455,0.0054460927940359,203.28234564893737,201.85515435106265,0.7045466281816629,202.525,202.7042581465801,1826.27,58.530642799631785,2.826935733814672
2022-01-13,202.875,56.3597042037023,0.1333321505349829,0.124415433557353,0.0089167169776298,203.28750000013528,201.93749999986477,0.666296502076891,202.55416666666667,202.7353021199292,1822.7,56.96947030498392,2.578731722672164
2022-01-14,202.875,56.3597042037023,0.1362783537844336,0.1267880176027692,0.0094903361816644,203.27811714833865,202.03438285166132,0.613716229663434,202.56666666666663,202.7607017344875,1816.6,54.30416455422484,2.5858632509338118
2022-01-17,202.54,48.983023517026176,0.1103099562872103,0.1234924053396574,-0.0131824490524471,203.2313127246794,202.13518727532065,0.5408071211403973,202.58466666666664,202.7205741463989,1819.255,55.28473773526255,2.5683887463353807
2022-01-18,202.445,47.10032965006069,0.0811289046151557,0.1150197051947571,-0.0338908005796013,203.2327490381911,202.1282509618089,0.544945407368832,202.5745,202.6704697561445,1813.81,52.7831445183568,2.4044078472921053
2022-01-19,202.85,55.03493678819648,0.089649403679914,0.1099456448917885,-0.0202962412118744,203.24843982430696,202.147560175693,0.5431132268764145,202.57783333333333,202.70311161866368,1840.56,61.9034209494443,2.5694341987336364
2022-01-20,202.48,47.95772176275831,0.0657876932185956,0.1011140545571499,-0.0353263613385542,203.24894564966408,202.14505435033595,0.5446016957962645,202.56466666666665,202.6625458698157,1839.6,61.44472209521925,2.8262777629557623
2022-01-21,202.5,48.34440402473925,0.0479383452136517,0.0904789126884503,-0.0425405674747986,203.24894564966405,202.1450543503359,0.5446016957962646,202.56466666666665,202.63299207530372,1831.78,57.69441377296744,2.923940978404764
2022-01-24,201.905,39.04880552374937,-0.0140568800918003,0.0695717541324001,-0.0836286342242005,203.30466903355943,202.0048309664405,0.6414051815311078,202.54483333333332,202.500629879794,1843.17,61.39078060654253,3.195983698322428
2022-01-25,201.915,39.26018961340934,-0.0616707246462908,0.0433232583766619,-0.1049939830229528,203.32293625383525,201.8905637461648,0.7069717606498762,202.542,202.39415171983143,1848.15,62.91641125788538,3.4626099329128524
2022-01-26,202.77,53.9616537273381,-0.0300670903269235,0.0286451886359448,-0.0587122789628684,203.32478887633977,201.89071112366025,0.7078099197486343,202.551,202.4624877707712,1819.45,50.52543137521514,3.378156447123327
2022-01-27,202.0,43.70266846873468,-0.0663882646883848,0.0096384979710789,-0.0760267626594637,203.31638022314672,201.8116197768533,0.7428567989837583,202.551,202.3783990851764,1797.2,43.390791122421696,3.547140930953561
2022-01-28,202.0,43.702668468734686,-0.0940884638070258,-0.011106894384542,-0.0829815694224838,203.29658417429735,201.74391582570257,0.7666731344617672,202.551,202.30959925150796,1788.87,41.0535045918588,3.792833174085749
2022-01-31,202.4,49.48828806836573,-0.082809833899347,-0.025447482287503,-0.057362351611844,203.2568689894925,201.73613101050748,0.7509946981725804,202.5643333333333,202.32603575123375,1797.35,44.340429430949854,3.8380054513837822
2022-02-01,202.41,49.62766114079216,-0.0722318778873614,-0.0348043614074747,-0.0374275164798866,203.2140892201968,201.73241077980325,0.7317897255037507,202.56133333333332,202.3413019782822,1801.11,45.783993242904224,3.913703774572394
2022-02-02,202.76,54.37294257893342,-0.0352009222895048,-0.0348836735838807,-0.0003172487056241,203.2286890219259,201.7938109780741,0.7085423865843343,202.57,202.41742889132175,1806.9,48.019677688777136,3.930068785898786
2022-02-03,202.685,53.21605687858535,-0.0117698212109473,-0.030260903109294,0.0184910818983466,203.2265205578264,201.8644794421736,0.6724618002635461,202.5761666666667,202.46607818380872,1804.86,47.27990908035402,3.766208612734992
2022-02-04,202.43,49.36984684551248,-0.0136198722609606,-0.0269326969396273,0.0133128246786667,203.18865420060445,201.85784579939556,0.6571138875210192,202.5738333333333,202.4595185140253,1808.13,48.64561275484612,3.642686493164713
2022-02-07,202.735,53.681911601741376,0.0094163540931333,-0.0196628867330752,0.0290792408262085,203.16954070878288,201.86295929121715,0.645173618198897,202.57333333333327,202.5096060569298,1820.54,53.56216853321427,3.555061467559765
2022-02-08,201.94,43.324301178157405,-0.0360614327130974,-0.0229425959290796,-0.0131188367840177,203.14678797433717,201.7922120256628,0.6690271614610219,202.54216666666667,202.4060413193062,1826.03,55.5878469155352,3.570719919202624
2022-02-09,201.865,42.49136617677371,-0.0772641268466145,-0.0338069021125866,-0.0434572247340278,203.118082255662,201.71991774433803,0.6907279016910246,202.51266666666663,202.30767017034145,1832.99,58.08415599483032,3.619084332261999
2022-02-10,202.78,54.088390711033576,-0.0356734840526939,-0.0341802185006081,-0.0014932655520858,203.1020746507515,201.72642534924853,0.6796207784298588,202.5095,202.3935483211885,1826.68,55.062419287342834,3.633647109515726
2022-02-11,202.5,50.71787617084019,-0.0250178695098384,-0.0323477487024541,0.0073298791926157,203.05178423734023,201.7392157626597,0.6485166294114828,202.497,202.41290317188145,1861.27,65.62086086043448,4.146395478036682
2022-02-14,202.475,50.41579377644636,-0.0183786516257384,-0.029553929287111,0.0111752776613725,203.04627962484983,201.7382203751501,0.6462990799794648,202.48366666666664,202.42419350426664,1871.42,67.9970464513864,4.777577521334747
2022-02-15,202.435,49.9036389878944,-0.0161584250598423,-0.0268748284416573,0.0107164033818149,203.04563282603328,201.73786717396672,0.6461556126010888,202.469,202.4261583216727,1853.55,60.11865092443899,4.943012408146921
2022-02-16,202.205,46.95022175767329,-0.0325823680630605,-0.0280163363659379,-0.0045660316971226,202.98270060990103,201.7362993900989,0.6159341270373389,202.47583333333333,202.38594771773217,1869.61,64.13993268220928,5.323935480007688
2022-02-17,202.615,52.36252393798087,-0.0123722679309992,-0.0248875226789502,0.012515254747951,202.9973987544004,201.73510124559965,0.6237687899047957,202.49633333333333,202.4275935872354,1898.4,69.98302100986983,6.285943792906279
2022-02-18,202.5,50.79708573692462,-0.0055709385633235,-0.0210242058558248,0.0154532672925013,202.9973987544004,201.73510124559965,0.6237687899047957,202.4838333333333,202.44075838955624,1897.03,69.40349057307012,7.030884590986104
2022-02-21,202.485,50.58465748687794,-0.0013753564255978,-0.0170944359697794,0.0157190795441816,202.99128250765483,201.7992174923452,0.5889787508894856,202.47083333333333,202.4488023187278,1904.075,70.74510352747077,7.770510641638724
2022-02-22,202.75,54.22654452819593,0.0230670552940353,-0.0090621377170165,0.0321291930110518,203.0091223646927,201.86487763530727,0.5652349765039876,202.46666666666667,202.50356553350457,1898.49,68.1922990335261,8.284936199550728
2022-02-23,202.5,50.44910965358193,0.0220112005980865,-0.0028474700539958,0.0248586706520824,202.97595904842032,201.8710409515797,0.545844774366912,202.45416666666668,202.50291725468557,1909.19,70.39630314905219,8.83009929092574
2022-02-24,202.42,49.26642020257267,0.0145513577383269,0.0006322955044686,0.0139190622338582,202.96178038835973,201.92721961164028,0.5110342719705624,202.439,202.48784139019725,1904.1,67.98306839158647,8.925698043527406
2022-02-25,202.5,50.51572697674671,0.0149226904523231,0.0034903744940395,0.0114323159582836,202.9450828005529,201.99391719944705,0.4697821652672903,202.4265,202.490052046525,1890.79,61.99795930826736,8.582434679595123
2022-02-28,201.99,43.21058579327664,-0.0256401991928498,-0.0023357402433383,-0.0233044589495115,202.9681493043255,201.92985069567453,0.5128692207177915,202.40816666666663,202.39913349261133,1908.82,66.32314881061463,8.440587657464919
2022-03-01,201.735,40.08895570944001,-0.0774699252773132,-0.0173625772501332,-0.0601073480271799,203.02073720067517,201.8097627993249,0.5982624339570543,202.3845,202.27838194850017,1945.135,72.9909486871931,8.785751032532673
2022-03-02,202.655,53.21963560814578,-0.0438040989870387,-0.0226508815975143,-0.0211532173895243,203.00517224412883,201.8148277558712,0.5880858101169236,202.378,202.34685795786376,1928.67,66.55662722635256,8.688435923787795
2022-03-03,202.5,51.18425665620417,-0.0292932197113771,-0.0239793492202869,-0.0053138704910901,202.98417330274103,201.8173266972589,0.5765031036110959,202.37866666666667,202.37470196552488,1936.31,67.96766503385494,8.460156394395701
2022-03-04,201.5,40.43880487444972,-0.0973625511083753,-0.0386559895979046,-0.0587065615104707,203.0569823460472,201.6515176539528,0.6945565472898986,202.34533333333331,202.21566524452032,1967.46,72.97438734281472,8.603054708637032
2022-03-07,201.865,44.97919110555927,-0.1204668699965338,-0.0550181656776304,-0.0654487043189034,203.0214839517574,201.60001604824265,0.7026161009806848,202.344,202.1519079273348,1997.7,76.77030538425673,9.319360780982445
2022-03-08,227.495,91.86637205988984,1.907362702042633,0.3374580078664222,1.5699046941762107,214.5792397840268,192.5977602159732,10.797014353980504,203.19666666666663,206.75974284963755,2050.01,81.58791730056303,11.01460798274353
2022-03-09,227.35,91.39186924779152,3.462814786095634,0.9625293635122648,2.50028542258337,219.9169585394815,189.8085414605185,14.696872456785329,204.016,210.50342596788525,1991.97,65.38498230786274,10.997949546465083
2022-03-10,254.855,95.81141625850492,6.836142603674546,2.137252011544721,4.698890592129825,233.89543454152505,181.03756545847492,25.477785128225573,205.77783333333332,218.56734851917884,1996.87,65.99890558257717,10.676735656221744
2022-03-11,255.0,95.82358969229736,9.412725451023531,3.592346699440484,5.82037875158305,243.5262062346932,176.6567937653068,31.828709143104987,207.5445,225.19146697023723,1982.68,62.53970030363891,10.517387435931484
2022-03-14,255.0,95.82358969229736,11.324148189533162,5.138706997459019,6.185441192074142,251.21506529276104,174.220434707239,36.19567741080471,209.29783333333333,230.61120024837592,1953.71,56.0775185077555,10.160973593010498
2022-03-15,272.5,97.03127795622578,14.088662891333769,6.928698176233969,7.159964715099799,262.33595132817857,170.10604867182147,42.655386228144856,211.63416666666663,238.2273456577621,1916.26,49.02521644325035,9.450244625984096
2022-03-16,265.0,85.6060692724693,15.495748052102527,8.642108151407681,6.853639900694846,269.59764015803324,169.12385984196675,45.80298905618553,213.7088333333333,243.09510099271444,1925.71,50.7097055272508,8.90208342446817
2022-03-17,264.495,84.88133402365028,16.38129057917658,10.18994463696146,6.191345942215119,275.7162733048241,169.19322669517595,47.88526503014573,215.76916666666665,246.9859917213118,1941.27,53.43809294258637,8.670659631527318
2022-03-18,277.5,87.75607731219014,17.925846227691324,11.737124955107433,6.188721272583891,283.710378983173,168.69912101682704,50.84387395328609,218.2715,252.5339932265278,1921.13,49.61027874372781,8.463634605523367
2022-03-21,280.0,88.21979409452192,19.1311152260696,13.215923009299868,5.915192216769729,291.0154824731276,169.14551752687234,52.96840234016149,220.847,257.52781263988635,1936.24,52.367027958755145,8.260015772126891
2022-03-22,285.0,89.10826645582905,20.2562562905988,14.623989665559655,5.632266625039144,298.218467698412,170.16753230158798,54.67752468981738,223.61566666666664,262.52275579627064,1920.87,49.40608634822502,8.04647312071637
2022-03-23,282.5,85.63070165716921,20.707506340693183,15.840693000586365,4.866813340106823,303.7756540634063,172.61034593659366,55.0668189773892,226.3035,266.1549820151305,1945.21,53.85569125918817,7.848377476788776
2022-03-24,287.5,86.74488205092786,21.223927247853283,16.917339850039745,4.306587397813537,309.2226916400006,175.67130835999933,55.08477451979249,229.1275,270.03589437601585,1958.42,56.11169053199396,7.568476235258828
2022-03-25,292.5,87.7664280211553,21.78552280476956,17.890976440985707,3.894546363783849,314.47403898439853,179.41996101560142,54.68949935362532,232.1275,274.1202772167402,1958.16,56.053603449848445,7.013478206347472
2022-03-28,289.995,84.26268673894191,21.777422197740748,18.66826559233672,3.1091566054040314,318.04696427787763,184.6475357221223,53.0737569461195,235.0448333333333,277.0065904500602,1922.78,48.67017191209735,6.847841581696641
2022-03-29,293.5,85.1556425846176,21.802500956362167,19.295112665141808,2.5073882912203587,320.9565698850807,190.9144301149193,50.810512715180735,238.08033333333333,280.00539218641285,1919.48,48.03462167558317,7.021954905962133
2022-03-30,296.0,85.77561116488755,21.77311820649163,19.79071377341177,1.9824044330798567,323.0036885726735,198.2018114273264,47.88970075923879,241.2068333333333,282.91350269797414,1932.71,50.80801786445122,6.99349022100311
2022-03-31,294.0,82.79644558842506,21.342426670764095,20.10105635288224,1.2413703178818594,323.12638229404644,207.22911770595343,43.70550115463798,244.253,284.92922948016064,1937.27,51.76358785001968,6.988431349554924
2022-04-01,294.5,82.9558247373484,20.801657784701035,20.241176639246,0.5604811454550358,321.1360503494624,218.5194496505376,38.030410400310856,247.31966666666668,286.66936957467686,1922.73,48.52666135242106,7.097532927437773
2022-04-04,297.375,83.88055673237574,20.370267258187823,20.266994763034365,0.1032724951534582,316.66633598701094,232.54016401298907,30.63553398367349,250.48266666666663,288.61584783382654,1932.74,50.80733514059958,6.8086625185316985
2022-04-05,297.375,83.88055673237574,19.80014342962977,20.173624496353447,-0.3734810667236772,315.2502328513229,240.944267148677,26.719417650712455,253.63683333333333,290.20842095494896,1923.495,48.6627892097041,4.9324776427301975
2022-04-06,305.0,86.18589205145716,19.7360846644674,20.08611652997624,-0.3500318655088392,312.7976640233521,251.1618359766478,21.858246220412752,257.0535,292.89779896314,1925.355,49.12803044450549,4.383060396390878
2022-04-07,315.0,88.50729779574225,20.25870432521521,20.12063408902403,0.1380702361911758,316.36352918983783,253.61047081016213,22.01962137910702,260.8061666666666,296.9163809698418,1931.575,50.735856244037976,3.419012795433373
2022-04-08,315.0,88.50729779574225,20.43729574802086,20.1839664208234,0.2533293271974628,318.78957430801466,257.18442569198527,21.391642197748304,264.5561666666666,300.2043117025978,1944.185,53.91581671587386,2.633258583925512
2022-04-11,322.5,89.97295322277722,20.942604745968083,20.33569408585233,0.6069106601157479,321.7566884175638,260.96731158243614,20.863865855920697,268.5731666666667,304.2580732112164,1953.765,56.22749447580497,2.634160756987868
2022-04-12,322.5,89.97295322277722,21.09983994668488,20.488523258018844,0.6113166886660366,325.8244323855492,261.89956761445075,21.75336204446252,272.59866666666665,307.5747871728134,1966.615,59.18494880751325,2.8919437941395247
2022-04-13,322.285,89.59308690189586,20.965424905119107,20.5839035874389,0.3815213176802068,328.09106705272364,265.36143294727634,21.14057455498032,276.58633333333336,310.24937132321094,1978.185,61.69448173359342,3.407876100642742
2022-04-14,322.285,89.59308690189586,20.621191753976404,20.591361220746403,0.029830533230001,329.16628557468704,270.06521442531306,19.72562228433384,280.57916666666665,312.4376674462635,1973.495,60.081832588785176,3.749037302357374
2022-04-18,327.5,90.69789141383238,20.532505475970368,20.579590071791195,-0.0470845958208272,332.21424087165104,272.01725912834905,19.925138541536477,284.77916666666664,315.17627336512464,1978.735,61.299023283706894,4.004111537118134
2022-04-19,335.0,92.01138157188582,20.82732385672369,20.629136828777696,0.1981870279459983,336.3954606353813,273.3360393646188,20.684324582463763,289.217,318.78058729873834,1950.145,51.98506712657435,4.000796844266928
2022-04-20,335.0,92.01138157188582,20.82095849854784,20.667501162731728,0.1534573358161104,340.1042235861477,274.6272764138524,21.30261656423832,292.8005,321.72957142624045,1957.625,53.956234899250944,3.88931735455475
2022-04-21,335.0,92.01138157188582,20.57869551423857,20.649740033033098,-0.0710445187945225,342.75222742014864,277.22927257985145,21.137067748085123,296.38883333333337,324.14237662146945,1951.395,52.03997047161776,3.897138068660912
2022-04-22,335.0,92.01138157188582,20.154373284204382,20.550666683267355,-0.3962933990629729,345.1480265034847,279.5834734965154,20.9896741262348,299.0603333333333,326.11648996302046,1932.645,46.668030147673896,3.896449337030699
2022-04-25,335.0,92.01138157188582,19.59224762495586,20.358982871605058,-0.7667352466491977,347.35634603523016,281.62515396476994,20.90083478463523,301.727,327.7316736061077,1898.145,38.74316712494311,4.364653053121223
2022-04-26,342.5,93.36788496776188,19.526852904747443,20.19255687823354,-0.6657039734860959,350.1231949126391,284.10880508736096,20.81711103358965,304.64366666666666,330.4168238595426,1905.315,40.98607551359985,4.591622266565543
2022-04-27,354.99,94.91610214622696,20.24944276321952,20.203934055230736,0.0455087079887839,355.2191967927865,285.1618032072136,21.879910111503264,307.3933333333333,334.88467406689847,1885.955,37.042188091269146,5.140985759562282
2022-04-28,350.0,86.25293843325731,20.186748860162425,20.200497016217074,-0.0137481560546497,358.3663340141706,287.41466598582946,21.97391004948772,310.22666666666663,337.6329151456442,1894.545,39.80968585080692,5.520152706598721
2022-04-29,355.0,87.48548876048365,20.30644168414716,20.22168594980309,0.0847557343440676,361.4453813404721,290.435618659528,21.786112091300147,313.2435,340.7905669373452,1896.395,40.41715210564585,5.823597849418531
2022-05-02,354.29,86.30220285213252,20.112167495711788,20.199782258984836,-0.087614763273045,363.3957218116932,294.4642781883068,20.95626535232006,315.8031666666667,343.2450093123733,1862.885,33.76899765734723,6.670562757984194
2022-05-03,354.29,86.30220285213252,19.73075988373864,20.1059777839356,-0.3752179001969544,364.7147105596631,298.83678944033693,19.85615920371702,318.2795,345.2531894373964,1868.295,35.610441007277146,7.277878401909972
2022-05-04,352.5,83.01901817658668,19.06429226884535,19.897640680917547,-0.8333484120721977,364.5953340466599,304.4686659533402,17.97336819596323,320.5295,346.5707913578698,1881.335,39.944686284996536,7.596767510094714
2022-05-05,370.0,87.87538184996079,19.720885536164303,19.862289651966897,-0.1414041158025938,368.4205713439952,307.1434286560049,18.141032585510843,323.44616666666667,350.8306474746207,1877.165,39.03968848264748,7.932728552027577
2022-05-06,360.0,74.72441808682994,19.21285022667155,19.732401766907827,-0.5195515402362787,370.2544428860589,309.80955711394114,17.776234522667806,325.86283333333336,352.4978024792351,1880.915,40.34853735455036,8.17341331836898
2022-05-09,365.0,76.60931652936513,18.994727403260757,19.58486689417841,-0.5901394909176574,372.3272354244955,312.7367645755046,17.39705220212736,328.2795,354.7709293011923,1853.865,34.58088455971655,8.67288684186554
2022-05-10,364.985,76.5908634140358,18.606172742146786,19.389128063772088,-0.7829553216253053,374.4937689778092,314.81873102219083,17.31436408178245,330.77916666666664,356.6280330646119,1838.325,31.7711061179145,9.219245540403085
2022-05-11,365.0,76.59693420871938,18.090909999198345,19.12948445085734,-1.0385744516589952,376.0525463285048,317.5099536714952,16.881706452413315,333.1625,358.15020887104606,1852.525,36.82259901860677,9.224441746424828
2022-05-12,370.0,78.59007813485152,17.87991030031617,18.87956962074911,-0.99965932043294,377.8349332007237,320.4990667992764,16.42075751759107,335.62916666666666,360.3047163490377,1821.805,31.4054159063212,9.33674884689229
2022-05-13,360.0,66.40848337218654,16.713116686658395,18.446279033930967,-1.7331623472725717,377.25520360173664,324.85029639826325,14.927929550038671,337.82916666666665,360.24931337648536,1809.765,29.569339858748837,9.468739622952953
2022-05-16,359.28,65.61982543591522,15.551063380383424,17.86723590322146,-2.316172522838034,376.7054158211332,328.57808417886685,13.64765562848594,339.9885,360.0730745807607,1823.995,34.44731619682635,8.925885371786281
2022-05-17,360.0,66.05397436512631,14.520838557741968,17.19795643412556,-2.677117876383594,376.72577095013446,331.05772904986554,12.904522894435631,342.076,360.05978829334964,1815.065,32.907042074731066,8.82568797417735
2022-05-18,360.0,66.05397436512631,13.548202715983107,16.468005690497073,-2.9198029745139635,376.3838076392963,333.8996923607037,11.962579808933372,344.16349999999994,360.0489176945588,1816.615,33.46316359069668,8.284141306472282
2022-05-19,359.86,65.86640602735176,12.620602524109586,15.698525057219577,-3.077922533109991,375.5774354491807,337.1920645508193,10.770766958564144,345.99216666666666,360.0145690228208,1842.135,41.98899607754508,7.303354709796493
2022-05-20,359.75,65.70852438938503,11.741250778064966,14.907070201388654,-3.165819423323688,374.1460820238134,341.0984179761866,9.240941817134356,347.48383333333334,359.9664655641261,1844.705,42.784108346133856,6.495371344593496
2022-05-23,359.5,65.32527549273415,10.89855353226858,14.10536686756464,-3.206813335296061,371.7075172892599,345.98698271074005,7.167544011698529,348.9671666666666,359.8816536433759,1853.575,45.557622191966416,6.202031993454562
2022-05-24,359.5,65.32527549273415,10.11412060713161,13.307117615478036,-3.192997008346424,370.1440281995797,349.2504718004203,5.808650580219717,350.2005,359.812262071853,1866.535,49.41590219033682,5.746084833172733
2022-05-25,362.0,67.52220016631316,9.583705972256382,12.562435286833704,-2.978729314577322,370.307996817266,349.78750318273404,5.699381161118748,351.51716666666664,360.21003260424334,1853.305,45.84415925013058,5.533658610826206
2022-05-26,362.25,67.7423002591107,9.0788659480977,11.865721419086505,-2.7868554709888027,369.8553881039776,351.46511189602245,5.099058243306585,352.84933333333333,360.5809357671082,1850.815,45.18223940045876,5.136676369544658
2022-05-27,362.0,67.25148260959857,8.559930134889555,11.204563162247114,-2.6446330273575587,369.8426825500522,352.1778174499478,4.893175498508535,354.17316666666665,360.8389474458158,1853.495,46.08454733942758,4.617374460895622
2022-05-30,361.99,67.23049943260025,8.05500970989874,10.57465247177744,-2.5196427618787,369.67646940001737,353.1140305999826,4.582915464449182,355.32283333333334,361.0482297283947,1855.215,46.69102133921293,4.575785319977485
2022-05-31,360.0,63.01680061076883,7.408875363140737,9.9414970500501,-2.532621686909364,369.3322193197598,354.02928068024016,4.231062515635585,356.15616666666665,360.8576425050501,1837.635,41.5468846239428,4.488200842285769
2022-06-01,359.5,61.96592407496672,6.778327081627822,9.308863056365643,-2.5305359747378238,368.5229670905807,355.5385329094193,3.5865556119642927,356.9728333333333,360.6107984132228,1846.405,44.81335360050995,4.144388933382062
2022-06-02,359.5,61.96592407496672,6.207061880082051,8.688502821108926,-2.481440941026875,366.94868420419766,356.0628157958023,3.011257333637257,357.7895,360.40883506536414,1868.645,52.12039118960769,4.005578936430293
2022-06-03,358.5,59.65829734015633,5.608981601035339,8.072598577094208,-2.4636169760588693,366.994605026079,355.866894973921,3.078794499958297,358.57283333333334,360.06177414438883,1850.775,46.76265913813319,3.5915971702140235
2022-06-06,363.48,66.37413413534381,5.473745124847312,7.552827886644829,-2.079082761797517,366.7607979789976,355.9487020210024,2.992100133731523,359.5221666666667,360.6832697545,1841.705,44.27495423411024,3.5500085191976845
2022-06-07,359.5,58.05590764235934,4.987918881396922,7.039846085595248,-2.051927204198326,366.2744175004252,355.88658249957484,2.876875101494091,360.0888333333333,360.4681297991363,1852.415,47.805876367101234,3.575354514830936
2022-06-08,358.5,56.15177595394618,4.470671324489615,6.526011133374122,-2.055339808884507,365.7368230171533,355.7741769828468,2.76160613886872,360.2058333333333,360.1102880174752,1853.165,48.05410132538333,3.5794949460245027
2022-06-09,360.0,58.35804086279593,4.13413068788708,6.0476350442767135,-1.913504356389634,362.8699940239401,357.64100597606,1.4514665419070851,360.5391666666666,360.09023565066144,1847.945,46.40009697453012,3.4247361643444885
2022-06-10,360.0,58.35804086279593,3.823346648521749,5.60277736512572,-1.7794307166039711,362.8699940239401,357.64100597606,1.4514665419070851,360.7058333333333,360.07382916872297,1871.945,54.20472610750743,3.203482203641414
2022-06-13,360.0,58.35804086279593,3.536283977810797,5.189478687662736,-1.653194709851939,362.870866395303,357.712133604697,1.431821952670545,360.8961666666666,360.06040568350056,1819.525,40.376003754526906,3.2860205898891
2022-06-14,359.28,56.64922636448734,3.213641897022285,4.794311329534646,-1.5806694325123614,362.86999402394,357.64100597605994,1.4514665419070854,361.0625,359.9185137410459,1808.255,38.12406934751141,3.4537131805492853
2022-06-15,360.0,57.974459266802064,2.981672837748931,4.431783631177503,-1.4501107934285722,362.86999402394,357.64100597605994,1.4514665419070854,361.3125,359.93332942449206,1833.89,45.56164636503944,3.184674032047332
2022-06-16,362.0,61.49563355538426,2.9254956791986046,4.130526040781724,-1.2050303615831195,363.0767503571371,357.64824964286294,1.5064000039610532,361.04583333333335,360.309087710948,1856.725,51.18987846137573,3.1990585025377523
2022-06-17,362.0,61.49563355538426,2.848143253790852,3.87404948338355,-1.0259062295926982,363.2638671537417,357.6861328462583,1.547329026280161,361.1125,360.6165263089574,1837.115,46.72248494195135,3.239665187789769
2022-06-20,359.0,53.67240696020194,2.5157657893968235,3.602392744586205,-1.0866269551893817,363.2820098872036,357.61799011279635,1.571374607964289,360.9125,360.3226124346015,1836.8,46.65205480512795,3.269499362176403
2022-06-21,360.0,55.69566502425231,2.306458479237449,3.343205891516454,-1.0367474122790052,363.2817383207594,357.66826167924063,1.5572443696563665,360.7463333333333,360.2639556283103,1833.125,45.78492016907023,3.186190809067705
2022-06-22,360.0,55.69566502425231,2.1161868433093787,3.097802081875039,-0.9816152385656602,363.0985601702952,357.6514398297048,1.511514489237727,360.5796666666666,360.21596369589025,1837.935,47.16904926797964,3.1811720548781826
2022-06-23,359.0,53.01066577547143,1.8632254551228016,2.8508867565245914,-0.98766130140179,362.8558227198391,357.56917728016083,1.467646303134482,360.213,359.9948793875466,1822.665,43.38245104413983,3.3307819435462003
2022-06-24,359.0,53.01066577547143,1.6438029948042754,2.6094700041805283,-0.9656670093762528,362.6222177581165,357.5027822418835,1.421818577672768,360.17966666666666,359.8139922261745,1823.795,43.74236415835331,3.414052542044238
2022-06-27,359.0,53.01066577547143,1.4531580131324515,2.378207605970913,-0.9250495928384614,362.3513363183155,357.47466368168455,1.3549587363143116,360.17033333333336,359.66599363959733,1822.775,43.47371851140302,3.4611416753882573
2022-06-28,358.0,50.000102762914295,1.20746000170152,2.1440580851170346,-0.9365980834155144,362.3890209628836,357.2369790371164,1.4318665322729327,360.1036666666667,359.36308570512506,1819.945,42.69032855307912,3.592420318376307
2022-06-29,358.0,50.000102762914295,1.0012013317575563,1.915486734445139,-0.9142854026875824,362.4308022580976,357.0451977419024,1.4970908039170574,360.03700000000003,359.11525194055685,1817.915,42.10422923163992,3.713478371142272
2022-06-30,358.0,50.000102762914295,0.8281929569381532,1.6980279789437418,-0.8698350220055886,362.4596916171103,356.8663083828897,1.555173380142132,359.975,358.9124788604556,1807.215,39.0602013750063,3.6558531721126233
2022-07-01,358.0,50.000102762914295,0.6832069885533087,1.4950637808656553,-0.8118567923123465,362.4843281611956,356.79167183880446,1.5828851017943444,359.9166666666667,358.74657361310005,1806.055,38.73326301425463,3.810009165043717
2022-07-04,364.0,65.71418258414369,1.0404606373850245,1.4041431521695291,-0.3636825147845048,362.6560053477919,356.6719946522081,1.6637780527335846,360.06666666666666,359.70174204708184,1807.95,39.62234851433562,3.956071637655527
2022-07-05,360.0,53.61628311792909,0.9894147994339164,1.3211974816224066,-0.3317826821884901,362.6834608865729,356.694539113427,1.6650277804286135,360.0833333333333,359.7559707657942,1764.785,29.220445079367195,4.915237102900374
2022-07-06,364.0,61.2907807484066,1.2572345583106426,1.308404896960054,-0.0511703386494113,363.4422892348418,356.48571076515816,1.932576165862052,360.15,360.5276124447407,1739.295,25.03994077453248,6.274430724773581
2022-07-07,360.0,52.021392631944735,1.133649075284609,1.273453732624965,-0.1398046573403562,363.4422892348418,356.48571076515816,1.932576165862052,360.075,360.4316829093332,1740.225,25.45896109636104,7.2219172721801
2022-07-08,364.75,59.79697530792897,1.40282114328096,1.299327214756164,0.1034939285247957,364.2578248145603,356.1451751854397,2.252253149728859,360.1666666666667,361.2168314712726,1741.515,26.07623890612531,7.4820287631359825
2022-07-11,360.0,50.91140911613394,1.2188069954913772,1.2832231709032067,-0.0644161754118295,364.2578248145603,356.1451751854397,2.252253149728859,360.10033333333337,360.9955893855866,1734.065,24.7990041984734,8.295709901103994
2022-07-12,358.5,48.4623852996308,0.9410887088130266,1.214796278485171,-0.2737075696721442,364.2682124839932,356.05678751600686,2.2799222484257293,360.05033333333336,360.5418458609345,1726.205,23.49165863264521,9.134351338414737
2022-07-13,357.565,46.94643303320708,0.6381916043349065,1.099475343655118,-0.4612837393202116,364.3000577784092,355.78144222159085,2.366014279444286,359.98583333333335,360.0006011589464,1735.655,28.38024121318442,9.505958154220478
2022-07-14,365.5,58.74179079295271,1.0265976722870391,1.0848998093815023,-0.0583021370944631,365.0336492051741,355.3978507948258,2.675007522671717,360.18583333333333,361.0004918573197,1709.935,23.9035215825311,9.869859958398514
2022-07-15,360.0,50.38072923843684,0.8804588631635966,1.0440116201379213,-0.1635527569743247,364.8638815010451,355.36761849895487,2.637002964210881,360.23583333333335,360.8185842468979,1705.795,23.267306465388103,10.347753914723151
2022-07-18,359.99,50.3666920651574,0.7551312051533614,0.9862355371410092,-0.2311043319876479,364.8863870188989,355.4441129811011,2.6216504889902077,360.1195,360.6679325656437,1709.145,25.00668378965373,10.55574399806518
2022-07-19,360.0,50.38158028672473,0.6491322570809643,0.9188148811290004,-0.269682624048036,364.8863870188989,355.4441129811011,2.6216504889902077,360.1361666666666,360.5464902809812,1711.715,26.38532345139509,10.587405974599989
2022-07-20,359.99,50.36531035238104,0.5578894087953472,0.8466297866622697,-0.2887403778669225,364.8859590348996,355.44354096510045,2.621694119093872,360.1858333333333,360.44531022989366,1696.605,23.634341501841632,10.575810440056689
2022-07-21,359.99,50.36531035238104,0.4800451326879056,0.773312855867397,-0.2932677231794913,364.9062424074126,355.5222575925874,2.605112045074626,360.1855,360.3625265517312,1718.335,34.2511382337582,10.32443351237498
2022-07-22,360.0,50.38389293479365,0.414383148470506,0.7015269143880188,-0.2871437659175128,364.92462474364646,355.60387525635355,2.5871980046015985,360.18549999999993,360.2966126332345,1724.155,36.786013099772376,9.85202701363206
2022-07-25,360.0,50.38389293479365,0.3582162588589312,0.6328647832822013,-0.27464852442327,364.9406300915206,355.68786990847946,2.5679695385461767,360.18549999999993,360.2426830635555,1719.735,35.66153177255168,9.263976762897684
2022-07-26,359.5,49.31330043184524,0.27024258456089,0.5603403435379392,-0.2900977589770491,364.9105709077899,355.8679290922101,2.509131949851397,360.19283333333334,360.10764977927266,1717.525,35.08405568391504,8.549888206910584
2022-07-27,359.5,49.31330043184524,0.1982376535916614,0.4879198055486836,-0.2896821519570222,364.8729111064152,356.05558889358474,2.446101718223237,360.1761666666667,359.9971680012231,1734.465,42.73832713410781,7.56780398913663
2022-07-28,364.5,59.334652723011295,0.5384248141873513,0.4980208072764172,0.0404040069109341,365.3780126601536,356.2004873398464,2.5437358015260028,360.2595,360.81586472827337,1756.065,50.71769553987574,6.715432034645989
2022-07-29,359.0,48.0749163572558,0.3600708822986007,0.4704308222808539,-0.1103599399822531,365.3260130594026,356.3524869405974,2.486848678131672,360.1595,360.4857075049509,1761.035,52.36259699121287,5.76956128288484
2022-08-01,362.995,54.78652307998048,0.5349209825874937,0.4833288543421819,0.0515921282453117,365.153897020689,356.424102979311,2.419639745496121,360.29266666666666,360.9419425040508,1772.235,55.93217448620219,4.7161277465296445
2022-08-02,359.985,49.58604618185343,0.4257018761746849,0.4718034587086825,-0.0461015825339976,365.153694164254,356.422805835746,2.4199480799355464,360.2921666666667,360.7679529578597,1761.345,51.86287315588944,4.653401514154544
2022-08-03,359.0,47.980979929362974,0.2567045491996964,0.4287836768068853,-0.1720791276071889,364.7076147898953,356.3688852101047,2.3128557316153424,360.2588333333333,360.4465069655215,1765.625,53.300900760543335,4.957525047007428
2022-08-04,359.0,47.98097992936297,0.1213738280745246,0.3673017070604132,-0.2459278789858885,364.7059392667927,356.2705607332073,2.33998709627441,360.2588333333333,360.18350569906306,1791.245,60.84189726006334,5.769956826677055
2022-08-05,359.0,47.98097992936297,0.013962307784709,0.2966338272052723,-0.2826715194205633,363.9781502635699,356.42334973643017,2.097386117918888,360.2588333333333,359.9683228446879,1773.485,54.296438398500825,6.080952936747259
2022-08-08,365.0,58.260062361497,0.4082813467853157,0.318963331121281,0.0893180156640346,364.7655214599059,356.13597854009413,2.39409764574267,360.4588333333333,360.8831732365628,1789.145,58.53264527403904,6.622533756493551
2022-08-09,359.0,48.03754862969338,0.2339355072924149,0.3019577663555078,-0.0680222590630929,364.7506304370671,356.2008695629329,2.371799177651786,360.49216666666666,360.5407781026423,1794.435,59.88527682314581,7.123858156920648
2022-08-10,363.0,53.85110025061098,0.4137621514813077,0.3243186433806678,0.0894435081006398,364.9378561902564,356.5571438097437,2.3231518944726446,360.6588333333333,360.98790935670735,1792.285,59.04232241861513,7.522313911613214
2022-08-11,362.995,53.84299109235123,0.549537873834538,0.3693624894714419,0.1801753843630961,364.362481911422,356.88201808857804,2.074321210863707,360.8253333333333,361.3528349282151,1789.505,57.90728995618305,7.574607646167787
2022-08-12,360.0,49.07582473168016,0.4107349454921518,0.3776369806755839,0.0330979648165679,364.362481911422,356.88201808857804,2.074321210863707,360.892,361.1068649412669,1801.435,61.34181466853281,7.62049830989302
2022-08-15,360.0,49.07582473168016,0.2973054723407244,0.361570679008612,-0.0642652066678876,364.3626463556788,356.88285364432124,2.074132236903386,360.7586666666666,360.9056167701274,1779.545,52.82479619379993,7.327046819891661
2022-08-16,360.0,49.07582473168017,0.2050481304433447,0.3302661692955586,-0.1252180388522139,364.3626463556788,356.88285364432124,2.074132236903386,360.7586666666666,360.7409591755587,1775.475,51.39592529897221,6.95645291395994
2022-08-17,360.0,49.07582473168016,0.1304300063875985,0.2902989367139665,-0.159868930326368,364.36281050241456,356.8836894975854,2.073943098463328,360.6253333333333,360.60623932545707,1762.145,46.9195224203703,6.091700967329175
2022-08-18,360.0,49.07582473168016,0.0704821313423735,0.2463355756396479,-0.1758534442972744,364.3629743515493,356.88452564845073,2.073753795499768,360.6253333333333,360.4960139935557,1758.465,45.73524396166669,5.617417011042447
2022-08-19,360.0,49.07582473168016,0.022711207801592,0.2016107020720368,-0.1788994942704447,364.3629743515493,356.88452564845073,2.073753795499768,360.467,360.405829631091,1746.665,42.068534477733685,5.284487445520593
2022-08-22,359.0,46.912455879795246,-0.0947470509019012,0.1423391514772491,-0.2370862023791504,364.3712885121443,356.77621148785573,2.106386564271129,360.4336666666667,360.15022424362,1736.235,39.085692174889374,4.955969036409451
2022-08-23,360.0,49.3184657393209,-0.1059209339214817,0.092687134397503,-0.1986080683189847,364.3742034497486,356.82329655025137,2.0939914238463806,360.4836666666667,360.1229107447799,1747.965,43.90306676127926,4.350811943432355
2022-08-24,359.5,48.14357417765986,-0.1533543643906227,0.0434788346398778,-0.1968331990305006,364.3742034497486,356.82329655025137,2.0939914238463806,360.54816666666665,360.009654245729,1751.345,45.24677258295905,4.072881615478483
2022-08-25,359.5,48.14357417765986,-0.1887696804061533,-0.0029708683693283,-0.185798812036825,363.6956214871082,357.0018785128918,1.857573524042038,360.34816666666666,359.91698983741463,1758.675,48.14749884481757,4.051295260156325
2022-08-26,359.0,46.8492001951251,-0.2542515413254023,-0.0532270029605431,-0.2010245383648591,363.6956214871082,357.0018785128918,1.857573524042038,360.3148333333333,359.75026441243017,1736.895,41.16839661065488,4.35978216634338
2022-08-29,360.0,49.75856486836627,-0.2228854603781087,-0.0871586944440563,-0.1357267659340524,363.3191996732929,357.0788003267071,1.7324865828572074,360.3151666666666,359.7956708828973,1737.595,41.46208577308087,4.628934828866142
2022-08-30,360.0,49.75856486836626,-0.1957708902868944,-0.1088811336126239,-0.0868897566742705,363.3197507614129,357.07974923858706,1.7323725301935604,360.3151666666666,359.83282163146146,1724.375,37.64044322780243,5.095805626825968
2022-08-31,359.985,49.71122756974607,-0.173492855140978,-0.1218034779182947,-0.0516893772226832,363.3224420445516,357.1755579554484,1.7062876202579873,360.315,359.86049042574115,1711.145,34.23921489896263,5.771164512033781
2022-09-01,359.995,49.745552017276864,-0.1532637067486462,-0.128095523684365,-0.0251681830642811,363.3215051589928,357.2759948410072,1.677915984439481,360.3151666666666,359.88494671197,1697.685,31.1547797512265,6.424920150499576
2022-09-02,360.0,49.76401501138224,-0.1352692035154064,-0.1295302596505733,-0.005738943864833,363.3165014638557,357.38099853614426,1.6471551317193325,360.3151666666666,359.90586549161173,1709.765,36.668890679180606,6.811523996133915
2022-09-05,360.0,49.76401501138224,-0.1196294166117013,-0.1275500910427989,0.0079206744310975,362.1615269513975,358.0359730486025,1.145672930771071,360.3151666666666,359.9229808567732,1710.04,36.79300368692049,6.930984569782959
2022-09-06,360.0,49.76401501138224,-0.1060127241189548,-0.1232426176580301,0.0172298935390753,362.1501367070651,358.1473632929348,1.111422270417508,360.33183333333335,359.9369843373599,1701.985,34.650938230376696,6.9689289399175305
2022-09-07,360.0,49.76401501138224,-0.0941362530876404,-0.1174213447439521,0.0232850916563117,361.51336174933255,358.4841382506674,0.8414538935663379,360.3485,359.94844173056714,1718.455,42.076586573369234,6.677512292396087
2022-09-08,364.0,63.99697754140228,0.2353297712598419,-0.0468711215431933,0.2822008928030353,361.9700533572019,358.12794664279807,1.0671066200444457,360.33183333333335,360.6850886886458,1708.605,39.207205523984655,6.421824157341119
2022-09-09,360.0,49.03546857709193,0.1716882829706492,-0.0031592406404248,0.174847523611074,361.9700533572019,358.12794664279807,1.0671066200444457,360.36516666666665,360.560527108892,1715.935,42.35744366327567,5.603092833967911
2022-09-12,359.995,49.02004147674847,0.1194712960436277,0.0213668666963856,0.098104429347242,361.9698301001563,358.1276698998437,1.0671222161756166,360.2651666666667,360.4577039981843,1724.705,45.965261755095696,5.091295959770376
2022-09-13,364.5,60.94296419206368,0.4365722744223035,0.1044079482415692,0.3321643261807342,363.00327353923126,357.54422646076864,1.5152497450792957,360.4156666666667,361.19266690760526,1702.555,39.27850967951433,4.739574250709837
2022-09-14,365.375,62.76450267515088,0.7498385990844554,0.2334940784101464,0.5163445206743089,364.0568925508143,357.0281074491856,1.94950251402504,360.6281666666667,361.9530911062225,1697.475,37.91617240917339,4.623582572228546
2022-09-15,363.0,55.23458221445992,0.7972713195567849,0.3462495266394741,0.4510217929173107,364.35446054064215,357.03053945935784,2.0305165982892106,360.7615,362.1434381778184,1664.525,30.52159647431316,5.203312916435965
2022-09-16,365.375,60.35650383324204,1.0148066838064551,0.4799609580728703,0.5348457257335848,365.1338150086274,356.7886849913725,2.3119185278904206,360.9740000000001,362.7309948727605,1673.185,34.15615069763591,5.525414905484836
2022-09-19,364.0,56.33755869959355,1.063989015525692,0.5967665695634348,0.4672224459622573,365.4818235857403,356.9406764142596,2.3645850375592405,360.9406666666667,362.9617230777132,1675.705,35.21814463143967,5.79642236923328
2022-09-20,363.5,54.90583731889846,1.050510910570324,0.6875154377648127,0.3629954728055113,365.7301593857059,357.042340614294,2.404025823177255,361.0906666666667,363.059591609038,1664.955,32.78861342349602,5.998945315457221
2022-09-21,365.0,58.32734555611639,1.1476376270803712,0.7795398756279245,0.3680977514524467,366.1853298789616,357.1371701210384,2.50183279461741,361.1573333333334,363.4123931346674,1673.875,36.69127294716758,5.822929395841255
2022-09-22,360.0,45.84146491824093,0.811795167057312,0.785990933913802,0.0258042331435099,366.1676056822936,357.2048943177063,2.4780348615927026,361.0575,362.7919580192733,1671.345,36.05185362118556,5.328146120838521
2022-09-23,364.0,54.27443758615669,0.8585078246796911,0.80049431206698,0.0580135126127111,366.3476045256788,357.5248954743212,2.437641725955222,361.1908333333333,363.011602015769,1643.155,29.816763704820644,5.750307302600982
2022-09-26,363.995,54.26306359752054,0.8849236353560741,0.8173801767247988,0.0675434586312753,366.540353074088,357.73164692591206,2.432430398572892,361.324,363.1904016492656,1622.805,26.282952861813317,6.467364052138941
2022-09-27,364.0,54.27338339583924,0.8959340438877348,0.8330909501573861,0.0628430937303486,366.6972757309335,357.97472426906654,2.407310193264523,361.4573333333333,363.3376013493991,1629.195,29.123526323425267,6.942485518717925
2022-09-28,364.0,54.27338339583924,0.8943503577642673,0.8453428316787625,0.0490075260855048,366.8155188359189,358.25798116408123,2.3604607455210047,361.59066666666666,363.4580374676901,1660.025,40.94682582697352,6.932066516077795
2022-09-29,364.0,54.27338339583923,0.8829175511687026,0.8528577755767506,0.030059775591952,366.894353004164,358.5796469958361,2.292213369005065,361.724,363.5565761099283,1660.615,41.14915219388401,6.9882384982057495
2022-09-30,365.5,57.837907838274575,0.9835566052472018,0.8789975415108409,0.1045590637363609,367.1362798160689,358.8877201839312,2.2722553612932077,361.9073333333333,363.9099259081231,1661.815,41.58751012975221,6.889591188920333
2022-10-03,359.985,44.19649628597657,0.611253224764539,0.8254486781615805,-0.2141954533970415,367.13772534237546,358.8847746576246,2.2734696747692764,361.9401666666666,363.196303015737,1699.695,53.389892091021046,6.779651679733442
2022-10-04,366.0,56.30200501834721,0.7924257531640819,0.8188440931620808,-0.0264183399979989,367.39056351470254,359.2319364852975,2.245630166807389,362.1401666666667,363.7060661037849,1726.415,59.59203901277985,7.1241592433557335
2022-10-05,366.0,56.30200501834721,0.9253395488826186,0.8401431843061885,0.0851963645764301,367.5525440452644,359.6699559547357,2.1678614428262755,362.3568333333333,364.12314499400577,1716.345,56.538630404751046,7.092874971575575
2022-10-06,366.0,56.30200501834721,1.0189291090736674,0.8759003692596843,0.1430287398139831,367.7861486185225,359.63635138147754,2.240732789278565,362.5735,364.464391358732,1712.655,55.41808420463106,7.141841897916019
2022-10-07,366.0,56.30200501834721,1.0806425353308668,0.9168488024739208,0.1637937328569459,367.82409654178974,360.1984034582103,2.094905880952704,362.8068333333333,364.7435929298716,1695.525,50.42209962078526,6.928933929471192
2022-10-10,365.995,56.28835248577989,1.1162796352721216,0.956734969033561,0.1595446662385605,367.7374430405685,360.8850569594316,1.880915311052525,363.0066666666667,364.9711214880768,1668.145,43.64876804554237,6.484421758098848
2022-10-11,366.0,56.29976438222175,1.1318781650235792,0.9917636082315648,0.1401145567920144,367.89046870767794,360.8820312923221,1.9233539727022748,363.2066666666667,365.15819030842647,1666.265,43.21945920944799,6.34104792536288
2022-10-12,366.5,57.49481751526713,1.1710863787602648,1.027628162337305,0.1434582164229598,368.04318812884986,360.8418118711501,1.975997930455349,363.4238333333333,365.4021557068944,1673.255,45.37088328897891,6.215743997101493
2022-10-13,365.0,52.827479398762726,1.068801231360112,1.0358627761418664,0.0329384552182456,368.0880542586796,360.9969457413205,1.945207628015688,363.5906666666667,365.329036487459,1666.265,43.59211599915719,6.209318212257909
2022-10-14,365.0,52.827479398762726,0.9764832243501472,1.0239868657835227,-0.0475036414333753,368.05543497338607,360.99206502661394,1.9376981463545595,363.75733333333335,365.2692116715573,1642.845,38.18975969286263,6.41156205117878
2022-10-17,367.0,58.088627747326086,1.0525704470705364,1.0297035820409255,0.0228668650296108,368.3553663231985,360.9921336768016,2.019128781930948,363.9906666666667,365.5839004585469,1650.765,40.85899551388788,6.501456366159529
2022-10-18,367.0,58.088627747326086,1.1001878386939552,1.0438004333715316,0.0563874053224235,368.6221501578473,361.0753498421527,2.068473666332876,364.2240000000001,365.84137310244745,1652.085,41.31387398973624,6.568694816617182
2022-10-19,367.0,58.088627747326086,1.1249571587557057,1.0600317784483666,0.064925380307339,368.8371363942828,361.06036360571727,2.130921886584211,364.4573333333334,366.0520325383661,1629.155,36.11709435555601,6.9024719134108
2022-10-20,367.0,58.088627747326086,1.131543296596078,1.0743340820779088,0.0572092145181692,368.5503724798161,362.047127520184,1.7802538222843822,364.55733333333336,366.2243902586632,1628.265,35.92818896879936,7.202620762635656
2022-10-21,367.0,58.088627747326086,1.1238082957975166,1.0842289248218304,0.0395793709756862,368.72358568309096,362.1739143169091,1.7922270540484495,364.7906666666667,366.3654102116335,1655.175,45.25226982876809,7.120658023132141
2022-10-24,367.0,58.08862774732608,1.1049411778408285,1.08837137542563,0.0165698024151983,368.8689917432994,362.32900825670055,1.7888406386775908,365.0241666666667,366.4807901731547,1649.405,43.7810682437393,6.77968943858062
2022-10-25,365.5,51.38380789006826,0.9579092059050822,1.0622789415215206,-0.1043697356164383,368.8616238801413,362.4863761198587,1.743423858486686,365.0575,366.3024646871265,1653.155,45.031854327053054,6.498619640589992
2022-10-26,365.0,49.33946445176456,0.7919108323839055,1.0082053196939975,-0.216294487310092,368.8354861402949,362.6125138597051,1.7015487855841642,365.045,366.0656529258308,1664.835,48.84909900092425,6.484730340060539
2022-10-27,365.0,49.33946445176456,0.6528305017632192,0.937130356107842,-0.2842998543446227,368.8041396009504,362.74386039904965,1.6568370638428915,365.1116666666667,365.871897848407,1663.455,48.42124481191564,6.475780760641527
2022-10-28,365.5,51.57394229830973,0.5763108068123302,0.8649664462487396,-0.2886556394364095,368.8041396009504,362.74386039904965,1.6568370638428915,365.1158333333333,365.80428005778754,1645.245,43.06150203298112,6.587171147431851
2022-10-31,365.5,51.57394229830973,0.5097918343373067,0.793931523866453,-0.2841396895291463,367.529650250439,364.56984974956106,0.8085787521717794,365.16583333333335,365.74895641091706,1632.755,39.80686092724199,6.6018505320373535
2022-11-01,367.0,58.01672150041447,0.5715243563658419,0.7494500903663308,-0.1779257340004889,367.6360457889839,364.5634542110161,0.8392771581974153,365.2825,365.9764188816594,1648.3,45.34376054020077,5.708901484471244
2022-11-02,367.0,58.01672150041447,0.61337719434988,0.7222355111630406,-0.1088583168131606,367.7341441274979,364.5653558725021,0.8654350453594161,365.3491666666667,366.1625245395395,1634.175,41.59930921393356,4.979096298024917
2022-11-03,367.5,60.07042135459382,0.6790638657692512,0.7136011820842827,-0.0345373163150315,367.9123384424973,364.53716155750266,0.9216135405907522,365.5991666666667,366.4057018959869,1630.325,40.6148173853092,4.090541625371718
2022-11-04,364.5,45.64345378192886,0.4834729232543395,0.6675755303182941,-0.1841026070639545,367.9964510454456,364.3030489545544,1.0087135361668975,365.6158333333333,366.059210642171,1681.4,55.620112029234825,3.706229910988875
2022-11-07,364.5,45.64345378192886,0.3247224933836037,0.599004922931356,-0.2742824295477523,368.0567921185759,364.0932078814241,1.0827246430790782,365.6326666666667,365.7757177981399,1675.385,53.89303767862005,3.8172369231156336
2022-11-08,365.5,50.26146981869283,0.2764169145004302,0.5344873212451708,-0.2580704067447406,368.0474984358565,364.0525015641435,1.0913801042789388,365.6826666666667,365.7255872893872,1712.375,61.75734675981737,4.923950304039057
2022-11-09,367.5,57.95510417499234,0.3949647724751344,0.5065828114911636,-0.1116180390160291,368.1880613020814,364.01193869791865,1.140705436810364,365.7993333333334,366.0482077822258,1707.035,60.161989825895176,5.573796135804223
2022-11-10,368.5,61.18777733245749,0.5631152051051345,0.5178892902139578,0.0452259148911766,368.5438102611833,364.0061897388167,1.2388561933974849,365.94933333333336,366.4939881854575,1755.575,68.20282219920733,7.625005044715737
2022-11-11,367.5,56.50881648373573,0.6086676499850796,0.5360449621681822,0.0726226878168974,368.6494443761186,364.15055562388136,1.2278626507197694,366.016,366.6768994244652,1767.865,69.8614991526263,9.36417672328916
2022-11-14,365.5,48.51782391685404,0.477876344406809,0.5244112386159077,-0.0465348942090986,368.5893983751211,364.06060162487887,1.23627837309554,366.1998333333333,366.462917710926,1771.305,70.32806225193406,10.744338711431311
2022-11-15,367.5,55.32182838960479,0.5295027990745211,0.5254295507076304,0.0040732483668907,368.6543437246321,364.045656275368,1.258001214484551,366.24983333333336,366.6514781271212,1778.815,71.37007985566399,11.954799414489267
2022-11-16,367.5,55.32182838960479,0.5639166561608704,0.5331269717982784,0.0307896843625919,368.7175413552917,364.0324586447084,1.2787670312066293,366.29983333333337,366.805754831281,1773.865,69.63427011979937,12.526408863836515
2022-11-17,367.5,55.32182838960479,0.5844526791639737,0.5433921132714175,0.0410605658925562,368.7790754509371,364.0209245490629,1.298621971035555,366.3498333333334,366.9319812255935,1760.275,64.96283975273032,12.610749887459782
2022-11-18,367.5,55.32182838960479,0.5938817264836302,0.55349003591386,0.0403916905697702,368.839021541174,364.01097845882606,1.31760744554763,366.3998333333333,367.03525736639466,1748.775,61.2201461019081,12.711579397732317
2022-11-21,367.5,55.32182838960478,0.5945012737969364,0.5616922834904753,0.0328089903064611,368.8974476503598,364.00255234964015,1.3357607588264886,366.45,367.1197560270501,1737.905,57.82874295843442,12.55703556235604
2022-11-22,367.5,55.32182838960479,0.5882117308224792,0.5669961729568761,0.0212155578656031,368.99744765036,364.10255234964,1.335396344487794,366.5,367.1888912948592,1740.115,58.33411714823632,12.377692380382646
2022-11-23,365.5,45.86587219670131,0.4170365990809728,0.5370042581816955,-0.1199676591007227,368.9682195890166,364.1817804109834,1.3057189328331773,366.4666666666666,366.8818201503393,1749.585,60.51756502500599,12.3207784993291
2022-11-24,368.5,57.57884970967854,0.5174887141087652,0.5331011493671095,-0.0156124352583443,369.1686773247488,364.3313226752512,1.3189787728691706,366.5833333333333,367.17603466845935,1755.435,61.84763436490496,12.2146451700845
2022-11-25,367.5,53.42896212653322,0.5105211265766343,0.5285851448090144,-0.0180640182323801,369.2185438567303,364.4814561432697,1.291287369077442,366.6666666666667,367.2349374560122,1754.625,61.538511466459546,11.727682142736166
2022-11-28,368.5,56.78332026002224,0.5790163656716345,0.5386713889815384,0.040344976690096,369.3874672775257,364.6125327224743,1.3010720858450533,366.7166666666666,367.4649488276463,1741.685,56.66587899766312,10.7444065746913
2022-11-29,367.5,52.69584996480526,0.5463101699122035,0.5401991451676714,0.006111024744532,369.4223944192093,364.62760558079066,1.3063929809736776,366.73333333333335,367.47132176807423,1749.795,58.86428057087694,9.932739676033496
2022-11-30,368.5,56.09908600568313,0.5942319804150884,0.5510057122171549,0.0432262681979335,369.58193472945135,364.6180652705487,1.352184543422133,366.78333333333336,367.6583541738789,1768.615,63.49277083697055,8.613844019359087
2022-12-01,368.5,56.09908600568313,0.6250056840237335,0.5658057065784706,0.0591999774452628,369.7014701646809,364.598529835319,1.3898788858400928,366.8333333333333,367.8113806877191,1802.935,70.09980586319686,7.083877034681578
2022-12-02,368.5,56.09908600568313,0.6419935636712921,0.5810432779970349,0.0609502856742572,369.6543437246337,365.0456562753664,1.2545766841615178,366.8833333333333,367.9365841990429,1797.56,68.02344779160723,6.61375771043976
2022-12-05,367.5,51.4738535830064,0.5682149102478888,0.5784776044472058,-0.0102626941993169,369.39736659643296,365.60263340356704,1.0325804606437876,366.9,367.8572052537623,1768.77,58.09713354036093,5.260133145681266
2022-12-06,367.5,51.4738535830064,0.5039357383606102,0.5635692312298867,-0.0596334928692764,369.26132477296295,365.9386752270371,0.9038763726675342,366.9666666666666,367.7922588439873,1771.09,58.62114269731188,4.738946881958963
2022-12-07,367.5,51.4738535830064,0.4478317063878876,0.5404217262614869,-0.0925900198735992,369.26132477296295,365.9386752270371,0.9038763726675342,367.05,367.7391208723532,1786.13,61.94365609702424,4.00789053341136
2022-12-08,367.5,51.4738535830064,0.3987720607524352,0.5120917931596766,-0.1133197324072413,369.1593476943346,365.9406523056654,0.875716334830411,367.1333333333333,367.6956443501072,1789.09,62.580473745775386,4.161197998495091
2022-12-09,367.5,51.4738535830064,0.3557906055023636,0.480831555628214,-0.1250409501258503,369.1593476943346,365.9406523056654,0.875716334830411,367.2,367.66007265008767,1795.12,63.90554372988562,4.404267807518726
2022-12-12,367.5,51.4738535830064,0.3180610823804954,0.4482774609786703,-0.1302163785981748,368.9576696835442,366.3423303164557,0.7113666169151355,367.26666666666665,367.6309685318899,1781.41,58.806694978182506,4.4557598777634935
2022-12-13,367.5,51.4738535830064,0.2848762869730308,0.4155972261775424,-0.1307209392045116,368.9576696835442,366.3423303164557,0.7113666169151355,367.28333333333336,367.6071560715462,1810.61,65.17910367169532,4.909061952738241
2022-12-14,365.5,40.30800249112457,0.0960861904346757,0.3516950190289691,-0.2556088285942934,369.1593476943346,365.9406523056654,0.875716334830411,367.23333333333335,367.22403678581054,1807.42,64.01405297568786,5.252228173106151
2022-12-15,367.5,51.61190402226582,0.1066228818597778,0.3026805915951309,-0.196057709735353,369.1593476943346,365.9406523056654,0.875716334830411,367.23333333333335,367.2742119156632,1776.9,54.05823725365633,5.22812561548849
2022-12-16,367.5,51.61190402226583,0.1136630488525725,0.2648770830466192,-0.1512140341940467,369.1593476943346,365.9406523056654,0.875716334830411,367.3333333333333,367.3152642946335,1792.2,57.61689241251974,5.173365883407526
2022-12-19,365.0,40.49481562016075,-0.0815466556271644,0.1955923353118625,-0.2771389909390269,369.3813997549732,365.4686002450268,1.0649246812128608,367.35,366.89430715015465,1787.75,56.25208878419788,4.856732939719207
2022-12-20,365.5,43.13306403546546,-0.1936733852836596,0.117739191192758,-0.3114125764764177,369.45279228339103,365.19720771660894,1.158533877841718,367.35,366.6407967592174,1817.83,62.68624748449689,4.873888104915391
2022-12-21,365.5,43.13306403546546,-0.279314858544069,0.0383283812453926,-0.3176432397894617,369.45279228339103,365.19720771660894,1.158533877841718,367.28333333333336,366.4333791666324,1814.37,61.5646201083046,4.869392097045498
2022-12-22,365.5,43.13306403546546,-0.3432298035937151,-0.0379832557224288,-0.3052465478712862,369.3721572545581,364.97784274544193,1.1967902251286595,367.1833333333333,366.2636738636083,1792.45,54.86677780474623,4.660489707767242
2022-12-23,365.5,43.13306403546546,-0.3893941644890901,-0.1082654374757611,-0.2811287270133289,369.3831377777889,364.7668622222111,1.2575837514344168,367.1166666666667,366.1248240702249,1797.69,56.09642085987984,4.41137141702073
2022-12-27,365.5,43.13306403546546,-0.4211252829742307,-0.170837406575455,-0.2502878763987756,369.2331377777887,364.6168622222113,1.25809785530488,367.1166666666667,366.0112196938204,1813.63,59.69387663988143,3.90067372246688
2022-12-28,365.5,43.133064035465466,-0.4411866973659926,-0.2249072647335626,-0.21627943263243,369.1972352331197,364.45276476688025,1.2933879823456629,367.05,365.9182706585802,1804.35,56.77703667249308,3.3169785623762467
2022-12-29,365.5,43.133064035465466,-0.451876561093286,-0.2703011240055072,-0.1815754370877787,368.98313777778833,364.3668622222117,1.2589556298020417,366.98333333333335,365.84222144792926,1815.02,59.242997540777154,3.201808311227853
2022-12-30,367.5,56.186424979875326,-0.295558060468295,-0.2753525112980648,-0.0202055491702302,368.8130356489905,364.4369643510095,1.1936096278161492,366.98333333333335,366.1436357301239,1823.48,61.13624352914829,3.4535668135554984
2023-01-03,365.5,45.05007810376688,-0.3292622772382856,-0.2861344644861089,-0.0431278127521766,368.5359463848563,364.41405361514376,1.12474050609524,366.9166666666667,366.02661105191953,1839.54,64.50685825904131,4.015351517434861
2023-01-04,365.5,45.05007810376687,-0.3519164382149142,-0.29929085923187,-0.0526255789830442,368.4213381932739,364.3286618067261,1.1170730498936474,366.85,365.9308635879341,1854.66,67.37563857062534,4.517591324490332
2023-01-05,365.5,45.050078103766886,-0.3656549809946909,-0.3125636835844342,-0.0530912974102567,368.2868399541839,364.2631600458161,1.0985406889271323,366.78333333333336,365.8525247537642,1832.96,59.89350888483425,4.405803474976013
2023-01-06,365.5,45.050078103766886,-0.3722517882324609,-0.3245013045140396,-0.0477504837184213,368.1313997549709,364.2186002450291,1.068559980867565,366.78333333333336,365.7884293439889,1867.01,66.23057291796839,5.137776501115503
2023-01-09,367.5,56.61598780192915,-0.2136338817865066,-0.302327819968533,0.0886939381820263,368.1313997549709,364.2186002450291,1.068559980867565,366.75,366.0996240087182,1871.78,67.01680736114426,5.777901072753154
2023-01-10,367.5,56.61598780192915,-0.0869260191090575,-0.2592474597966379,0.1723214406875804,368.1313997549709,364.2186002450291,1.068559980867565,366.75,366.3542378253149,1876.96,67.89108636509305,6.389630521152098
2023-01-11,366.5,50.45745283352368,-0.066434946993013,-0.2206849572359129,0.1542500102428999,367.9924849400329,364.2575150599671,1.020135166969155,366.6833333333333,366.3807400388939,1875.65,67.40448605822921,6.626787036661034
2023-01-12,367.5,55.65252841313888,0.0301484849725284,-0.1705182687942247,0.2006667537667531,367.9924849400329,364.2575150599671,1.020135166969155,366.6833333333333,366.5842418500041,1896.87,71.02701325983374,7.4337600861668145
2023-01-13,366.0,47.59104884984335,-0.0141824271339601,-0.1392511004621717,0.1250686733282116,367.9966185316004,364.3033814683996,1.0086677763760046,366.6,366.4780160590943,1920.74,74.46484099879811,8.53753032945552
2023-01-16,366.0,47.59104884984336,-0.0487530001274763,-0.1211514803952326,0.0723984802677563,367.8149712644896,364.3350287355104,0.9506091727048344,366.51666666666665,366.39110404834986,1915.74,72.52363042340392,8.854999736091294
2023-01-17,367.5,55.12917318047402,0.0443755025143559,-0.0880460838133149,0.1324215863276709,367.8149712644896,364.3350287355104,0.9506091727048344,366.48333333333335,366.5927214941044,1908.67,69.75459631927487,9.040895369544128
2023-01-18,364.0,40.49370026223208,-0.1623685538490349,-0.1029105778204589,-0.0594579760285759,367.9348429258054,364.11515707419454,1.0435587327671254,366.3666666666667,366.1213175860854,1904.34,68.04113815901123,8.914550752089854
2023-01-19,367.0,52.20587818541769,-0.0831809221810431,-0.0989646466925757,0.0157837245115326,368.0390719432888,364.16092805671127,1.0593127250962862,366.35,366.28107802497897,1932.17,72.68529777929585,9.463438919898955
2023-01-20,366.0,48.76072676663087,-0.0999634794533221,-0.099164413244725,-0.000799066208597,368.0452864372926,364.2047135627074,1.0489785932632782,366.3,366.2299729295282,1927.27,70.736237169471,9.70902221745204
2023-01-23,364.0,42.69258107101441,-0.2715171812540689,-0.1336349668465938,-0.137882214407475,368.1689620103365,363.9310379896635,1.157744576061484,366.1833333333333,365.8245233059776,1931.02,71.36899173006663,9.498591132987473
2023-01-24,364.0,42.69258107101441,-0.4028311392888213,-0.1874742013350393,-0.2153569379537819,368.2657422380637,363.6842577619364,1.2518572241621266,366.06666666666666,365.4927917957999,1937.3,72.44357732056935,9.24400734874657
2023-01-25,364.0,42.69258107101441,-0.5011217771873362,-0.2502037165054987,-0.2509180606818375,368.3413111234024,363.4586888765976,1.334414388304119,365.95,365.2213751056544,1946.27,73.9476497850897,9.184689616397833
2023-01-26,364.0,42.69258107101441,-0.5724193222396821,-0.3146468376523354,-0.2577724845873466,368.3993931326136,363.2506068673864,1.4074451623664754,365.8333333333333,364.9993069046264,1929.18,66.50026794920046,8.50731935614815
2023-01-27,364.0,42.69258107101441,-0.6217559250899285,-0.376068655139854,-0.2456872699500744,368.4425824037989,363.0574175962011,1.4723622167047954,365.78333333333336,364.8176147401488,1926.56,65.41262897530703,7.8014458201488734
2023-01-30,366.0,51.44525797864657,-0.4937802615099826,-0.3996109764138797,-0.0941692850961029,368.24939313261336,363.10060686738666,1.408022496814577,365.73333333333335,365.0325938783036,1923.22,63.97611748008375,7.034170242609447
2023-01-31,367.5,56.777237972965295,-0.2682291830755048,-0.3733346177462048,0.1051054346707,368.46711812542605,363.0828818745739,1.4720077235601543,365.73333333333335,365.4812131731575,1928.28,65.22217655755142,6.460535002540587
2023-02-01,366.0,50.77279635041958,-0.2081167520162807,-0.34029104460022,0.1321742925839392,368.4907248096466,363.1092751903534,1.4711453305886333,365.76666666666665,365.5755380507652,1950.18,70.05068783062676,6.26974733630319
2023-02-02,366.0,50.77279635041959,-0.1586484171178313,-0.3039625191037423,0.145314101985911,368.5134010119861,363.1365989880139,1.4697743522099995,365.78333333333336,365.6527129506261,1912.64,55.75959870504294,5.0468619728880055
2023-02-03,365.0,46.93507050126328,-0.1978552952786572,-0.2827410743387253,0.0848857790600681,368.5092434370591,363.09075656294095,1.4812703319076317,365.76666666666665,365.5340378686941,1864.85,43.5726640395001,5.091909955175198
2023-02-06,365.25,47.9934122209868,-0.2063751537206144,-0.2674678902151031,0.0610927364944887,368.28978265206666,363.0852173479333,1.4232275656491746,365.7583333333333,365.4823946198405,1867.69,44.35105497838162,5.16932114688414
2023-02-07,365.5,49.08694588680032,-0.1907553829418589,-0.2521253887604543,0.0613700058185954,368.0536457785877,363.1213542214122,1.349141192512194,365.7583333333333,365.4855955980513,1873.72,46.05267199272731,5.22201427671897
2023-02-08,365.5,49.08694588680031,-0.1763438202754059,-0.2369690750634446,0.0606252547880387,367.9679063448827,363.10709365511735,1.3297712792163154,365.7583333333333,365.48821458022377,1875.55,46.58646717337958,5.223618067689152
2023-02-09,365.5,49.08694588680031,-0.1630430937386791,-0.2221838787984915,0.0591407850598124,367.6951259657537,363.1798740342463,1.2355743270757555,365.7583333333333,365.4903573838194,1861.7,43.10979283335673,5.699638077703044
2023-02-10,365.0,46.63736465824872,-0.1906502955262112,-0.2158771621440355,0.0252268666178242,367.6373611071008,363.13763889289913,1.231493199466788,365.7416666666667,365.4012014958522,1864.2,43.92330040341846,6.086301955708294
2023-02-13,365.0,46.63736465824872,-0.2101072166358335,-0.2147231730423951,0.0046159564065615,367.5751047464297,363.0998952535703,1.2249521313468914,365.65833333333336,365.3282557693336,1853.45,41.19541510247274,6.590937292909594
2023-02-14,365.0,46.63736465824872,-0.2229568589110613,-0.2163699102161283,-0.0065869486949329,367.2204529380053,363.2045470619947,1.099608002467223,365.64166666666665,365.268572902182,1854.46,41.56262924649045,7.005003559209209
2023-02-15,365.0,46.63736465824872,-0.2304834235550856,-0.2191926128839198,-0.0112908106711658,367.1955998425442,363.3294001574558,1.0584715608879691,365.625,365.2197414654216,1835.91,36.99343056540525,7.66566540656531
2023-02-16,365.0,46.63736465824872,-0.2337537129649831,-0.2221048329001325,-0.0116488800648506,366.9251329740601,363.39986702594,0.9653964873501896,365.60833333333335,365.1797884717086,1836.5,37.22979566593225,8.038906667911863
2023-02-17,365.5,50.23466100869464,-0.1937660056597678,-0.2164370674520596,0.0226710617922917,366.8657577936302,363.40924220636975,0.9466339631674284,365.60833333333335,365.2380087495797,1841.93,39.480034884095566,8.250607314350965
2023-02-20,361.92,33.0534583775852,-0.4458124913247729,-0.2623121522266023,-0.1835003390981706,367.2141629728693,362.8528370271308,1.1947741633955475,365.4223333333333,364.6347344314743,1841.295,39.30259349216107,8.326872502170623
2023-02-21,365.0,49.16297712405339,-0.3925063192239122,-0.2883509856260643,-0.1041553335978479,367.2123238539728,362.9546761460273,1.1662120331226873,365.339,364.7011463530244,1835.01,37.50582402234615,8.28087495062332
2023-02-22,365.0,49.16297712405339,-0.3462692177861868,-0.2999346320580888,-0.0463345857280979,367.2043672099494,363.06263279005066,1.1343068822495714,365.289,364.7554833797472,1825.26,34.844547536792845,8.049697840007486
2023-02-23,365.0,49.16297712405339,-0.3060974805596288,-0.3011672017583968,-0.0049302788012319,367.18976294419343,363.1772370558065,1.09876976599077,365.2056666666667,364.79994094706586,1822.37,34.072796928610614,7.970123998791309
2023-02-24,365.0,49.16297712405339,-0.2711356068857071,-0.2951608827838589,0.0240252758981517,367.1678451091375,363.2991548908625,1.0592375064924198,365.1723333333333,364.8363153203266,1810.98,31.144999384046105,7.930638460438204
2023-02-27,363.0,40.624824232642446,-0.4001981205954621,-0.3161683303461796,-0.0840297902492825,367.2123238539728,362.9546761460273,1.1662120331226873,365.07233333333335,364.50243980753993,1817.31,34.51285883029662,7.672177997280732
2023-02-28,362.0,37.15068465546268,-0.5765268920707172,-0.3682400426910871,-0.20828684937963,367.0362995873151,362.5807004126849,1.221352894636574,364.889,364.0474507516236,1826.8,39.30590996485418,7.004700734061816
2023-03-01,358.0,27.14931770004698,-1.0271944265077764,-0.500030919454425,-0.5271635070533514,368.0568271510706,360.7601728489294,2.0023282393635653,364.689,362.9479142513284,1836.705,43.9195182372748,5.1643363190167015
2023-03-02,346.0,14.52023008073239,-2.3258405640124806,-0.8651928483660362,-1.4606477156464446,372.15940229640535,354.65759770359466,4.816014097857009,363.989,359.8664752965414,1835.75,43.5755873836786,4.07178929186994
2023-03-03,339.5,11.42111134151645,-3.835311576997526,-1.4592165940923345,-2.376094982905192,375.69419655295127,348.5728034470488,7.489335591957795,363.10566666666665,356.1634797880793,1855.24,51.86083144131053,3.981788365935652
2023-03-06,339.5,11.42111134151645,-4.974238307091298,-2.162220936692127,-2.812017370399171,377.5125658130647,344.17943418693534,9.237495115957868,362.289,353.1337561902467,1846.76,48.52235132682147,3.804764357644666
2023-03-07,322.5,6.932829195448392,-7.165998698964245,-3.162976489146551,-4.0030222098176935,382.1275090423388,335.2644909576613,13.064828736500402,360.90566666666666,347.56398233747456,1813.23,38.083201067637845,3.718244881660758
2023-03-08,322.5,6.932829195448392,-8.801526086340914,-4.290686408585424,-4.51083967775549,384.53379762684426,328.5582023731557,15.699403514185695,359.52233333333334,343.00689463975186,1813.82,38.33460263832798,3.4507100530582693
2023-03-09,322.5,6.932829195448392,-9.982619895979724,-5.429073106064284,-4.55354678991544,385.7108210277686,323.08117897223144,17.6722203567583,358.139,339.27836834161513,1830.86,45.248992577413766,3.22046607606176
2023-03-10,320.0,6.466105642475526,-10.993646443178475,-6.541987773487124,-4.451658669691353,386.4169208513744,317.8750791486257,19.46404096674353,356.6723333333333,335.77321046132147,1869.9,57.11367392874845,3.351886181830177
2023-03-13,327.5,23.17531636135317,-11.062186940918934,-7.4460276069734865,-3.616159333945448,385.61040457904113,314.9315954209589,20.178321687516878,355.389,334.2689903774448,1910.27,65.45109716210294,4.835369556692248
2023-03-14,335.0,35.57058133640285,-10.391531354351912,-8.035128356449171,-2.356402997902741,384.0289851381378,313.51301486186225,20.218415601146752,354.3056666666667,334.4019012179094,1904.27,63.47595026671755,5.722952119621129
2023-03-15,337.5,39.0979463331443,-9.548236734057523,-8.337750031970842,-1.2104867020866834,382.15652381655286,312.6354761834472,20.012046089507564,353.35566666666665,334.9651919055622,1920.35,66.40220867853131,6.833775449516828
2023-03-16,339.5,41.84114165374093,-8.61917984654417,-8.394035994885508,-0.2251438516586628,380.0662605823129,312.17573941768705,19.61467844037948,352.4723333333333,335.7897024681873,1920.02,66.2848377538511,7.666855331989482
2023-03-17,337.5,39.90542656857036,-7.952606161494771,-8.30575002820736,0.353143866712589,377.6481303942679,311.7938696057321,19.10364056397372,351.5556666666667,336.1006656557896,1989.33,75.91432979744623,10.072764761946026
2023-03-20,340.0,43.42856570578476,-7.140303631481686,-8.072660748862226,0.9323571173805404,375.63574038508193,311.61425961491807,18.631205753412548,350.714,336.80963553655505,1978.36,72.39018902959918,11.505769070676193
2023-03-21,321.5,29.59944626286928,-7.898296764588508,-8.037787952007484,0.1394911874189759,373.2665051506463,309.63349484935367,18.636113721274757,349.24733333333336,334.0260654389995,1941.18,61.90156422915447,11.936829210172789
2023-03-22,321.0,29.32762780969188,-8.442042988366325,-8.118638959279252,-0.3234040290870723,370.3249094930474,308.17509050695253,18.31976978219453,347.764,331.657689904636,1965.71,65.45758569847487,12.508373462231615
2023-03-23,319.0,28.211617981407173,-8.93139352849579,-8.28118987312256,-0.6502036553732289,366.8479932437125,307.0520067562875,17.746249143025675,346.214,329.3562917401567,1992.03,68.8203853441592,13.269687687025751
2023-03-24,321.5,31.70981349411595,-9.013575364454825,-8.427666971389014,-0.5859083930658091,362.4399146031768,307.1100853968232,16.52746746511943,344.764,327.92787506012814,1977.78,65.12379223939979,13.38679423984382
2023-03-27,322.5,33.11382589220423,-8.895471955426103,-8.521227968196431,-0.3742439872296721,357.6447785690304,307.8552214309696,14.963052483263947,343.3473333333333,326.9409886855594,1956.52,59.950023790317125,13.131297500596286
2023-03-28,324.5,35.950084857970964,-8.542023735185069,-8.525387121594159,-0.0166366135909097,352.04543929636424,309.70456070363576,12.79663878888658,341.99733333333336,326.4971725609122,1973.7,62.539910122219126,13.014633645506986
2023-03-29,326.0,38.07112394371664,-8.048102494424313,-8.42993019616019,0.381827701735876,346.4664949902861,312.0835050097138,10.442028693515253,340.69733333333335,326.4067775498372,1964.52,60.29617090152368,12.772047437549958
2023-03-30,326.5,38.798659919023024,-7.529524855715124,-8.249849128071176,0.7203242723560521,343.70584304739697,312.89415695260305,9.385222691073382,339.414,326.42372708623043,1980.31,62.77033439383512,12.511086766388118
2023-03-31,326.0,38.31392687702688,-7.0773113227582485,-8.01534156700859,0.938030244250342,342.1676098070816,313.0823901929184,8.877594693372966,338.0973333333333,326.3466857978249,1970.8,60.33181905530679,12.270560439638322
2023-04-03,325.0,37.3099465455539,-6.722131930011244,-7.756699639609122,1.0345677095978782,340.4114766032814,313.38852339671854,8.266428022809077,336.8666666666667,326.101833834584,1984.565,62.59677855210538,11.889881115930333
2023-04-04,322.5,34.8512147840066,-6.566682184354647,-7.518696148558227,0.95201396420358,340.4114766032814,313.38852339671854,8.266428022809077,335.45,325.4469549555687,2020.665,67.79090323243116,11.01391518551196
2023-04-05,322.5,34.8512147840066,-6.37005708807834,-7.288968336462251,0.9189112483839104,340.4114766032814,313.38852339671854,8.266428022809077,334.03333333333336,324.9111449636471,2020.84,67.8142368836797,9.645658709229249
2023-04-06,320.25,32.608233387602624,-6.322900023040461,-7.095754673777893,0.7728546507374325,340.4799020902478,313.09509790975227,8.38000357433975,332.5416666666667,324.0636640611658,2007.465,63.998201846866976,7.981028458809602
2023-04-10,320.0,32.35903485273313,-6.233840783788139,-6.923371895779943,0.689531111991804,340.4799020902478,313.09509790975227,8.38000357433975,331.0416666666667,323.3248160500447,1991.35,59.64333765665631,6.770002226858453
2023-04-11,320.5,33.4543834244454,-6.053138066040162,-6.749325129831988,0.6961870637918253,340.3944651071076,312.4805348928924,8.5510795218733,329.625,322.81121313185474,2003.62,61.776092149928445,6.347253348324124
2023-04-12,321.0,34.59499614183389,-5.802694192408126,-6.559998942347216,0.7573047499390899,339.3053618433788,312.1696381566212,8.33054950282286,328.2583333333333,322.4819016533357,2014.94,63.68296842564244,5.7163573056466594
2023-04-13,321.0,34.5949961418339,-5.540349913153193,-6.356069136508411,0.8157192233552184,337.48953760831665,312.3354623916834,7.741799781982306,327.025,322.21246498909284,2040.15,67.56382958478545,5.636957568836439
2023-04-14,321.0,34.5949961418339,-5.271671632675464,-6.139189635741823,0.8675180030663592,334.72350833648176,313.25149166351827,6.627421327354756,326.19166666666666,321.9920168092578,2005.45,58.32505755796575,4.828468457767418
2023-04-17,320.0,33.174603095400045,-5.080864756145274,-5.927524659822513,0.8466599036772386,331.9929208797219,314.2320791202781,5.496798099560924,325.5416666666667,321.6298319348473,1995.16,55.884645960708426,4.835408508852717
2023-04-18,320.0,33.174603095400045,-4.87347059640058,-5.716713847138126,0.8432432507375465,326.5579330498834,317.66706695011663,2.760174193726339,324.89166666666665,321.3334988557841,2005.28,57.756688366794926,4.85336417534404
2023-04-19,320.0,33.174603095400045,-4.655444168151632,-5.504459911340828,0.8490157431891951,326.5714690119139,317.50353098808614,2.8158018938253355,324.80833333333334,321.0910445183688,1994.79,55.14448113675712,4.280164594886628
2023-04-20,320.0,33.174603095400045,-4.431572246667088,-5.28988237840608,0.8583101317389925,326.5877037999414,317.38729620005864,2.857380364108152,324.725,320.8926727877563,2004.82,57.14049091188322,4.107312201494921
2023-04-21,320.0,33.174603095400045,-4.20567176975851,-5.073040256676566,0.867368486918056,326.52714085434405,317.547859145656,2.7882720828127354,324.64166666666665,320.73036864452786,1982.78,51.696660254320896,4.142531594677415
2023-04-24,320.0,33.174603095400045,-3.980756333208944,-4.854583471983042,0.8738271387740975,326.5349036349599,317.39009636504005,2.8403330418666317,324.64166666666665,320.5975743455228,1989.1,53.07715620253487,4.077045503231105
2023-04-25,321.75,39.90972682264196,-3.6195746512033216,-4.607581707827098,0.9880070566237756,326.4914537664357,317.3585462335643,2.836967471576112,324.45,320.80710628270043,1997.13,54.84305448906899,3.661621123888722
2023-04-26,322.0,40.82724039743442,-3.275405816000045,-4.341146529461687,1.0657407134616417,326.2119156838038,317.3880843161962,2.742023420636285,324.01666666666665,321.0239960494821,1989.46,52.79909474228512,3.5177644251545024
2023-04-27,322.0,40.82724039743442,-2.9684313061854937,-4.066603484806449,1.0981721786209553,325.57303410518875,317.6269658948113,2.470792353973091,323.5,321.20145131321266,1987.85,52.35798281036785,3.2021397929759936
2023-04-28,321.0,38.12660582746268,-2.773868014380014,-3.808056390721162,1.0341883763411484,324.6041004865651,318.0458995134349,2.040986842956561,322.8833333333333,321.1648238017194,1989.27,52.733065411004354,3.117688051890121
2023-05-01,321.0,38.12660582746268,-2.589821355394122,-3.564409383655754,0.9745880282616324,323.55542335116206,318.5945766488379,1.5450741111342048,322.3333333333333,321.13485583777043,1982.48,50.67846967506098,2.936021416218955
2023-05-02,321.0,38.12660582746268,-2.416111621369339,-3.334749831198472,0.9186382098291324,322.5816048168773,319.1683951831227,1.0637194028062655,321.7,321.11033659453943,2016.7,59.28769329383489,2.92207290898643
2023-05-03,319.55,34.04785138673448,-2.368149731505298,-3.1414298112598367,0.7732800797545387,322.3549135924798,319.1000864075202,1.014826351017482,321.635,320.8266390318959,2038.64,63.6666818334836,3.2378501467815504
2023-05-04,319.5,33.9131246141303,-2.307573894927998,-2.974658627993469,0.6670847330654714,322.07131223752754,319.08368776247244,0.9319507685520972,321.585,320.5854319351876,2050.19,65.75490322882973,3.768191214269284
2023-05-05,319.5,33.91312461413028,-2.233817055502186,-2.8264903134952126,0.5926732579930265,322.10096124262805,318.979038757372,0.973957223827307,321.60166666666663,320.3880806742443,2018.0,56.08082587542338,3.812227015384943
2023-05-08,319.0,32.42508436895562,-2.1904597932112324,-2.699284209438417,0.5088244162271844,322.1760011865318,318.80399881346824,1.0521396527390987,321.5183333333333,320.1357023698362,2021.49,56.82252503580296,3.822055264791015
2023-05-09,318.5,30.96202833819436,-2.1714139632886145,-2.5937101602084565,0.422296196919842,322.28594303737896,318.494056962621,1.1835219809475763,321.385,319.83830193895693,2034.56,59.575801868096256,4.006630675160217
2023-05-10,316.1,25.10621736491721,-2.3231995499498908,-2.5396080381567434,0.2164084882068526,322.7833517583871,317.5066482416129,1.6482229979459948,321.105,319.1586106773284,2030.185,58.237113066448245,4.111393376260746
2023-05-11,313.25,20.21651667827537,-2.6429951001836685,-2.560285450562129,-0.0827096496215396,323.72263240648806,315.7923675935119,2.480087195132604,320.68,318.084317826905,2015.12,53.7576517971952,3.8701567980381073
2023-05-12,312.5,19.159028407561976,-2.9232566270029,-2.632879685850283,-0.2903769411526165,324.35497697864105,314.3100230213589,3.145609656794136,320.2133333333333,317.0689873129223,2011.06,52.58378353615858,3.871606674323548
2023-05-15,313.25,23.47009835306005,-3.049692220641873,-2.7162421928086014,-0.3334500278332717,324.658912075675,313.331087924325,3.551097713553504,319.7883333333333,316.3746259833,2016.46,54.02186288943477,3.8429903604366
2023-05-16,309.375,18.099570810122074,-3.423113928243424,-2.857616539895566,-0.565497388347858,325.48214502671186,311.44535497328815,4.4076570892051965,319.2675,315.1019667136091,1988.92,46.30807729831116,3.9384759109301086
2023-05-17,305.5,14.52117430796534,-3.985787756954096,-3.083250783307272,-0.902536973646824,326.69950436282954,308.7779956371704,5.640328328118343,318.7008333333333,313.356154583862,1981.57,44.482519969466,4.06722653654493
2023-05-18,307.0,21.029777310770868,-4.261548873386118,-3.3189104013230413,-0.9426384720630772,327.1210288413683,307.0564711586317,6.327741896467964,318.18416666666667,312.2004901140689,1957.53,39.05888584248192,4.612414747413503
2023-05-19,307.0,21.029777310770868,-4.429036370609083,-3.5409355951802497,-0.8881007754288333,327.2839387374522,305.5935612625477,6.854526341955433,317.7425,311.25494645696546,1976.33,44.733911149864326,4.682799587553407
2023-05-22,305.5,19.32337444641378,-4.629443539423505,-3.758637184028901,-0.8708063553946039,327.4146204270647,304.01287957293533,7.412328685123579,317.25916666666666,310.208592555699,1971.82,43.68298287925931,4.8559520386581
2023-05-23,305.0,18.7764543129714,-4.773586551578205,-3.961627057538762,-0.811959494039443,327.1144838901882,302.63801610981176,7.773361052278928,316.7425,309.2615757273901,1975.03,44.679163562087005,5.011434286103638
2023-05-24,303.5,17.203342091952933,-4.95177738387514,-4.159657122806038,-0.7921202610691012,326.6825546759138,301.2199453240861,8.110370432297284,316.15916666666664,308.21401650422825,1957.36,40.43871305741104,5.3665866856989926
2023-05-25,302.5,16.22726340429861,-5.114727154092066,-4.350671129063244,-0.7640560250288218,326.0740883235914,299.8784116764086,8.369860859149163,315.5425,307.17510441255035,1940.86,36.91543415813813,5.962308777282035
2023-05-26,297.25,12.286061551615248,-5.6029102828478585,-4.601118959820167,-1.0017913230276916,326.01898607502466,297.55851392497533,9.128126704394989,314.75083333333333,305.37053997390484,1947.59,39.24072913705086,6.364695481553814
2023-05-29,297.0,12.13491937359558,-5.941482132638328,-4.8691915943838,-1.0722905382545278,325.5390549718367,295.6384450281633,9.62707436881517,313.9841666666667,303.848623615013,1943.385,38.29102667141022,6.762215136587405
2023-05-30,294.5,10.71532860387245,-6.338465979253272,-5.163046471357694,-1.1754195078955778,324.96661180130604,293.5608881986939,10.154996698647086,313.13416666666666,302.1488738668288,1959.43,43.87291786896171,6.859088451798684
2023-05-31,290.25,8.825224810495072,-6.916291318005676,-5.51369544068729,-1.4025958773183858,324.80281183095406,290.7946881690459,11.048817989646857,312.1425,299.9854422546781,1962.93,45.0407669302118,6.6245828064891255
2023-06-01,294.0,21.91351859250612,-6.991040044173417,-5.809164361384516,-1.1818756827889008,323.65071320866315,289.39678679133675,11.174966513141772,311.2758333333333,298.8971800265548,1977.58,49.753514764614486,5.989206425402985
2023-06-02,291.0,19.50164644373432,-7.209250128274334,-6.089181514762481,-1.1200686135118536,322.41149440263285,287.78600559736714,11.348944826966914,310.30916666666667,297.4613291126357,1948.75,42.10229002823344,5.982100539197665
2023-06-05,290.25,18.94039698474533,-7.357884808088215,-6.342922173427628,-1.0149626346605878,320.8924315831326,286.4300684168674,11.348949912530877,309.3175,296.15017836488374,1961.89,46.16579593053953,5.735823149349142
2023-06-06,292.0,24.40711938179375,-7.250884801582345,-6.524514699058571,-0.7263701025237737,318.8604857993003,285.8120142006996,10.931031789473051,308.3258333333333,295.3956004803594,1963.36,46.6171814901668,5.133106871349648
2023-06-07,291.5,23.91094321978332,-7.124307761709304,-6.644473311588718,-0.4798344501205855,316.99950230249846,285.2129976975015,10.55657416775538,307.30916666666667,294.6873094839304,1940.01,40.7695556505504,4.651674717622775
2023-06-08,295.0,34.02209469677524,-6.66474674458135,-6.648527998187245,-0.016218746394105,315.2678326835622,285.11966731643787,10.04290241456536,306.40916666666664,294.744162305034,1965.7,48.43366561752768,4.15207313860684
2023-06-09,296.0,36.61382381825683,-6.148968207007215,-6.54861603995124,0.3996478329440247,313.4305499826076,285.30695001739235,9.394300495698117,305.5758333333333,294.9724964313914,1960.04,46.99099112826862,3.629372848552989
2023-06-12,300.5,46.750661641972144,-5.315820142446171,-6.302056860450227,0.986236718004056,311.29416044109047,286.1683395589095,8.41084449055161,304.8925,295.9774970802293,1957.49,46.3215497895456,2.7242195070124606
2023-06-13,307.0,57.35848144448845,-4.083971144371958,-5.858439717234573,1.7744685728626148,310.81032255162205,286.414677448378,8.169666408219374,304.42583333333334,297.9815885201876,1943.6,42.74905814907982,2.529287118593351
2023-06-14,315.0,66.26574584705216,-2.434129665602996,-5.173577706908257,2.7394480413052618,312.9477624434338,285.22723755656614,9.26836624294485,304.2741666666667,301.0758451528808,1941.97,42.33641723708847,2.4269125518840347
2023-06-15,306.0,52.88251451955403,-1.8317281689537597,-4.505207799317359,2.673479630363599,312.7900224959228,285.28497750407723,9.197858125434294,303.82416666666666,301.97114603417515,1958.045,47.69821361561914,2.426943475209854
2023-06-16,307.5,54.530764134546295,-1.219228669653603,-3.848011973384608,2.6287833037310047,312.8745192224331,285.2504807775669,9.236878058889426,303.4241666666667,302.97639220977965,1955.66,46.99993611735477,2.2652766711006094
2023-06-19,306.5,53.19477394344785,-0.8052278805192827,-3.239455154811543,2.4342272742922604,313.02425312463754,285.2007468753625,9.302020560583411,303.0075,303.61704817163786,1950.35,45.40614505753741,2.1652399158243774
2023-06-20,307.0,53.804197018559535,-0.4318058619038538,-2.677925296230005,2.246119434326152,313.3194796555061,285.10552034449387,9.42940529256372,302.62416666666667,304.23213032224913,1936.325,41.411752358654425,2.1260542039272314
2023-06-21,307.0,53.804197018559535,-0.1343178887789236,-2.169203814739789,2.0348859259608654,313.78669702625336,284.9883029737466,9.61910368753096,302.3208333333333,304.73537935456744,1932.7,40.42196172931416,2.3131725966462264
2023-06-22,307.0,53.804197018559535,0.1002874222309628,-1.7153055673456388,1.8155929895766016,314.3361841517626,284.8888158482374,9.828484560398913,302.1125,305.1471285628279,1913.77,35.63243581351195,2.852289200544079
2023-06-23,307.75,54.90422989283874,0.3427811853044886,-1.3036882168156134,1.646469402120102,315.23093814380496,285.044061856195,10.057682324804448,301.95416666666665,305.620377915041,1919.15,37.88505406004829,3.1900404743746065
2023-06-26,308.0,55.28644318840836,0.5488058579654194,-0.933189401859407,1.4819952598248265,316.0822028227527,285.2927971772473,10.239669306341447,301.77916666666664,306.0530364759426,1923.145,39.57607371731394,3.3966938384964065
2023-06-27,308.5,56.08806085035812,0.743853041868249,-0.5977809131138758,1.3416339549821248,316.8660940899319,285.9089059100681,10.27155677652982,301.75,306.4979389348621,1913.765,37.02722286769445,3.6957281894514873
2023-06-28,307.75,54.5094474621817,0.8283617695201428,-0.3125523765870721,1.140914146107215,317.0885539254678,287.43644607453217,9.810051809581289,301.825,306.7255864012508,1907.425,35.36913603419332,3.998610877760116
2023-06-29,307.75,54.5094474621817,0.8851322909623036,-0.0730154430771969,0.9581477340395006,317.45137924477814,288.44862075522184,9.573447265078826,301.85,306.9118434192052,1908.235,35.76490247275031,3.9648950674047017
2023-06-30,307.75,54.5094474621817,0.9195236420526952,0.1254923739487815,0.7940312681039139,317.33489366080755,290.2401063391925,8.91899348117189,301.875,307.06423552480425,1920.185,41.46021659402763,4.042017447766337
2023-07-03,307.75,54.5094474621817,0.9359895308893442,0.287591805336894,0.6483977255524502,316.7850770775398,292.5399229224602,7.95803689495084,301.95,307.1889199748398,1921.59,42.11010850631071,3.958014239144812
2023-07-04,307.0,52.52116341646608,0.8783945488565337,0.405752354040822,0.4726421948157117,316.0770147569356,294.7479852430644,6.983679290753065,302.01666666666665,307.15457088850525,1925.895,44.15584303375557,3.776883910629665
2023-07-05,307.0,52.52116341646608,0.8232600808951815,0.4892538994116939,0.3340061814834876,314.7386329659234,297.6363670340766,5.585553274332484,302.1333333333333,307.1264670905952,1915.235,40.35313844087053,3.8695573607126152
2023-07-06,310.0,59.39251402622836,1.0099979184651602,0.5934027032223872,0.416595215242773,313.91939623246475,299.95560376753525,4.549392780266177,302.3833333333333,307.6489276195779,1910.925,38.8946628391273,3.683191876810505
2023-07-07,310.5,60.42063517708252,1.1846785841570977,0.7116578794093293,0.4730207047477683,312.6881218521602,302.63687814783987,3.2669706916898598,302.825,308.1673044160182,1924.845,45.718383945052295,3.4193347890633685
2023-07-10,311.5,62.46737128982824,1.3878081246945726,0.846887928466378,0.5409201962281946,312.302961465521,304.122038534479,2.6543125055090258,303.30833333333334,308.77324906765125,1925.345,45.95185784948176,3.143729235089559
2023-07-11,314.0,67.05424876100017,1.7305699228400044,1.0236243273411034,0.706945595498901,313.32137329111777,303.80362670888223,3.0845441627662247,303.9583333333333,309.7235674189874,1932.225,49.19029426411768,3.0594099840878077
2023-07-12,315.0,68.70191987927221,2.059165976397366,1.2307326571523562,0.8284333192450104,313.32137329111777,303.80362670888223,3.0845441627662247,304.78333333333336,310.6829187973533,1957.425,58.90338493096085,3.293629533394696
2023-07-13,317.625,72.57871545116004,2.5025484573736776,1.4850958171966206,1.017452640177057,315.1776516192607,303.1098483807393,3.903621935918607,305.5708333333333,311.9451153796527,1960.475,59.90249221513769,3.3432181008548305
2023-07-14,319.0,74.36960412829406,2.9310954329833407,1.7742957403539648,1.156799692629376,317.06546482711286,302.37203517288714,4.744120158765242,306.50416666666666,313.22782167426124,1954.535,56.9963019717532,3.323412735390356
2023-07-17,322.5,78.26149381480052,3.51265109270048,2.121966810823268,1.390684281877212,319.5749202032881,301.4625797967119,5.832929704430476,307.57916666666665,314.91367227894096,1954.935,57.14707299070292,3.3960167014845304
2023-07-18,322.75,78.51247904704643,3.948198676892503,2.487213184037115,1.4609854928553876,321.6492654573474,300.9632345426526,6.644913462127668,308.6041666666667,316.33845913731534,1978.805,65.02699808347778,4.089667300871397
2023-07-19,324.0,79.77014670443597,4.34416104425793,2.858602756081278,1.4855582881766525,323.6716947917104,300.6408052082896,7.378000467208599,309.6875,317.7314665668944,1977.01,64.0728574142938,4.603321191400169
2023-07-20,325.0,80.74128601284943,4.68465394126207,3.223812993117437,1.4608409481446332,325.5878288610587,300.52467113894124,8.005959862522301,310.6875,319.05301810018625,1969.53,60.11445926247186,4.799799277356591
2023-07-21,327.5,82.94549428927225,5.097465710239476,3.598543536541845,1.4989221736976308,327.79994746699424,300.28755253300574,8.760688577304437,311.7375,320.58883299106145,1962.5,56.57675267668677,4.8843180896366
2023-07-24,330.0,84.81690970821599,5.562233156472587,3.991281460527994,1.5709516959445935,330.24368273994764,300.0438172600524,9.582885740204356,312.72083333333336,322.2999542654139,1954.855,52.92885842266763,4.894212121702321
2023-07-25,331.0,85.50220492121139,5.942752002877796,4.381575568997954,1.561176433879842,332.5291841501372,300.0083158498628,10.28266886952138,313.5208333333333,323.88178076261136,1965.015,56.905588211358186,4.8726327510925005
2023-07-26,329.0,77.92659025470681,6.013611475099822,4.707982750218328,1.305628724881494,333.9982598923278,300.66424010767224,10.504486962647244,313.9875,324.8123660785002,1972.295,59.54305381205742,4.775923501591725
2023-07-27,329.0,77.92659025470681,6.000596970714241,4.966505594317511,1.0340913763967308,335.19093633435244,301.5965636656476,10.5512035549394,314.75416666666666,325.5737540642274,1945.645,47.96918180866106,4.452972918445637
2023-07-28,329.0,77.92659025470681,5.922017550233079,5.157607985500625,0.7644095647324542,336.1136948446021,302.798805155398,10.428623540533067,315.47083333333336,326.1967078707315,1959.135,52.95421142267578,4.302631513352482
2023-07-31,318.0,48.44266385977529,4.915472220223762,5.109180832445253,-0.1937086122214903,335.76231573896354,304.17518426103646,9.871942643751014,315.8541666666667,324.7063973487803,1965.575,55.16274838580141,4.168265362605384
2023-08-01,318.0,48.44266385977529,4.070851551752355,4.901514976306673,-0.8306634245543183,335.19404279949686,305.8434572005032,9.15721329844001,316.22083333333336,323.48705237627473,1944.175,47.22858025228659,4.015834304505343
2023-08-02,314.5,42.50777316339204,3.083517961904306,4.5379155734262,-1.4543976115218935,334.51342212347515,307.27407787652487,8.488586719732085,316.47083333333336,321.8530428533157,1934.895,44.255916877414485,3.726516484222072
2023-08-03,318.0,49.20902502488873,2.5540284774148176,4.141138154223923,-1.5871096768091055,334.052882758576,308.534617241424,7.94234731212544,316.8375,321.15248960725825,1934.165,44.02119034066193,3.300734297684549
2023-08-04,320.5,53.38827751807655,2.309510750508025,3.774812673480744,-1.4653019229727189,333.5674694102361,310.0200305897639,7.317556298241394,317.2625,321.03385513321126,1941.515,47.06543371671175,3.0701610841368243
2023-08-07,322.5,56.473858178416286,2.251161981558198,3.470082535096235,-1.218920553538037,333.1288308411885,311.5586691588115,6.691664312516385,317.74583333333334,321.3004269271728,1936.645,45.3073066436432,2.8801263206058207
2023-08-08,320.0,51.85312019525988,1.980362667064128,3.1721385614898137,-1.1917758944256858,332.79919035239107,312.48830964760896,6.295141531420369,318.12916666666666,321.06398566768684,1925.305,41.42671887600102,3.0091910983073507
2023-08-09,320.0,51.85312019525988,1.7456297264540694,2.886836794482665,-1.1412070680285955,332.51640393490663,313.2710960650934,5.960260262025278,318.5375,320.8705337281074,1914.785,38.1612937987363,3.495082762092379
2023-08-10,320.0,51.85312019525988,1.5418289356460946,2.617835222715351,-1.0760062870692564,332.4285434897559,313.5964565102441,5.830141861231938,318.9458333333333,320.71225486845145,1912.375,37.43334010723593,3.908124156008624
2023-08-11,319.75,51.328581900809496,1.3446422313305677,2.3631966244383946,-1.0185543931078271,332.40761721812635,313.6923827818737,5.793293433292887,319.34583333333336,320.5372994378239,1913.705,38.13470980504249,4.230247236402266
2023-08-14,321.25,54.31474995540189,1.2944857851421716,2.14945445657915,-0.8549686714369784,332.3756241470793,313.5993758529207,5.813304940333194,319.7958333333333,320.66688135821954,1907.495,36.09985188753972,4.592899680080274
2023-08-15,320.5,52.577761140607,1.180608389579902,1.9556852431793008,-0.7750768535993986,332.32552908576946,313.42447091423054,5.853986270705047,320.24583333333334,320.6365392930887,1901.985,34.34852805635377,4.722774325341094
2023-08-16,321.5,54.65978743101262,1.1577060609816954,1.7960894067397797,-0.6383833457580843,332.20383520064604,313.296164799354,5.858302215737283,320.7291666666667,320.7935321488907,1892.12,31.410437378287497,4.929409867604297
2023-08-17,322.0,55.70690364482532,1.1664554495616812,1.67016261530416,-0.5037071657424788,332.0013296932388,313.19867030676124,5.828474701325963,321.12916666666666,321.01288994000146,1889.38,30.626832195078933,5.151269118055655
2023-08-18,323.5,58.78229953326175,1.279675563696344,1.592065204982597,-0.312389641286253,331.5424832513367,313.25751674866325,5.671515664600949,321.5625,321.46509176909206,1889.48,30.694787495415557,5.336184961192108
2023-08-21,323.75,59.289644453724144,1.3737406039591633,1.5484002847779104,-0.174659680818747,330.5731864778856,313.6018135221144,5.269180876554118,321.97083333333336,321.8805296292571,1894.68,34.298853886517136,5.4348450672880135
2023-08-22,324.0,59.82223083914421,1.4517261414418954,1.5290654561107075,-0.0773393146688121,329.2449546286321,314.2300453713679,4.666819769925547,322.3041666666667,322.2658878784831,1897.45,36.20209754802112,5.283637691874903
2023-08-23,323.5,58.18279500234139,1.4563959939831648,1.514531563685199,-0.0581355697020342,328.25454497930986,314.6704550206901,4.225715272736247,322.5875,322.49027190057706,1915.605,47.03224107778493,4.760024061356093
2023-08-24,323.5,58.18279500234139,1.4434576050171586,1.500316771951591,-0.0568591669344324,327.1286173192395,315.2463826807605,3.6994698232275423,322.78333333333336,322.6738588277448,1916.83,47.67765676405868,4.6147798246786
2023-08-25,323.5,58.18279500234139,1.4168710312685562,1.483627623814984,-0.0667565925464279,325.7968500080325,316.02814999196755,3.044038489016458,322.93333333333334,322.82406631360936,1914.355,46.44624768885432,4.211847317669689
2023-08-28,324.0,59.56675786552005,1.4197804560380405,1.4708581902595954,-0.0510777342215549,326.0814706305304,316.3435293694696,3.0316196477599,322.9833333333333,323.03787243840765,1920.235,49.76575860764834,3.529468586771558
2023-08-29,321.0,49.07266282334971,1.1665638463156824,1.4099993214708129,-0.2434354751551304,326.0059766071305,316.7190233928695,2.8898683618222645,322.925,322.667350176879,1937.465,57.98420008385388,3.419970865644632
2023-08-30,321.0,49.07266282334971,0.9548805897376268,1.3189755751241756,-0.3640949853865487,325.11487144193177,318.26012855806823,2.1308701406997588,322.825,322.36419559926463,1942.58,60.07256356243808,3.535113129051974
2023-08-31,319.0,43.18966159137959,0.6186058948147775,1.1789016390622962,-0.5602957442475187,324.97198218436426,318.50301781563576,2.010634249575665,322.625,321.7525236721256,1940.095,58.54996460309859,3.614435196730584
2023-09-01,319.0,43.18966159137958,0.3480931749200522,1.0127399462338476,-0.6646467713137953,325.0730534742868,318.25194652571327,2.120578851614197,322.34166666666664,321.2520648226481,1940.585,58.77186466649852,3.5999761613549355
2023-09-04,320.75,49.3514116749389,0.2717872755732742,0.864549412101733,-0.5927621365284588,324.9849120224676,318.1650879775324,2.1207569136080906,322.03333333333336,321.16078030943936,1938.355,57.26925047523105,3.622843980927797
2023-09-05,321.5,51.76597238308548,0.2687352202379998,0.7453865737289864,-0.4766513534909866,324.98316666264515,318.3168333373548,2.072542616287996,321.71666666666664,321.222456616814,1926.115,49.75063487268785,3.627857564889738
2023-09-06,321.5,51.76597238308548,0.2632814991606551,0.6489655588153203,-0.3856840596546651,324.9726914879603,318.47730851203977,2.0189239182284577,321.46666666666664,321.2729190501205,1916.565,44.80779447826687,3.628059986918207
2023-09-07,322.5,55.077602429968856,0.3357803615739954,0.5863285193670552,-0.2505481577930598,325.0138584040646,318.68614159593545,1.9660453031316265,321.25,321.4960246773713,1919.705,46.68344115247806,3.629497217668037
2023-09-08,321.5,51.28560159494265,0.3089828280052415,0.5308593810946926,-0.2218765530894509,324.9577441955859,318.9172558044141,1.8762922589545596,321.0,321.49674746330373,1919.255,46.43986666610697,3.63097730361908
2023-09-11,321.75,52.17214297572182,0.3044094575112126,0.4855693963779966,-0.181159938866784,324.96780780469663,318.9571921953033,1.866868225148368,321.125,321.54279337906667,1922.415,48.47298731332909,3.6166990038297255
2023-09-12,322.5,54.828070663117664,0.3571863386624727,0.4598927848348919,-0.1027064461724191,324.99880294775096,319.12619705224904,1.82343672284166,321.275,321.71683094650905,1913.425,43.4229132148384,3.550700541292975
2023-09-13,323.0,56.55995549997071,0.4343512872719657,0.4547844853223066,-0.0204331980503409,325.08908855550214,319.18591144449783,1.8325023044520776,321.55833333333334,321.9501344107801,1908.245,40.78618252081446,3.3713272819021887
2023-09-14,324.0,59.87352482074395,0.5696303633931734,0.47775366093648,0.0918767024566933,325.297218124431,319.177781875569,1.899045346634712,321.7583333333333,322.3228372451838,1910.635,42.52043806819316,3.103216261770496
2023-09-15,323.125,55.85850370657711,0.5993261596318007,0.5020681606755442,0.0972579989562565,325.25177138979785,319.18572861020215,1.8825852870435704,321.84583333333336,322.46868501878674,1922.505,50.3050937555477,2.7573863321255967
2023-09-18,324.625,60.72121954722778,0.7354202887687507,0.5487385862941855,0.1866817024745651,325.4058461471769,319.1191538528231,1.9507985863554616,321.9166666666667,322.8607422880982,1933.755,56.34031314944879,2.5100071578636447
2023-09-19,324.5,60.12678605814678,0.8236943752576167,0.6037297440868717,0.2199646311707449,325.49306157341766,319.0819384265824,1.989255911828811,322.06666666666666,323.1587891448076,1931.435,54.860651912675344,2.2217098939484097
2023-09-20,324.5,60.12678605814678,0.8834681538428413,0.6596774260380657,0.2237907278047756,325.6466728575237,319.0283271424762,2.0532347973932765,322.21666666666664,323.40264566393347,1930.405,54.18032358019719,2.193750651080322
2023-09-21,324.0,57.51479481858194,0.8803454088160265,0.7038110225936579,0.1765343862223686,325.7137124672978,319.0112875327022,2.0791577601599345,322.35,323.5112555432183,1920.11,47.79978490367988,2.1713154164493726
2023-09-22,324.5,59.41355210264934,0.9077524272842652,0.7445993035317794,0.1631531237524858,325.8586028715017,318.9663971284984,2.137698055442449,322.5083333333333,323.6910272626331,1925.415,51.001912273499016,2.1059531001452694
2023-09-25,324.5,59.41355210264934,0.9188804055452806,0.7794555239344796,0.139424881610801,325.9361604580857,318.9388395419143,2.170132480301256,322.6166666666667,323.8381132148816,1915.995,45.64726056728228,2.1395503964559808
2023-09-26,323.75,55.127470601396766,0.8572982756296597,0.7950240742735157,0.0622742013561439,326.0529663599541,319.0970336400458,2.156376879766979,322.725,323.8220926303577,1900.665,38.55338980301543,2.3460541723462547
2023-09-27,324.0,56.26017192355463,0.8192234071700568,0.7998639408528241,0.0193594663172327,326.17699217857944,319.2730078214206,2.139277823893046,322.80833333333334,323.8544394248381,1875.06,30.130786750123605,3.0740121328539485
2023-09-28,324.0,56.26017192355462,0.7800567904889704,0.7959025107800534,-0.015845720291083,326.01082772913327,319.9391722708668,1.8799149959800263,322.875,323.8809049839585,1864.94,27.567368395126763,3.8430865314573217
2023-09-29,324.0,56.26017192355463,0.7404811587247195,0.7848182403689866,-0.044337081644267,325.6778045174811,320.7721954825189,1.5177071807447258,322.89166666666665,323.90255862323875,1848.49,23.99397168594686,4.7828888180141655
2023-10-02,324.175,57.20463222896392,0.7149961918584609,0.7708538306668815,-0.0558576388084206,325.59950185827137,321.19299814172865,1.3625710615205695,322.9058333333333,323.9520934190135,1827.89,20.423664441997687,5.982537676689568
2023-10-03,324.0,55.90464462083569,0.6729211187653732,0.75126728828658,-0.0783461695212067,325.5573169809652,321.4851830190348,1.258691341582779,322.9058333333333,323.96080370646564,1822.975,19.671551522481096,7.032920805593651
2023-10-04,323.625,53.11893846118021,0.6023731712563176,0.7214884648805275,-0.1191152936242099,325.4400879291712,321.8149120708288,1.1201692867084363,322.91,323.89974848710824,1821.25,19.40150716235462,7.906610417285391
2023-10-05,324.05,55.80667349346118,0.5741390451879624,0.6920185809420145,-0.117879535754052,325.449391011493,321.9606089885071,1.0777658741712055,322.92833333333334,323.92706694399766,1820.255,19.23746218397449,8.580861218282958
2023-10-06,324.0,55.40423663675633,0.5414867920553093,0.6619122231646735,-0.1204254311093642,325.2531654861533,322.4068345138468,0.8789583955490633,322.945,323.94032749963446,1829.385,25.465049424800316,8.950658258045504
2023-10-09,323.7,52.937564094639306,0.4858021288653162,0.626690204304802,-0.1408880754394857,324.9883840657576,322.8666159342424,0.6550132765866381,322.935,323.89663159061,1861.505,42.31690894229927,8.869385405665092
2023-10-10,323.7,52.937564094639306,0.4366383371482243,0.5886798308734866,-0.1520414937252623,324.8324112385207,323.1425887614793,0.5215702695447785,323.025,323.86088039231726,1860.5,41.9969598197228,8.826905372872792
2023-10-11,323.75,53.339114085602105,0.3971323654365051,0.5503703377860903,-0.1532379723495852,324.7492237230157,323.30077627698427,0.4470171888068585,323.1166666666667,323.84072032098686,1874.35,47.8488876035702,8.742544931906492
2023-10-12,323.625,52.14134758712567,0.3516831583639259,0.5106329019016574,-0.1589497435377315,324.75121224802245,323.2612877519776,0.4598443690653696,323.2708333333333,323.8014984444437,1868.81,45.855972565339904,8.633380267209018
2023-10-13,323.625,52.14134758712567,0.3120670199638766,0.4709197255141013,-0.1588527055502246,324.68410431068406,323.37839568931594,0.4029576225651464,323.425,323.7694078181812,1928.23,63.44307142756502,8.70313399639075
2023-10-16,323.95,55.17646294487779,0.3033983415027705,0.4374154487118352,-0.1340171072090646,324.5911960510048,323.40380394899535,0.3664818716222889,323.53166666666664,323.80224276033005,1920.185,60.57421050686859,8.530308403481513
2023-10-17,324.25,57.83469309401071,0.3170807348280391,0.413348505935076,-0.0962677711070368,324.5454462516411,323.4245537483589,0.3459704934741487,323.6233333333333,323.8836531675427,1923.145,61.26818497023548,8.42092025695985
2023-10-18,324.575,60.56325791288535,0.3501130289167236,0.4007014105314055,-0.0505883816146819,324.56374456604266,323.4137554339574,0.354947241867268,323.7258333333333,324.0093525916258,1947.735,66.53769720077636,8.700277084561755
2023-10-19,324.75,61.98959089383622,0.3859632533005879,0.397753779085242,-0.0117905257846541,324.69022948084165,323.3622705191584,0.4098306731887597,323.80083333333334,324.1440157567848,1974.385,71.12309100566108,9.601327175727493
2023-10-20,325.75,68.90941978838671,0.4894246740765879,0.4160879580835113,0.0733367159930766,325.07597781108467,323.10152218891534,0.6092330024319974,323.9425,324.4360128919148,1979.84,71.96979065769276,10.453694547688592
2023-10-23,326.15,71.17030027561208,0.5968155345240689,0.4522334733716228,0.144582061152446,325.4991501283904,322.8433498716096,0.819258418746518,324.08916666666664,324.7476469115666,1972.85,69.171003592364,11.145493602036067
2023-10-24,327.5,77.19721593405252,0.7818446641108494,0.5181557115194682,0.2636889525913812,326.3089599248491,322.4085400751509,1.202501813099912,324.2558333333333,325.24807474582724,1971.12,68.46139482505475,11.786245777156532
2023-10-25,326.5,66.1634437761488,0.8381285159055665,0.5821502723966878,0.2559782435088786,326.63597414050685,322.3315258594931,1.3265528030336555,324.3725,325.4756975193132,1979.565,70.07524683246216,12.428807440222418
2023-10-26,326.75,67.4172621780988,0.8926172486118844,0.6442436676397272,0.2483735809721572,326.9742945705471,322.26820542945296,1.449716905807657,324.46416666666664,325.7073888794381,1984.87,71.07649684561221,12.956087560930769
2023-10-27,327.4,70.48008336148143,0.9769874266739292,0.7107924194465676,0.2661950072273618,327.41581067771,322.1666893222901,1.616152330279803,324.6066666666666,326.01513635590385,2007.33,74.90484087996516,13.511460712999943
2023-10-30,327.25,68.87116472681308,1.0199898462191754,0.7726319048010891,0.2473579414180863,327.76047509329817,322.129524906702,1.732893316283136,324.6941666666666,326.23965701846674,1995.14,69.52603160964641,13.412552001794618
2023-10-31,327.75,71.22886250295578,1.0819434245383943,0.8344942087485503,0.2474492157898442,328.16256188071844,322.10243811928166,1.8638935699866312,324.80249999999995,326.514264833291,1984.69,65.2034415886693,12.893999943854704
2023-11-01,327.75,71.22886250295578,1.1181527132553128,0.8912259096499029,0.2269268036054099,328.48944337622424,322.18805662377576,1.9368694176296184,324.9108333333333,326.7389439545108,1983.925,64.8854076479584,12.093078680800492
2023-11-02,329.0,76.40938829535645,1.2334944327542985,0.959679614270782,0.2738148184835164,329.0547682356424,322.1177317643576,2.1306294326879103,325.0775,327.15004505369063,1985.0,65.14270090020986,10.982485836965589
2023-11-03,328.75,73.55670377065601,1.2898619402506029,1.025716079466746,0.2641458607838567,329.4711626104658,322.17633738953424,2.23888688928648,325.21916666666664,327.4409459530196,1992.57,66.97763726577134,9.785460318933993
2023-11-06,326.75,55.65526465142316,1.159781076434342,1.0525290788602657,0.1072519975740766,329.5089711538679,322.4435288461322,2.167471497612381,325.2941666666666,327.31531941610695,1977.99,60.38440474438124,8.895348372701427
2023-11-07,327.75,60.79312820771629,1.124421071148788,1.06690747731797,0.057513593830818,329.62970186158634,322.72779813841373,2.1159881577731867,325.42749999999995,327.39435224954207,1969.13,56.72979771446354,7.682702541837492
2023-11-08,328.5,64.14816887143033,1.143732507792322,1.0822724834128403,0.0614600243794813,329.8193836663415,323.0131163336586,2.085149661722682,325.5775,327.5953791132617,1950.28,49.82116519906181,6.547106713880188
2023-11-09,327.25,55.607320745649695,1.0461134623387809,1.0750406791980285,-0.0289272168592478,329.7646319835124,323.43036801648765,1.93947105137815,325.6858333333333,327.53258291085046,1958.435,52.51537354664788,4.785752330672249
2023-11-10,327.125,54.821270130123686,0.947738273310108,1.0495801980204444,-0.1018419247103363,329.6354923159149,323.9095076840852,1.752284733822387,325.79,327.45847692705945,1936.025,45.31499805158534,4.6575177562586765
2023-11-13,326.75,52.42696657794783,0.8299487289336867,1.005653904203093,-0.1757051752694063,329.4669324224744,324.3580675775257,1.562762159583588,325.87583333333333,327.3296629403214,1946.21,48.754000717896574,4.204815244523854
2023-11-14,327.75,57.72882202520263,0.8079774479671187,0.9661186129558982,-0.1581411649887795,329.35137389246586,324.8236261075341,1.3842619436486452,326.00083333333333,327.4060878602629,1963.125,53.935187410249846,3.5915971910055107
2023-11-15,328.65,61.8497208431868,0.853350632987997,0.943565016962318,-0.090214383974321,329.33693295466065,325.2455670453393,1.2500688329802052,326.1683333333333,327.63225370385146,1959.395,52.6705709951256,3.4563863953321823
2023-11-16,328.0,57.490590074657966,0.8273227792807916,0.9203165694260128,-0.0929937901452211,329.15318189065925,325.7543181093408,1.0379675851378956,326.3,327.6991166667875,1981.27,58.77532020037607,3.472358092284288
2023-11-17,327.75,55.85989191836015,0.77755938644151,0.8917651328291123,-0.1142057463876022,329.0653943864183,326.04210561358167,0.922990126914017,326.425,327.7083681819171,1980.79,58.5967176278057,3.475841384615088
2023-11-20,328.0,57.16825203157298,0.7496529175624005,0.86334268977577,-0.1136897722133695,329.0234096679362,326.2690903320638,0.8406381381970415,326.5683333333334,327.7613921488412,1978.015,57.50870797020768,3.479404424091767
2023-11-21,328.45,59.4955593290752,0.7551432576991033,0.8417028033604368,-0.0865595456613335,329.1123650820397,326.2751349179604,0.8658176007565908,326.72666666666663,327.8865935763246,1998.41,62.95318033888848,3.631838066850559
2023-11-22,328.5,59.75720780712884,0.7548277890575719,0.8243278004998638,-0.0695000114422919,329.1418852866054,326.4456147133946,0.8225509404040706,326.885,327.99812201699285,1989.9,59.5258795850038,3.682224230193231
2023-11-23,328.5,59.75720780712884,0.7459786009303571,0.8086579605859625,-0.0626793596556054,329.17303897308767,326.5894610269124,0.7879614787900486,327.0475,328.0893725593578,1993.07,60.39093419783894,3.7386688938224193
2023-11-24,328.4,58.87505011421428,0.7225670877146513,0.7914397860117003,-0.068872698297049,329.22207096008344,326.6404290399165,0.7872509619522173,327.20666666666665,328.14585027583814,2002.445,62.91532876953413,3.662140918969392
2023-11-27,329.0,62.45625715339214,0.7438535991528852,0.7819225486399373,-0.038068949487052,329.34962142541684,326.6878785745832,0.8114605798704072,327.375,328.3011502256857,2014.02,65.8124398833119,3.943080685790258
2023-11-28,329.25,63.868106042209725,0.7719971212294467,0.7799374631578392,-0.0079403419283924,329.5211492962697,326.6663507037303,0.8701167250334381,327.5416666666667,328.4736683664701,2040.95,71.40877291491519,4.832299401619788
2023-11-29,328.5,56.949103649406645,0.725420141417942,0.7690339988098598,-0.0436138573919178,329.55996227018994,326.7025377298101,0.8708175586384528,327.6725,328.4784559362028,2044.205,72.00527366328622,5.590486944779908
2023-11-30,328.0,52.83939790278906,0.640775269583628,0.7433822529646135,-0.1026069833809855,329.45373633909094,326.7087636609091,0.8366746585432275,327.7808333333333,328.39146394780227,2036.195,68.23270631521044,6.052094186637341
2023-12-01,328.0,52.83939790278906,0.5671557800315554,0.708136958378002,-0.1409811783464465,329.3816471376721,326.7058528623279,0.8156821385391961,327.8558333333333,328.32028868456547,2070.895,74.47241217337152,7.103713992214421
2023-12-04,328.0,52.83939790278906,0.503013379043125,0.6671122425110266,-0.1640988634679016,329.30623697950904,326.90626302049094,0.7314624329826384,327.9175,328.2620543782808,2029.42,59.44343567910255,7.280355384901337
2023-12-05,327.9,51.903762340988905,0.4390498069975592,0.6214997554083332,-0.182449948410774,329.3065906226279,326.9209093773721,0.7270896892482549,327.9308333333334,328.1962263095025,2019.34,56.46119382007032,7.283269167044922
2023-12-06,326.85,43.24495142457317,0.3001717969106039,0.5572341637087874,-0.2570623667981835,329.32940975557364,326.7330902444264,0.7914854182786766,327.9425,327.9514578895929,2025.4,57.83090809919876,7.088094459750439
2023-12-07,326.65,41.81405855531798,0.1719890619773991,0.4801851433625098,-0.3081960813851106,329.3944903780364,326.6080096219636,0.8495335783241129,327.9391666666667,327.71482918239417,2028.64,58.5811623131226,6.943844789306536
2023-12-08,327.0,45.22945780038045,0.0975212319075353,0.4036523610715149,-0.3061311291639795,329.4049290765819,326.58507092341813,0.8597259571529292,327.9258333333334,327.58486024014064,2002.82,50.821271162471895,6.243734259491091
2023-12-11,327.0,45.22945780038045,0.038066137329622,0.3305351163231363,-0.2924689789935143,329.3769068062453,326.6380931937547,0.8349850575034463,327.9175000000001,327.4785220146605,1981.98,45.57391933015203,5.739667870320455
2023-12-12,326.875,44.15590468847834,-0.0189208015827375,0.2606439327419616,-0.2795647343246992,329.4166329102825,326.5108670897175,0.8860021330299358,327.8883333333334,327.36879073926764,1979.47,44.97164531269797,5.529329648817482
2023-12-13,326.75,43.05534423601282,-0.0733245764960202,0.1938502308943652,-0.2671748073903854,329.377132826404,326.36036717359593,0.9201138116420337,327.8550000000001,327.2562833321281,2027.56,56.76162061467421,5.112763098124944
2023-12-14,326.6,41.711805975041166,-0.1270788209267266,0.1296644205301469,-0.2567432414568735,329.4031560430548,326.1943439569453,0.9788969866753446,327.775,327.1369590899229,2036.38,58.51709315358391,5.024383161616832
2023-12-15,326.925,45.66781207252005,-0.1418198520798341,0.0753675660081507,-0.2171874180879848,329.4065982387324,326.1084017612676,1.0062916874411063,327.7141666666667,327.09842107357326,2018.145,53.66593740621218,4.787860590663602
2023-12-18,326.875,45.1600016287915,-0.1557415163499058,0.0291457495365393,-0.1848872658864452,329.3897015838454,326.0127984161545,1.0304822357836287,327.71833333333336,327.0577990601963,2027.29,55.651589499608015,4.4802395304477765
2023-12-19,327.0,46.75405427424369,-0.1549024611044842,-0.0076638925916653,-0.1472385685128189,329.30686464179,325.95063535821,1.024400112499278,327.6933333333334,327.0472901401606,2040.27,58.37805975660205,4.47498884231509
2023-12-20,326.8,44.52405557680739,-0.1684342273811125,-0.0398179595495547,-0.1286162678315577,329.2088982669689,325.8786017330311,1.016748612647265,327.63666666666666,327.002328296495,2031.275,55.817109139605215,4.269183100914007
2023-12-21,326.225,38.794993264191206,-0.2229855060607519,-0.0764514688517942,-0.1465340372089577,329.1287936899428,325.73120631005725,1.037653049471802,327.6025,326.86099587895046,2045.81,58.95079092142098,4.15691540065266
2023-12-22,325.4,32.36098827838599,-0.3289959323075777,-0.1269603615429509,-0.2020355707646268,329.132538798781,325.42746120121905,1.132081886324238,327.545,326.59536026459585,2053.335,60.512280081998725,4.187138953241915
2023-12-26,325.4,32.36098827838599,-0.4083032926741907,-0.1832289477691989,-0.2250743449049918,328.94864815500097,325.2513518449991,1.1303259889947688,327.5,326.37802203466936,2068.045,63.440010558588725,4.472605840412948
2023-12-27,324.0,24.39762237603442,-0.5774665716772915,-0.2620764725508174,-0.3153900991264741,328.8720454040123,324.80295459598767,1.2449889648600947,327.375,325.9456543920022,2077.675,65.25613444127632,4.894406584289438
2023-12-28,323.85,23.72400872922321,-0.7153869005637716,-0.3527385581534083,-0.3626483424103633,328.8755505942363,324.33444940576373,1.3903954894972723,327.215,325.5646263207291,2065.445,61.104693792995285,5.074028175666193
2023-12-29,323.9,24.4725770895446,-0.8113029770353251,-0.4444514419297917,-0.3668515351055333,328.8620113730416,323.9379886269584,1.5085854001480423,327.07833333333326,325.2619669896874,2063.235,60.357455852607856,5.2306437182516605
2024-01-02,321.75,16.82587217981832,-1.0487152537348834,-0.5653042042908101,-0.4834110494440733,329.16700888957723,323.0079911104227,1.888762304336876,326.8783333333333,324.62342753701694,2058.94,58.85121185023901,5.095214041285829
2024-01-03,322.75,28.0817632195656,-1.1429987724740729,-0.6808431179274627,-0.46215565454661,329.096696807619,322.5533031923809,2.008254006057876,326.70333333333326,324.2828043484684,2041.45,53.045875926975405,5.098773619509566
2024-01-04,322.7,27.878612916528724,-1.207830603138973,-0.7862406149697647,-0.4215899881692082,328.9599374075208,322.1700625924792,2.085566573508077,326.51166666666666,323.99502173965595,2043.56,53.64002100620378,5.060936208263131
2024-01-05,322.6,27.450888360712867,-1.252837529122644,-0.8795599978003407,-0.3732775313223032,328.9264299099148,321.7785700900853,2.1969586278972737,326.315,323.7413814233549,2043.805,53.71326021872208,5.0467507076194655
2024-01-08,322.425,26.67946485446538,-1.287782128920412,-0.961204424024355,-0.3265777048960571,328.8791396119312,321.40336038806885,2.2992404759046514,326.1125,323.50203934638125,2028.075,48.42385194493429,5.048630684696915
2024-01-09,322.5,27.618265434221016,-1.294501890825586,-1.0278639173846011,-0.2666379734409849,328.7206643768762,321.1118356231238,2.3417815371660824,325.9158333333333,323.3198503743119,2030.21,49.15570127325536,4.821788221767577
2024-01-10,322.875,32.286751431115945,-1.2550999733344952,-1.07331112857458,-0.1817888447599152,328.48734695268803,320.932653047312,2.326597242270364,325.7116666666667,323.23896848807334,2024.39,47.18993472667495,4.163784195907259
2024-01-11,322.6,30.721872079723155,-1.231863713495727,-1.105021645558809,-0.1268420679369177,328.243057808119,320.7494421918811,2.3093073082471336,325.49,323.12279239933275,2028.995,48.930192559905606,3.197822797550491
2024-01-12,322.15,28.30433076880979,-1.2355177695936277,-1.1311208703657731,-0.1043968992278545,327.9961385708531,320.5363614291469,2.3005098870777103,325.27833333333336,322.9459210539995,2047.59,55.331252573314615,3.12806741558236
2024-01-15,322.15,28.30433076880979,-1.2243006594755457,-1.1497568281877275,-0.0745438312878179,327.72076900334764,320.36673099665234,2.269458369956311,325.0833333333333,322.80120813509046,2054.815,57.55721536507947,3.1428699154579505
2024-01-16,321.525,25.120230613584283,-1.2514177309275285,-1.170089008735688,-0.0813287221918404,327.35667739962435,320.19082260037567,2.2132290833486894,324.86750000000006,322.5691702923467,2028.345,48.10006011479757,3.0047972004240298
2024-01-17,320.9,22.405798757810658,-1.3082596788635783,-1.197723142761266,-0.1105365361023122,326.96906639905114,319.9809336009489,2.1603316479178427,324.6308333333334,322.2656847846473,2006.26,41.91233829975842,3.358428803601009
2024-01-18,320.85,22.19913418812503,-1.3418736303364085,-1.2265532402762946,-0.1153203900601138,326.44214120186894,319.8928587981311,2.0265906700821814,324.3958333333333,322.008287551075,2023.17,47.48310637996165,3.474227657453511
2024-01-19,320.25,19.83484625793298,-1.4007805879822968,-1.261398709817495,-0.1393818781648017,325.8990194508987,319.78098054910134,1.8950684245438532,324.1758333333334,321.688598905425,2028.52,49.14483874129646,3.494546997625414
2024-01-22,319.95,18.75905040269581,-1.4549010751637184,-1.3000991828867396,-0.1548018922769787,325.4146091797032,319.63789082029683,1.7910847130757093,323.9525,321.3724900135296,2021.645,47.083113327477534,3.610807288974093
2024-01-23,319.85,18.40078828775883,-1.4887003050048406,-1.33781940731036,-0.1508808976944806,325.0443481025489,319.4531518974511,1.735055979301035,323.71416666666664,321.0956736474333,2029.26,49.60498164819965,3.612628388240971
2024-01-24,318.25,13.844809562385308,-1.6258512650797456,-1.395425778864237,-0.2304254862155086,324.80948041430497,318.97301958569506,1.8131778445701507,323.4225,320.57827843880904,2014.01,44.98171685294024,3.567969390029625
2024-01-25,318.25,13.844809562385308,-1.7147775014337867,-1.459296123378147,-0.2554813780556397,324.757766288952,318.4497337110481,1.96143004486231,323.135,320.1549550862983,2020.88,47.3618207229038,3.158078169853156
2024-01-26,317.6,12.398452614491376,-1.816759282036685,-1.530788755109855,-0.2859705269268302,324.7196707371578,317.8628292628422,2.1341513266594143,322.83,319.6904177978804,2018.66,46.659381466419866,2.920706538346193
2024-01-29,317.8,15.329494174753536,-1.8600013120584435,-1.5966312664995723,-0.263370045558871,324.51592686211825,317.4565731378817,2.1992698205099224,322.5366666666667,319.3467054709931,2032.865,51.60534314155797,2.5800801715830497
2024-01-30,316.95,13.293716996796649,-1.940490067066321,-1.6654030266129225,-0.2750870404533985,324.66668604092365,316.8258139590764,2.4445717079614298,322.20416666666665,318.9109408399034,2036.95,52.95626430959719,2.278997459840584
2024-01-31,315.85,11.217563754267942,-2.069186498288218,-1.7461597209479818,-0.3230267773402362,324.7469799445516,316.0555200554484,2.712679769227853,321.8366666666667,318.3544061417391,2039.57,53.84615043588786,2.2624141422488924
2024-02-01,313.25,8.026662706000536,-2.353843970062826,-1.8676965707709503,-0.4861473992918754,325.14061806730285,314.7168819326971,3.25814298796396,321.37833333333333,317.42633229778653,2054.99,58.78733523706816,2.440147998177359
2024-02-02,311.75,6.821142469355848,-2.669699892734513,-2.028097235163663,-0.6416026575708504,325.5456021372763,313.2268978627237,3.8569926772215775,320.8766666666667,316.3942718800071,2036.135,51.523655596358985,2.381888912258157
2024-02-05,312.55,14.220694504161727,-2.8229237649959487,-2.1870625411301203,-0.6358612238658283,325.56052257052045,312.22447742947963,4.181987704646804,320.4208333333333,315.6953133563694,2025.17,47.82301710592173,2.3904992176177653
2024-02-06,313.75,23.973488540840933,-2.8150743912407847,-2.312664911152253,-0.5024094800885317,325.2655176015461,311.644482398454,4.277224475386508,320.0325,315.3416200188477,2036.05,51.54212916210074,2.403689407497328
2024-02-07,313.0,22.26929944268896,-2.836673036973991,-2.417466536316601,-0.4192065006573902,324.8497998293159,311.07270017068413,4.332949269331327,319.6191666666667,314.9158709245117,2035.145,51.21511779872031,2.395098348844907
2024-02-08,313.0,22.26929944268896,-2.821268294605716,-2.498226887974424,-0.3230414066312916,324.3478152804708,310.6146847195292,4.325650904090121,319.2525,314.5675307564187,2034.48,50.95927014527263,2.397656033124984
2024-02-09,312.8,21.79024296301084,-2.793002262327377,-2.5571819628450148,-0.2358202994823623,323.8180772078117,310.2094227921883,4.292764719392578,318.88416666666666,314.2461615279789,2025.175,47.39175772071104,2.2929401329663497
2024-02-12,313.4,26.87261163549532,-2.691164177068515,-2.583978405689715,-0.1071857713788002,323.1236822257634,310.02881777423653,4.136401404567418,318.5341666666667,314.0923139774373,2020.035,45.49698829145496,2.039333057997922
2024-02-13,313.15,26.11122386216755,-2.6006509857452897,-2.5873129217008297,-0.01333806404446,322.451725528289,309.8632744717109,3.981702492137001,318.24750000000006,313.9209841633578,1993.245,37.15820704950408,2.539423614419103
2024-02-14,313.125,26.031793818385964,-2.502093345982189,-2.570269006557102,0.068175660574913,321.79815451047733,309.7393454895227,3.818873470207119,317.9266666666667,313.77625977002,1992.35,36.914787580669866,2.813345895660771
2024-02-15,312.8,24.968441823571524,-2.4222878635924303,-2.540672777964168,0.1183849143717372,321.049960825769,309.6825391742309,3.6045143231205152,317.59666666666664,313.59875799365267,2004.3,42.3455744895526,2.963846763121354
2024-02-16,312.35,23.534934909453867,-2.368055216551,-2.506149265681534,0.1380940491305344,320.3312704058346,309.6112295941654,3.403498196000159,317.255,313.37171108571584,2012.03,45.60747481589151,3.011220436533707
2024-02-19,312.15,22.905500751823386,-2.3145332826404683,-2.467826069073321,0.1532927864328526,319.5567619084334,309.60573809156665,3.1632603077477515,316.9125,313.14958179740387,2018.03,48.06368543999098,3.021364577179262
2024-02-20,311.85,21.956898309285407,-2.270155319802996,-2.428291919219256,0.1581365994162604,318.6596111679901,309.7028888320099,2.8508137694341094,316.5575,312.91329419787587,2024.335,50.58874038738485,3.0123123370096256
2024-02-21,311.4,20.58010728859189,-2.2454129806021115,-2.3917161314958277,0.1463031508937158,318.0604343499912,309.6170656500088,2.6903525138251547,316.175,312.6381497982621,2026.095,51.300505049482815,2.98014928059239
2024-02-22,310.8,18.88019350446721,-2.2483024529591944,-2.363033395788501,0.1147309428293064,317.3678610455759,309.5646389544241,2.489334048291272,315.7816666666667,312.3039407440326,2024.45,50.56731209312368,2.975794408120232
2024-02-23,310.8,18.88019350446721,-2.224944604202392,-2.335415637471279,0.1104710332688871,316.69897567530165,309.5535243246984,2.281971361584425,315.40333333333336,312.0304969723903,2036.63,55.624467401727465,3.0060318936483035
2024-02-26,310.8,18.88019350446721,-2.181288801282335,-2.3045902702334904,0.1233014689511553,315.7742274433706,309.7782725566294,1.9170109260985049,315.025,311.8067702501375,2031.215,53.02714325924588,2.9989953247965384
2024-02-27,310.4,17.66523493221672,-2.1541363767577195,-2.2744994915383363,0.1203631147806167,314.93955684738063,309.9579431526194,1.594377860292679,314.65416666666664,311.5509938410216,2030.32,52.590050979007366,2.9626844049976158
2024-02-28,310.1,16.79243510067424,-2.132246170913561,-2.2460488274133814,0.1138026564998204,314.32067556041125,310.00182443958875,1.3835321074676954,314.2941666666666,311.28717677901767,2034.52,54.48601757391707,2.922251356238536
2024-02-29,309.6,15.424574438652286,-2.130682662962556,-2.2229755945232164,0.0922929315606602,314.34619984127585,309.61130015872413,1.5176994210508612,313.9191666666666,310.9804173646508,2044.195,58.593847348493085,2.735852830985787
2024-03-01,308.825,13.578323555084395,-2.166999770260645,-2.211780429670702,0.044780659410057,314.5707521799419,309.09424782005806,1.7562327082276052,313.5383333333333,310.58852329835065,2083.595,70.33560336399114,3.7206389076431847
2024-03-04,307.95,11.853255596509795,-2.240558760078102,-2.217536095752182,-0.0230226643259197,314.7959659855643,308.40903401443575,2.049704983473672,313.1383333333333,310.1087917895596,2114.625,76.08699097762013,5.29528948597707
2024-03-05,308.0,12.537058232577747,-2.2686684101051924,-2.2277625586227843,-0.0409058514824081,314.7121826564015,307.9178173435985,2.1824728370952418,312.7433333333333,309.7253751005487,2127.75,78.02751291255014,6.7163998176281074
2024-03-06,307.75,12.034365752891318,-2.284780889071044,-2.239166224712436,-0.0456146643586077,314.69107458367347,307.4139254163265,2.339524410621011,312.3933333333333,309.36621599135805,2147.86,80.62220658114408,8.235651459680092
2024-03-07,307.35,11.25665053901075,-2.3032760690121563,-2.25198819357238,-0.051287875439776,314.6304598172956,306.9095401827044,2.4844481882392624,312.03,308.99963126565655,2160.115,82.01594247711422,9.631827276358752
2024-03-08,307.35,11.25665053901075,-2.291518434276384,-2.259894241713181,-0.0316241925632025,314.5126245311887,306.4823754688113,2.5862524053744003,311.68833333333333,308.69969830826443,2177.405,83.7876370054619,10.994806199367318
2024-03-11,306.95,10.471798094922548,-2.288101273907614,-2.265535648152068,-0.0225656257555462,314.24160177555564,306.1083982244444,2.622133811916257,311.3266666666667,308.3815713431254,2181.395,84.17507778572326,12.0468787896155
2024-03-12,306.525,9.69808748740077,-2.293251917220914,-2.2710789019658373,-0.0221730152550767,313.96597254990576,305.72152745009424,2.66083956826998,310.9791666666667,308.0440129171026,2158.655,73.40785295612343,12.217601236429593
2024-03-13,306.075,8.944519287891069,-2.307050832441064,-2.2782732880608827,-0.0287775443801812,313.6364965247499,305.3460034752502,2.6787487689877088,310.6533333333333,307.68601056853845,2174.705,75.7642376854865,12.369420327386406
2024-03-14,305.525,8.114595521785034,-2.3354454146513035,-2.289707713378967,-0.0457377012723365,313.3239836471682,304.9310163528318,2.715050357647365,310.3958333333333,307.29309955607687,2161.625,70.29724501340442,12.285733463192244
2024-03-15,305.225,7.695181163781072,-2.355008743566429,-2.30276791941646,-0.0522408241499698,313.0223461822746,304.52015381772543,2.7535569987649957,310.1783333333333,306.91708145497194,2156.065,68.04943055580034,12.070193285681611
2024-03-18,304.525,6.810626008345238,-2.3993388873766435,-2.3220821130084963,-0.0772567743681471,312.727435878598,304.05256412140204,2.8129549457491776,309.91083333333336,306.4821575540679,2161.375,69.06673814848406,11.82114620271028
2024-03-19,303.9,6.132781303242396,-2.4565851380840518,-2.348982718023608,-0.1076024200604437,312.44435635448264,303.54064364551726,2.890886209555549,309.58250000000004,306.01267436241915,2158.795,67.93492008687781,11.479177294910007
2024-03-20,304.1,9.245542487518748,-2.457486501024846,-2.3706834746238554,-0.0868030264009904,312.0989902438613,303.15600975613864,2.9070809624375933,309.28583333333336,305.66491538743384,2200.775,75.08839162933131,11.418177295042632
2024-03-21,303.9,8.92674870337568,-2.4461415688442685,-2.385775093467938,-0.0603664753763304,311.7862789689267,302.77872103107325,2.9313605356157444,308.9825,305.34402168062763,2181.355,67.57770813786362,10.894171353169636
2024-03-22,303.3,8.031988865719612,-2.457240079884002,-2.4000680907511507,-0.0571719891328514,311.4262415284508,302.3887584715491,2.944692800567498,308.6658333333333,304.97238137505894,2165.225,62.02806898864276,10.252002050022773
2024-03-25,302.65,7.191071069554425,-2.489784610414972,-2.418011394683915,-0.0717732157310573,311.01106971803205,301.98893028196795,2.9436017735935054,308.30749999999995,304.55013021595727,2172.085,63.40452735135892,9.351550094259265
2024-03-26,301.9,6.363240645183524,-2.546737908005809,-2.443756697348294,-0.1029812106575156,310.63759246492,301.51240753508,2.9813558539050806,307.9325,304.0682883585105,2178.375,64.66916332296404,8.174363716962326
2024-03-27,300.9,5.46060588262911,-2.6421088630070813,-2.4834271304800515,-0.1586817325270297,310.3146648817701,300.9153351182298,3.075545952764205,307.525,303.4922359296904,2192.355,67.3682667215455,6.77643679396419
2024-03-28,300.4,5.073113662045117,-2.72660623387128,-2.5320629511582973,-0.1945432827129827,310.00305631165145,300.3069436883486,3.1774385552597324,307.1116666666667,302.9300112152012,2233.99,73.79019523381393,5.673183092794132
2024-04-01,300.05,4.815512739064246,-2.789655669917352,-2.5835814949101086,-0.206074175007243,309.7413936547568,299.6911063452432,3.298244615938132,306.70166666666665,302.4063728124373,2251.9,75.98006760916215,5.607318297616487
2024-04-02,299.95,4.741433061271948,-2.8152396363931302,-2.629913123206713,-0.1853265131864172,309.5185637882044,299.11393621179553,3.419018069659071,306.295,301.95975957381233,2280.495,78.99730355515717,6.533821278982037
2024-04-03,299.8,4.626463821030654,-2.8151673635590555,-2.6669639712771813,-0.1482033922818741,309.1747382794727,298.6377617205272,3.4671799474165232,305.8933333333333,301.56707601493736,2300.44,80.8081550725711,7.67275968176266
2024-04-04,299.7,4.547301375826635,-2.7910062681642103,-2.6917724306545874,-0.0992338375096228,308.76612292017023,298.2413770798297,3.4677482042118197,305.50333333333333,301.2276076485851,2291.035,77.4184515909254,8.41932962322677
2024-04-05,299.25,4.199105210856985,-2.776167731679209,-2.708651490859512,-0.0675162408196969,308.361507713494,297.835992286506,3.4726357093152056,305.1183333333333,300.8680426215696,2323.585,80.47161301785383,9.609206772483352
2024-04-08,298.9,3.9460183716431354,-2.76082508649381,-2.719086209986372,-0.0417388765074382,307.86217988295635,297.4903201170436,3.4267174137094494,304.72166666666664,300.5102166903751,2339.325,81.75616201447693,10.84914374577237
2024-04-09,298.625,3.754540357165439,-2.7392794233257973,-2.723124852654257,-0.0161545706715404,307.34235673688295,297.17764326311703,3.362903948179023,304.31583333333333,300.1674500193978,2352.95,82.81023505561795,12.018188105770069
2024-04-10,298.45,3.633703522413725,-2.705142172429703,-2.7195283166093462,0.0143861441796433,306.8002836518817,296.91221634811825,3.275753708516381,303.9175,299.85518637950724,2334.19,76.27560277217788,12.439846098094238
2024-04-11,298.45,3.633703522413725,-2.6475686320133605,-2.705136379690149,0.0575677476767886,306.23136415773,296.71863584227,3.155395411049003,303.52916666666664,299.5996979468695,2372.55,79.78781567876757,13.320839546669166
2024-04-12,298.45,3.633703522413725,-2.5722894350260503,-2.678566990757329,0.1062775557312791,305.6679046768958,296.5745953231043,3.019816553561557,303.1575,299.3906619565296,2343.14,71.09740132156895,13.426633137861009
2024-04-15,299.0,14.442544220279617,-2.4401215235969858,-2.6308778973252607,0.1907563737282749,305.03094183813727,296.58905816186274,2.806383988655473,302.83,299.3196325098878,2383.225,75.08124109614599,13.738766612184069
2024-04-16,300.0,29.84920552682034,-2.2289914331770437,-2.550500604495617,0.3215091713185738,304.454482327472,296.713017672528,2.575476769766837,302.565,299.44333568990817,2382.58,74.90233594599687,13.81132887026277
2024-04-17,301.5,45.65697026510263,-1.9185163887377712,-2.4241037613440484,0.5055873726062772,304.0544837343413,296.8730162656587,2.3901277504133613,302.34833333333336,299.8172746553794,2360.38,68.82368423344221,13.353377376175304
2024-04-18,301.5,45.65697026510263,-1.6534032754165082,-2.2699636641585403,0.6165603887420321,303.558043527416,297.10945647258404,2.14714032466612,302.14000000000004,300.12322471803765,2379.305,70.98538838664805,13.37436871891734
2024-04-19,301.5,45.65697026510263,-1.4268513686785695,-2.101341205062546,0.6744898363839766,303.0539733628601,297.3735266371399,1.8921340963630848,301.945,300.37354749657624,2387.69,71.91457786503406,13.040969828740725
2024-04-22,300.45,38.14248923523717,-1.3168537053519458,-1.9444437051204264,0.6275899997684804,302.5394110058779,297.6030889941221,1.6450499712171045,301.71500000000003,300.3874479517442,2327.075,57.56318472910189,11.838973508017194
2024-04-23,300.45,38.14248923523717,-1.2156663200635762,-1.7986882281090564,0.5830219080454802,302.1388906386123,297.7836093613876,1.4519479690208863,301.4983333333333,300.39882105142703,2322.02,56.549663419865766,10.47594987900334
2024-04-24,298.0,26.389109070724103,-1.3179763023013038,-1.702545842947506,0.3845695406462022,301.9127748079013,297.6197251920987,1.4321324084357734,301.21416666666664,299.96267176934936,2316.11,55.32322274349088,8.904484458161372
2024-04-25,296.85,22.83258839087281,-1.4748519145696264,-1.65700705727193,0.1821551427023036,301.99014006570167,297.1373599342984,1.6199490530490683,300.9066666666667,299.3967314476495,2332.22,57.99737249162378,7.215811465503508
2024-04-26,295.975,20.561894306027867,-1.650753298374525,-1.6557563054924491,0.0050030071179241,302.1933814428059,296.49161855719404,1.904762232430028,300.5883333333333,298.77459845716777,2340.085,59.27885229320584,6.117285879741624
2024-04-29,296.7,27.03664311855984,-1.7119210116304655,-1.6669892467200529,-0.044931764910413,302.2265160168243,296.12348398317573,2.039953884398282,300.3041666666667,298.3973987376827,2335.74,58.2220385530302,5.141841073895471
2024-04-30,297.5,33.47960454869063,-1.6765176985217636,-1.668894937080395,-0.0076227614413686,302.1658141506977,295.9391858493022,2.082118792317577,300.06999999999994,298.23423533083127,2285.94,47.720996180502205,5.052113346889966
2024-05-01,297.5,33.47960454869063,-1.62967444524827,-1.6610508387139702,0.0313763934657003,302.101378158358,295.773621841642,2.116748924680235,299.8566666666666,298.1007379979528,2319.305,53.740888957347366,4.877723666439682
2024-05-02,297.0,31.46557524695278,-1.6142881420255435,-1.651698299376285,0.0374101573507414,302.0539189211688,295.5510810788311,2.1762996769898937,299.61999999999995,297.9006038165069,2303.67,50.78949754926615,4.705687460379902
2024-05-03,297.15,32.77216877993551,-1.5718710880245226,-1.6357328571059326,0.06386176908141,302.0192051345558,295.37579486544416,2.224126505615766,299.3949999999999,297.7641303953238,2301.52,50.37976229367934,4.901981006846742
2024-05-06,298.5,43.25719918010655,-1.4130329848837846,-1.591192882661503,0.1781598977777183,301.99890407071086,295.35609592928915,2.224073839315553,299.235,297.89792486890127,2323.97,54.50680031492819,4.944222031225236
2024-05-07,299.55,49.81335104585176,-1.1887235538205232,-1.510699016893307,0.3219754630727838,302.0666332990302,295.3808667009698,2.238110159657662,299.1316666666667,298.19830216546467,2313.99,52.41956265530665,5.014024431739082
2024-05-08,298.7,45.254891793345685,-1.067242107217396,-1.422007634958125,0.3547655277407289,302.0768141366295,295.3956858633706,2.236463861770668,299.025,298.289519953562,2308.385,51.23297307230903,5.138161350132042
2024-05-09,298.75,45.57042352108759,-0.9559134284575066,-1.3287887936580014,0.3728753652004948,302.0892312388531,295.413268761147,2.2346224418160903,298.95333333333326,298.3732435983689,2346.3,58.13638778452593,4.96478576103538
2024-05-10,298.75,45.57042352108759,-0.8577965043184577,-1.2345903357900927,0.376793831471635,302.1013764969915,295.4311235030085,2.2325992289902263,298.89833333333337,298.4417447623018,2363.435,60.83472716786776,5.064338135136757
2024-05-13,300.2,54.40835012223875,-0.6554792958982034,-1.118768127811715,0.4632888319135115,302.21872236553736,295.43377763446256,2.2705316989637967,298.90333333333336,298.7614275327924,2336.465,54.84286855724597,4.727929001315686
2024-05-14,301.0,58.41986155718804,-0.4256811491769667,-0.9801507320847654,0.5544695829077987,302.3645689004067,295.38793109959323,2.3342897941249863,298.93833333333333,299.1684407086483,2357.985,58.36656314643921,4.442043237274036
2024-05-15,302.1,63.212848717197474,-0.1530395111569191,-0.8147284878991963,0.6616889767422771,302.49323602603005,295.31926397396995,2.400074288195745,299.01500000000004,299.701451488894,2386.085,62.48323314345327,4.763617487778919
2024-05-16,300.7,54.58823897641416,-0.0493682618686648,-0.66165644269309,0.6122881808244252,302.3530922320109,295.37940776798905,2.3333797188614835,299.04833333333335,299.88300576364054,2376.74,60.346199382552285,4.729188773764412
2024-05-17,299.45,48.25735614960721,-0.0672968470489081,-0.5427845235642537,0.4754876765153455,302.04960890612097,295.4778910938789,2.1996369413096515,299.055,299.8042774429786,2416.5,65.71849094041815,5.292502382492748
2024-05-20,299.6,49.02140128405564,-0.0686107317679329,-0.4479497652049895,0.3793390334370565,301.9400725721426,295.5024274278574,2.155067690793732,299.0783333333333,299.76713608970977,2426.36,66.91554552983423,6.250773667416825
2024-05-21,299.9,50.59276116705848,-0.044926616014834,-0.3673451353669584,0.3224185193521244,301.86202535907705,295.525474640923,2.121420591543699,299.12083333333334,299.79129316430794,2420.935,65.55912399013977,6.860508400979685
2024-05-22,300.0,51.1334690558181,-0.0178814926639461,-0.297452406826356,0.2795709141624098,301.99421383371765,295.5932861662823,2.1422562109934784,299.1725,299.82923986170647,2378.74,56.043470704344045,6.854969591741076
2024-05-23,300.0,51.1334690558181,0.0035114842367534,-0.2372596286137341,0.2407711128504875,302.0623782119088,295.8401217880911,2.08136156775318,299.2241666666667,299.860287159578,2328.885,47.30653704096942,6.868203276586307
2024-05-24,300.0,51.1334690558181,0.0202323466605207,-0.1857612335588831,0.2059935802194039,301.9748173104624,296.3301826895377,1.8868752963537485,299.2758333333333,299.88568949420016,2333.825,48.16877746493025,6.884227791474879
2024-05-27,300.6,54.83734859100496,0.0809654172585396,-0.1324159033953985,0.2133813206539382,301.9988157112905,296.6961842887096,1.7713965951213655,299.32916666666665,300.0155641316183,2350.845,51.13553514954804,6.8650516801984685
2024-05-28,301.95,61.84488430939472,0.2353179322027472,-0.0588691362757694,0.2941870684785166,302.3092334695925,296.8307665304076,1.828776893275346,299.3941666666667,300.3672797440513,2361.215,52.90432223519797,6.406147434180677
2024-05-29,301.45,58.24049364523889,0.3136816640570714,0.0156410237907987,0.2980406402662727,302.45027375135066,297.0847262486494,1.7899030090657748,299.3925,300.5641379724056,2337.81,48.62607208893056,6.299868278725221
2024-05-30,301.875,60.35551364833419,0.4054061643524846,0.0935940519031359,0.3118121124493487,302.5244389604517,297.4980610395484,1.6753964795997864,299.405,300.80247652287727,2343.245,49.644424667870176,6.00498407610461
2024-05-31,301.9,60.48230408571465,0.4746443778106481,0.1698041170846383,0.3048402607260098,302.521769742751,297.9757302572489,1.5140910613290122,299.4183333333333,301.00202624599046,2327.825,46.80939300428045,5.732746092441699
2024-06-03,301.9,60.48230408571465,0.5234817886077394,0.2405396513892586,0.2829421372184808,302.6513983715391,298.1861016284609,1.4863575402927316,299.4666666666666,301.1652942012649,2350.735,51.262621657084274,5.591467313762675
2024-06-04,302.1,61.621124654151,0.5717335288206868,0.3067784268755443,0.2649551019451425,302.8558102938517,298.2366897061483,1.5369084085073024,299.52166666666665,301.3352407101258,2327.025,46.88751713954004,5.460588375050849
2024-06-05,302.35,63.05437292328825,0.6229651369212661,0.3700157688846887,0.2529493680365774,303.00247354320754,298.45502645679244,1.5121424494382745,299.6666666666667,301.51974239919383,2355.335,52.139876508473485,5.093981363685179
2024-06-06,302.85,65.80485201855959,0.6958905833029689,0.4351907317683448,0.2606998515346241,303.19617541334225,298.6713245866578,1.5036036425573496,299.8666666666667,301.7616074175222,2376.135,55.61301146484486,5.083681888899266
2024-06-07,302.6,63.26862351021107,0.7251525075814129,0.4931830869309584,0.2319694206504544,303.2644428703783,298.98805712962167,1.4201305069739385,300.0875,301.91404243251816,2287.92,41.7689100103644,5.794641777420139
2024-06-10,303.15,66.34206723687028,0.783689314265871,0.5512843323979411,0.2324049818679299,303.5392231847755,299.0082768152245,1.5039300203057766,300.3025,302.13876199024213,2310.695,45.53837396433323,6.016331439002636
2024-06-11,303.25,66.88461731975308,0.8285977603660513,0.606747017991563,0.2218507423744882,303.8044867028347,298.9680132971653,1.6047425540048297,300.4941666666667,302.34080526474355,2316.87,46.54866498168522,6.208525666275027
2024-06-12,303.8,69.77081581088129,0.8982143747139162,0.6650404893360338,0.2331738853778824,304.0946673802384,298.8478326197615,1.7404096611125848,300.70416666666665,302.60611339842654,2324.765,47.87991868313023,6.198458670561067
2024-06-13,303.8,69.77081581088129,0.9425212449327204,0.7205366404553712,0.2219846044773492,304.4104677987609,298.842032201239,1.84613759496128,300.9308333333334,302.8231836896217,2303.96,44.719127112187046,6.383227374574417
2024-06-14,303.9,70.31634805510333,0.97447082991971,0.7713234783482391,0.2031473515714709,304.61291691806724,299.08458308193275,1.831491379750452,301.15583333333336,303.0189684733268,2332.64,49.653250455070975,5.842519637026477
2024-06-17,303.9,70.31634805510333,0.9883974753662984,0.814738277751851,0.1736591976144472,304.7629848454585,299.36451515454144,1.7871954813899609,301.3358333333333,303.179156023631,2319.165,47.5077250830332,4.96841563809765
2024-06-18,304.8,75.02148702143577,1.0598397477205594,0.8637585717455928,0.1960811759749666,305.0667961836122,299.55070381638785,1.824655213328876,301.5108333333334,303.47385492842534,2329.51,49.3183283759096,3.816296340683771
2024-06-19,305.05,76.15228265388676,1.1236781121266404,0.9157424798218023,0.207935632304838,305.35205969450413,299.7704403054959,1.844789902543108,301.7225,303.7604267596207,2328.225,49.091814759419584,3.4118477283602093
2024-06-20,305.225,76.9392797551195,1.1748485900843662,0.9675637018743152,0.2072848882100509,305.58342828609113,300.06157171390885,1.8234631086469093,301.93833333333333,304.02671280332606,2359.995,54.63893954401905,3.558176391662048
2024-06-21,305.225,76.9392797551195,1.2015508324719804,1.0143611279938485,0.1871897044781321,305.7125936147741,300.4549063852259,1.7347308226020683,302.15416666666675,304.2445832027213,2322.415,47.979195666218594,3.5847767907145425
2024-06-24,305.125,75.29259709305677,1.2008012977901783,1.0516491619531143,0.1491521358370642,305.82109537870207,300.79890462129794,1.6557946514800477,302.3183333333334,304.40465898404466,2334.42,50.0727442012311,3.519920414092387
2024-06-25,305.2,75.7124445702364,1.192512616227134,1.0798218528079182,0.1126907634192158,306.0307171528115,300.9142828471884,1.6859630792322542,302.4583333333333,304.54926644149106,2319.605,47.53058188494224,3.363656940807891
2024-06-26,305.35,76.56997946007738,1.184394559546945,1.1007363941557236,0.0836581653912214,306.1733481599928,301.1616518400072,1.650389429222955,302.56666666666666,304.69485436121994,2298.24,44.0568132587646,3.5587554031495485
2024-06-27,305.55,77.70052002400179,1.1804913007855475,1.1166873754816884,0.0638039253038591,306.34331114510445,301.35918885489554,1.640316533240826,302.7283333333333,304.8503353864526,2327.915,49.56984592984124,3.5117414605358874
2024-06-28,305.95,79.79985896153735,1.195889131661488,1.1325277267176483,0.0633614049438398,306.5368566732905,301.5706433267096,1.6333340228762043,302.945,305.0502744070976,2325.185,49.09055642212618,3.513160105319592
2024-07-01,305.05,64.97748059404759,1.1225297213031808,1.130528125634755,-0.0079984043315741,306.5215246050934,301.9009753949065,1.5188620441180058,303.12666666666667,305.05022451489805,2331.855,50.35359333543743,3.399740299849485
2024-07-02,302.625,42.22123470456968,0.8588147448537597,1.076185449478556,-0.2173707046247961,306.46154473897,302.01345526103006,1.4620451055310086,303.2175,304.6092746030984,2329.575,49.89787818420727,3.4013741565257103
2024-07-03,304.3,54.16241443503652,0.7760316180646214,1.016154683195769,-0.2401230651311476,306.3835604704133,302.2864395295867,1.3462536155311038,303.36083333333335,304.55304285708047,2356.25,55.02621672583851,3.41283506364124
2024-07-04,304.45,55.05817272372459,0.714295189747645,0.9557827845061444,-0.2414875947584992,306.3469937890532,302.4830062109468,1.2693157623988272,303.50916666666666,304.5343077921567,2357.345,55.22880468632196,3.067439555987346
2024-07-05,304.6,55.98448949778276,0.6697518890463243,0.8985766054141804,-0.228824716367856,306.25873163099726,302.7712683690027,1.1452517156772404,303.6625,304.5462518299464,2388.865,60.71462840632831,3.514767255686669
2024-07-08,304.375,54.18052513169584,0.6092720735219359,0.8407156990357315,-0.2314436255137956,306.2062404143707,302.9462595856292,1.0703332346962393,303.7883333333333,304.51511513359253,2359.045,53.97629710649401,3.5670646798955152
2024-07-09,304.0,51.21829508278205,0.5250298012618373,0.7775785194809528,-0.2525487182191155,306.151888079283,303.07561192071694,1.009894057167836,303.8566666666667,304.42145783657566,2364.025,54.876963021359565,3.677611513890645
2024-07-10,303.7,48.914277005981305,0.4291131514710287,0.7078854458789681,-0.2787722944079394,306.15804621149107,303.0594537885089,1.0172368400389564,303.9316666666667,304.290283684471,2371.355,56.2345658259889,3.877041017091623
2024-07-11,302.875,43.16387078557528,0.2832626349515408,0.6229608836934827,-0.3396982487419419,306.2542816055687,302.8707183944313,1.1109585753785698,303.96500000000003,304.03295937820354,2415.345,63.35935730146859,4.592291576746361
2024-07-12,301.8,37.05152187867755,0.0800092372800804,0.5143705544108023,-0.4343613171307218,306.5206347510379,302.39436524896206,1.3552858780210186,303.9616666666667,303.6269667639847,2412.76,62.71326937143854,5.228020476710752
2024-07-15,302.45,42.36594921822346,-0.0282948120326409,0.4058374811221136,-0.4341322931547546,306.616445719918,302.153554280082,1.4661995301463513,303.9800000000001,303.41297280689656,2422.3,64.16556148546138,5.775254611867839
2024-07-16,303.5,49.746639383923245,-0.0290652801604665,0.3188569288655976,-0.3479222090260641,306.57491685011667,302.0650831498833,1.4819379929788854,304.0266666666667,303.42879593291536,2468.76,70.24397338587002,7.095062316722927
2024-07-17,303.75,51.34430861278073,-0.0093946750736222,0.2532066080777536,-0.2626012831513759,306.49690767003017,302.0130923299698,1.4737030911769229,304.0733333333334,303.48719667238527,2458.925,67.62879676363286,7.842436811724131
2024-07-18,303.85,52.00165263818889,0.0141010374596248,0.2053854939541279,-0.191284456494503,306.388945791738,301.9835542082621,1.448254674060999,304.1066666666667,303.5531609137697,2445.36,64.08492534911318,8.34434690488132
2024-07-19,303.625,50.35328499087449,0.0143999457126255,0.1671883843058274,-0.1527884385932018,306.2680707027734,301.9444292972266,1.421753550131516,304.1408333333333,303.5662225658116,2398.595,53.64773689618691,8.175384703223925
2024-07-22,303.875,52.1675540713866,0.0344130510879381,0.1406333176622496,-0.1062202665743114,306.1558505541734,301.93164944582657,1.3893398921526416,304.165,303.6223639174822,2396.57,53.24336412645646,8.052467218170193
2024-07-23,303.65,50.3830290239569,0.0317519450305781,0.1188570431359153,-0.0871050981053372,306.01577890951546,301.91672109048454,1.3485239953550494,304.17833333333334,303.62738865975814,2409.56,55.5575452274513,7.795959823719387
2024-07-24,303.55,49.57140376233404,0.0213279793727565,0.0993512303832835,-0.078023251010527,305.83069845185014,301.9218015481498,1.286344985401241,304.17,303.61331799434754,2397.52,52.942033199461605,7.095717406624915
2024-07-25,303.35,47.90912372736396,-0.0030364151383537,0.0788737012789561,-0.0819101164173098,305.5736151404571,301.95888485954293,1.1899709993832952,304.155,303.56544199537524,2364.45,46.47081094815507,6.783192309858538
2024-07-26,303.05,45.44729974335494,-0.0460223491269289,0.0538944911977791,-0.099916840324708,305.1481156623748,302.0943843376252,1.005769960024078,304.12666666666667,303.4717252689434,2386.385,50.76924550072299,6.324628237168395
2024-07-29,302.65,42.32443375730952,-0.1110851481308259,0.020898563332058,-0.131983711462884,304.93446971481666,302.0680302851834,0.9444572072218022,304.08500000000004,303.32232067459,2384.125,50.3208890282379,5.899088609504891
2024-07-30,302.55,41.55565723801058,-0.1687715559186813,-0.0170354605180897,-0.1517360954005915,304.9402317841301,302.05476821587,0.9507371784809076,304.01,303.1818987337554,2410.725,55.32208127242423,5.362842743349878
2024-07-31,302.375,40.18021014574313,-0.2260042508417541,-0.0588292185828226,-0.1671750322589315,304.8735335158144,301.9289664841856,0.9705190837640983,303.9208333333333,303.0351898730726,2447.64,61.16498967540868,5.382061467413682
2024-08-01,302.325,39.77512905513504,-0.2722577383074736,-0.1015149225277528,-0.1707428157797207,304.7558730269735,301.8341269730265,0.9633347249202932,303.82416666666666,302.9060644416048,2446.325,60.8596570524661,5.294454912659647
2024-08-02,301.95,36.7801792060082,-0.3353081032643104,-0.1482735586750643,-0.187034544589246,304.60649619145573,301.7185038085443,0.9526219050546884,303.715,302.7322345431312,2437.455,58.72998495109003,5.345931494319537
2024-08-05,302.4,42.38638472561848,-0.3449879264838955,-0.1876164322368306,-0.1573714942470649,304.43063285925984,301.6968671407401,0.9020431241016944,303.6241666666666,302.67182826256186,2410.415,52.67821960444323,4.978710395373331
2024-08-06,302.15,40.25086704031965,-0.3685833671660816,-0.2238098192226808,-0.1447735479434008,304.3224786079485,301.6200213920515,0.8919847067657312,303.52250000000004,302.5769503966415,2390.72,48.7388103879513,4.705443386625667
2024-08-07,301.625,36.13374491903963,-0.4247497851687853,-0.2639978124119018,-0.1607519727568835,304.29544432697435,301.43955567302567,0.9429498556129932,303.39833333333337,302.40386850634303,2382.845,47.21829923864463,4.578782825059274
2024-08-08,300.95,31.65108072987661,-0.5177605139724051,-0.3147503527240024,-0.2030101612484026,304.4257344365959,301.1167655634041,1.0928940159251632,303.245,302.139528777917,2427.5,55.66464881137057,4.602258459172005
2024-08-09,300.0,26.641645241879655,-0.6605152386593431,-0.3839033299110705,-0.2766119087482726,304.69426235737336,300.6682376426266,1.3301202881733734,303.0466666666667,301.75052354556846,2429.08,55.93334864513872,4.627686904043547
2024-08-12,299.45,24.24880174417464,-0.8087075131159054,-0.4688641665520375,-0.3398433465638678,304.9888339255126,300.0736660744874,1.6246810374218257,302.86,301.33224653728325,2472.8,62.67445464651525,5.058479511311824
2024-08-13,299.125,22.937779723267667,-0.9415224573411932,-0.5633958247098687,-0.3781266326313246,305.1375884943551,299.4874115056449,1.868985565833434,302.7433333333334,300.93092898504995,2465.115,60.91060160738076,5.010582137251963
2024-08-14,299.15,23.28138654698124,-1.0328558471777,-0.657287829203435,-0.3755680179742651,305.1413437359463,299.0236562640538,2.025171094615712,302.57166666666666,300.60712371504087,2448.005,57.06028376198654,4.90429062053373
2024-08-15,299.0,22.629413715482897,-1.1046087212982345,-0.7467520076223948,-0.3578567136758395,305.06441467571057,298.6155853242895,2.1365058810697946,302.39000000000004,300.31491940321524,2456.785,58.50965593603355,5.00793947542643
2024-08-16,298.8,21.754639510902493,-1.164191642944786,-0.8302399346868731,-0.333951708257913,304.9714519955723,298.2260480044277,2.236549054379237,302.19666666666666,300.03947951172154,2508.135,65.78381715949033,5.887467958286564
2024-08-19,298.8,21.754639510902493,-1.1976062779334598,-0.9037132033361904,-0.2938930745972692,304.7579019911121,297.93209800888786,2.265112738629881,302.0108333333334,299.8141196004994,2504.23,64.85264738769504,6.445561195667866
2024-08-20,299.6,33.65267921317641,-1.1463202366518883,-0.9522346099993302,-0.1940856266525583,304.463685782358,297.82131421764205,2.205723723724141,301.8641666666667,299.77518876404497,2513.975,66.14069902927363,7.062049114623105
2024-08-21,300.375,42.73690706379779,-1.0312520249736965,-0.9680380929942034,-0.0632139319794928,304.1282799729747,297.83922002702525,2.089501491675041,301.75333333333333,299.8842453524004,2512.42,65.72677919129464,7.427054449061147
2024-08-22,301.15,50.095414967471854,-0.8675233460239156,-0.947935143600146,0.0804117975762302,303.8276235164079,297.919876483592,1.9635302291462469,301.6958333333333,300.11438256105487,2484.8,58.69989567380348,6.999080676689761
2024-08-23,299.85,40.65739589302202,-0.8330632887723368,-0.924960772634584,0.0918974838622472,303.5218398758652,297.90566012413484,1.8676165462105836,301.6308333333334,300.0663130044994,2510.94,62.75797290014251,6.971201529585112
2024-08-26,300.85,48.66875183906172,-0.7167989899139684,-0.8833284160904611,0.1665294261764927,303.28962110546183,297.9578788945381,1.7735598770635126,301.5775,300.2088015491359,2518.05,63.79987737048617,6.837531063315196
2024-08-27,300.4,45.68017527563712,-0.6534375137154029,-0.8373502356154495,0.1839127219000466,303.0319146737863,298.0005853262137,1.6742287139455931,301.4741666666667,300.24356490383843,2524.59,64.77604748494326,6.950506176377402
2024-08-28,300.6,47.23111271420796,-0.5803943342012303,-0.7859590553326057,0.2055647211313753,302.79551076875424,298.05948923124566,1.57642743673884,301.3691666666666,300.3083712849587,2504.735,59.52782422808558,7.051496930837454
2024-08-29,300.075,43.70361100511125,-0.5584329333374285,-0.7404538309335702,0.1820208975961417,302.5199036262241,298.1100963737759,1.4683939371820314,301.2433333333333,300.2659401422389,2521.175,62.25477021327252,7.239027792317143
2024-08-30,299.2,38.53758084387433,-0.604663369317791,-0.7132957386104144,0.1086323692926234,302.2988144512156,298.0561855487844,1.413373388222366,301.09583333333336,300.07213284365,2502.54,57.52350200591296,7.196282291158542
2024-09-02,298.95,37.18511777209928,-0.6539360656634585,-0.7014238040210232,0.0474877383575647,301.92708220452096,298.08291779547903,1.2813667802343038,300.9316666666666,299.8681086902591,2499.54,56.77543254371116,6.823948491474923
2024-09-03,299.05,38.12059192477715,-0.6771105592030722,-0.6965611550574331,0.0194505958543609,301.5413012744441,298.15869872555595,1.128098232078754,300.77833333333336,299.7193616556665,2492.96,55.08340771872382,5.989347921279177
2024-09-04,298.9,37.22506096900724,-0.6995166660024665,-0.6971522572464398,-0.0023644087560267,301.2423502587126,298.18514974128743,1.0200401274299709,300.62333333333333,299.5703868091816,2495.65,55.66511293114784,4.674850326094364
2024-09-05,298.8,36.60763336142795,-0.717076816161466,-0.7011371690294451,-0.0159396471320208,301.0731238019803,298.1393761980197,0.9792010693904312,300.47166666666664,299.43031648023947,2516.76,60.03886904867155,4.152245296614546
2024-09-06,299.025,39.05693417382052,-0.7047142350477316,-0.7018525822331024,-0.0028616528146291,301.03356741070183,298.0814325892982,0.9854985508303616,300.3375,299.3566225747414,2495.95,54.34702179929493,3.389371281427663
2024-09-09,301.0,55.36080649731235,-0.529447663120493,-0.6673715984105806,0.1379239352900876,301.2376852469952,298.0323147530048,1.069758370681115,300.2825,299.6554184702429,2506.22,56.5369216941736,3.274218040570492
2024-09-10,300.6,52.30857857563025,-0.4180057886690065,-0.6174984364622658,0.1994926477932592,301.3461469436078,298.07135305639224,1.0926587519435242,300.2175,299.8271605665624,2516.65,58.70346469618692,3.072823820290672
2024-09-11,300.9,54.34177583396875,-0.3019985561082308,-0.5543984603914588,0.252399904283228,301.49089413696095,298.101605863039,1.1305305766572866,300.1683333333333,300.0222222817328,2511.52,57.19334941585412,2.367938716881042
2024-09-12,301.5,58.18168100230368,-0.1598048718385598,-0.475479742680879,0.3156748708423191,301.72764662060587,298.1148533793941,1.204580616148993,300.14083333333326,300.29090913959953,2558.795,65.89917735619538,2.382697234628091
2024-09-13,302.0,61.11643056004004,-0.0066923856234097,-0.3817222712693852,0.3750298856459754,302.02379182733256,298.13870817266746,1.294677243135016,300.1425,300.6016529323996,2582.845,69.31781692800887,3.467615619351864
2024-09-16,302.0,61.11643056004004,0.1133438059767399,-0.2827090558201601,0.3960528617969001,302.2609204560241,298.22157954397585,1.3453650729366002,300.12916666666666,300.85589785378147,2582.51,69.21373025546276,4.178477657662106
2024-09-17,302.0,61.11643056004004,0.2060975879315378,-0.1849477270698205,0.3910453150013584,302.4961665676758,298.22633343232417,1.4215659095011866,300.1241666666666,301.0639164258212,2569.59,65.15050917780201,4.539764358685842
2024-09-18,303.35,68.55755543548464,0.3841115471504963,-0.0711358722257572,0.4552474193762535,303.01116972653534,298.00883027346464,1.6646166360755728,300.1816666666666,301.4795679847628,2559.005,61.942188472923576,4.714549242895112
2024-09-19,304.35,72.72182382380501,0.5989759135225654,0.0628864849239073,0.536089428598658,303.67343969490605,297.666560305094,1.9978313066857585,300.295,302.00146471480593,2586.77,66.5898067061519,4.981657572311195
2024-09-20,305.25,75.8250611177046,0.8322858767654111,0.2167663632922081,0.615519513473203,304.51628997718825,297.36371002281174,2.376746180094539,300.47,302.5921074939321,2621.17,71.27096310227132,5.86971828544888
2024-09-23,304.25,66.73999670610235,0.9258217639014106,0.3585774434140486,0.567244320487362,304.9653663899735,297.25463361002653,2.560769413153653,300.63,302.8935424950353,2628.545,72.17120019795185,6.6710015792578
2024-09-24,303.05,57.79158822066923,0.8928276952597685,0.4654274937831926,0.4274002014765758,305.17257951585424,297.31242048414566,2.609246381804884,300.7608333333333,302.9219893141198,2657.145,75.39158764440371,7.759113223946082
2024-09-25,300.75,45.2645342283068,0.6733271834150969,0.5070074317095735,0.1663197517055233,305.1757164952321,297.3242835047679,2.6062848101126037,300.81416666666667,302.527082166098,2657.17,75.39426809986362,8.466559805751467
2024-09-26,299.85,41.47592544844516,0.4218857318738855,0.4899830917424359,-0.0680973598685503,305.17913307159813,297.29836692840183,2.6161196536621856,300.8425,302.0403399540802,2672.45,77.04037423460501,9.273066678695232
2024-09-27,298.8,37.52931866086659,0.1363189452604274,0.4192502624460342,-0.2829313171856068,305.2041256097685,297.2333743902315,2.646167019661613,300.84250000000003,301.4511872351565,2652.05,70.2803683876123,9.495108256161314
2024-09-30,296.2,29.933787122468587,-0.296376616277314,0.2761248867013646,-0.5725015029786786,305.5327350051345,296.6297649948655,2.9569991523115347,300.7558333333333,300.49642591967347,2634.735,65.06201808288475,9.3939613143881
2024-10-01,294.85,26.890572111267005,-0.7396979067552252,0.0729603280100466,-0.8126582347652718,306.0268119238777,295.7156880761224,3.4270884465549005,300.5975,299.4698030251874,2663.435,69.15074383380141,9.341360864560748
2024-10-02,295.5,30.551555562331643,-1.026747944517126,-0.1469813264953879,-0.8797666180217383,306.3099146138753,295.0925853861247,3.7303899560612432,300.435,298.7480206569715,2658.81,67.77426509852253,9.09451210992276
2024-10-03,294.0,27.170276438185127,-1.35960198613094,-0.3895054584224984,-0.9700965277084416,306.7449685448536,294.17753145514644,4.182714772606165,300.19666666666666,297.88474417388574,2656.21,66.96725045947429,8.911946915607249
2024-10-04,294.0,27.170276438185127,-1.6048910274394077,-0.6325825722258802,-0.9723084552135272,307.07801281310225,293.3419871868978,4.575472378070159,300.00166666666667,297.17842705136104,2651.64,65.49111399370568,8.272459775011566
2024-10-07,293.3,25.63476457352401,-1.834620150658964,-0.872990087912497,-0.9616300627464668,307.308414995905,292.3415850040949,4.99185524616362,299.75,296.4732584965681,2642.66,62.57239914296555,7.535313264712752
2024-10-08,293.125,25.25056671379714,-2.00766011727643,-1.0999240937852837,-0.9077360234911462,307.4700166602125,291.43248333978744,5.355640799771263,299.50749999999994,295.86448422446483,2621.955,56.33800396075927,6.71729250910489
2024-10-09,292.95,24.8494897062204,-2.134313537079038,-1.306801982444035,-0.8275115546350031,307.521457408203,290.5860425917971,5.663000318974736,299.2525,295.33457800183487,2607.825,52.49409095372994,5.590716133366859
2024-10-10,292.85,24.608944746022686,-2.21719797097478,-1.4888811801501838,-0.7283167908245964,307.4220635277902,289.82043647220985,5.894298230812564,299.01166666666666,294.8828365469558,2630.155,57.43652024992063,5.110006168404787
2024-10-11,292.9,24.999871579879127,-2.2528801004261254,-1.6416809642053722,-0.6111991362207532,307.16011283812105,289.17238716187904,6.032783950645657,298.8016666666666,294.5223208111456,2656.195,62.35506196553312,4.948527458239925
2024-10-14,293.175,27.234715833437303,-2.233225015518485,-1.7599897744679949,-0.4732352410504903,306.78887058606495,288.6611294139351,6.088753437611838,298.6091666666667,294.2773533909373,2648.62,60.176584325211984,4.679419652735287
2024-10-15,293.2,27.44637465400505,-2.190381572750141,-1.846068134124424,-0.3443134386257169,306.33040491083364,288.2395950891664,6.085342288264535,298.41416666666663,294.08147095622144,2662.855,62.80630847168303,4.189338890867089
2024-10-16,292.85,26.293268124781235,-2.15977338741601,-1.9088091847827413,-0.2509642026332686,305.55169210112206,287.9683078988779,5.925119356464529,298.2125,293.8575671459994,2673.84,64.74124166349694,3.30548475243032
2024-10-17,292.85,26.293268124781235,-2.1111798132947683,-1.9492833104851468,-0.1618965028096215,304.40128565721346,287.96871434278654,5.548076814972711,298.0141666666667,293.674373119454,2693.1,67.89488003807409,3.033437684722525
2024-10-18,293.0,27.800945900800823,-2.037083083561072,-1.966843265100332,-0.0702398184607397,302.75586446248764,288.38913553751235,4.860644655702169,297.8133333333334,293.5517598250078,2719.83,71.68065997055274,3.648743182943619
2024-10-21,293.1,28.84589411471886,-1.9478382601678843,-1.9630422641138423,0.015204003945958,301.05820693017625,288.9717930698237,4.096881128197731,297.55,293.4696216750064,2719.745,71.65172571100743,4.106034479465311
2024-10-22,293.2,29.937915140069748,-1.84774230725111,-1.939982272741296,0.0922399654901859,299.3491681055289,289.6958318944712,3.27762266416242,297.30333333333334,293.420599552278,2749.015,75.34272481495333,5.045169121945513
2024-10-23,293.4,32.17975740433877,-1.732308243772195,-1.898447466947476,0.1661392231752809,298.0604001076624,290.24959989233764,2.655334845685021,297.05333333333334,293.4168541791365,2715.52,64.9250344459609,5.309522276117676
2024-10-24,293.65,34.980420375902085,-1.60218402601771,-1.8391947787615228,0.2370107527438127,296.7488164544145,290.94118354558543,1.9764273371434185,296.7916666666667,293.4592443283844,2735.985,67.85004194309647,5.768223807161015
2024-10-25,293.5,34.07129030037089,-1.4939421571102116,-1.7701442544312609,0.276202097321049,295.3868342483273,291.7731657516728,1.230897369253544,296.5083333333333,293.4666544504963,2742.535,68.74833315444428,6.187568180667501
2024-10-28,293.625,35.57396793522021,-1.3821407822440506,-1.6925435599938186,0.310402777749768,294.8024971094986,292.10000289050134,0.920934642124452,296.2291666666667,293.4954445504061,2742.225,68.65056758157641,6.395414684409085
2024-10-29,293.65,35.88869965226955,-1.2768019183774868,-1.6093952316705524,0.3325933132930656,294.58626830568755,292.1962316943125,0.814624366396435,295.9508333333334,293.52354554124133,2774.68,72.98243008651433,7.055791834225038
2024-10-30,292.95,31.28083070101536,-1.235561476107364,-1.534628480557915,0.299067004450551,293.9797239876058,292.54777601239414,0.4882799102213084,295.6041666666667,293.4192645337429,2787.59,74.49231989967888,7.710170945430654
2024-10-31,292.95,31.28083070101536,-1.1891701156267231,-1.4655368075716766,0.2763666919449534,293.8537986370136,292.5687013629863,0.4382837541285657,295.2241666666667,293.333943709426,2746.205,62.4448232918085,7.791287654668262
2024-11-01,292.95,31.28083070101536,-1.1392718119381584,-1.400283808444973,0.2610119965068145,293.698257878467,292.61924212153286,0.3680653423901401,294.81416666666667,293.2641357622576,2736.515,59.9980812970329,7.729169465551119
2024-11-04,293.175,34.649289488296745,-1.0692458268608789,-1.3340762121281542,0.2648303852672753,293.6882004768787,292.61679952312136,0.3654756325657626,294.445,293.2479292600289,2736.685,60.02767238963134,7.540130335055778
2024-11-05,293.05,33.66208631047844,-1.0121685356822925,-1.269694676838982,0.2575261411566898,293.6862151160103,292.6112848839896,0.3666842284064774,294.1116666666667,293.21194212184184,2743.995,61.35160175958541,7.065561690559338
2024-11-06,292.8,31.71581759543349,-0.9758581960331868,-1.2109273806778231,0.2350691846446364,293.6935802915177,292.5889197084823,0.3768355982091947,293.8466666666667,293.1370435542342,2659.055,43.374507426383616,6.405876019402566
2024-11-07,292.6,30.210941634644826,-0.9522434490598356,-1.1591905943542256,0.2069471452943898,293.71702608393343,292.5404739160666,0.4013772677933558,293.605,293.0393992716461,2706.51,51.861279504053314,5.752944870393876
2024-11-08,292.575,30.01919904432785,-0.9248843914703572,-1.112329353777452,0.1874449623070948,293.7416859827809,292.4833140172191,0.4293136476819917,293.3975,292.95496304043775,2685.17,48.35181806239653,5.484306176437017
2024-11-11,292.6,30.494271239383835,-0.8909149373308196,-1.0680464704881256,0.177131533157306,293.7503223898633,292.4171776101367,0.4548682005490174,293.27750000000003,292.8904243058127,2619.54,39.4990918840707,5.950903445393585
2024-11-12,292.425,29.009681716472613,-0.8681079298160057,-1.0280587623537016,0.1599508325376959,293.76777244062566,292.32222755937426,0.4932842673484987,293.19666666666666,292.8058017047558,2598.275,37.1271527840298,6.88969592770076
2024-11-13,292.25,27.564498493851403,-0.8543063378335773,-0.9933082774496768,0.1390019396160995,293.8134985916882,292.2165014083118,0.5450223310671475,293.0883333333333,292.70474684934567,2572.935,34.47075490585658,8.19065183635268
2024-11-14,292.15,26.744595237246344,-0.8417346479574803,-0.9629935515512376,0.1212589035937573,293.86141931050327,292.0985806894968,0.6016924776457419,293.02666666666664,292.60388378582826,2565.05,33.66362737561978,9.43365134226067
2024-11-15,292.15,26.744595237246344,-0.8222926157416737,-0.934853364389325,0.1125607486476513,293.89006233440546,291.98493766559454,0.6503519244927375,292.96500000000003,292.5213594611322,2562.33,33.37333020592716,10.468129440812136
2024-11-18,291.35,20.960102585964577,-0.861507062116857,-0.9201841039348314,0.0586770418179743,294.02281712168946,291.6771828783106,0.8009678140272725,292.9,292.3083850136536,2611.87,43.01237939620575,10.78602324388463
2024-11-19,290.95,18.773683436748712,-0.914321718825363,-0.9190116269129378,0.0046899080875748,294.1596023173204,291.31539768267965,0.9715887560154516,292.82750000000004,292.061405920262,2632.265,46.44732341006012,10.761698069331098
2024-11-20,290.95,18.773683436748712,-0.9452811026417294,-0.9242655220586962,-0.0210155805830332,294.2004336949012,291.02956630509885,1.083631184253135,292.7608333333334,291.859332116578,2650.265,49.34907352936405,10.76955585806391
2024-11-21,290.95,18.773683436748712,-0.9587645959151132,-0.9311653368299796,-0.0275992590851336,294.147603070556,290.81239692944393,1.1403193863211345,292.6975,291.69399900447286,2669.665,52.346103944568384,10.616861065169166
2024-11-22,291.05,21.33587041024037,-0.9504252861329974,-0.9350173266905832,-0.0154079594424141,294.0668200405213,290.6481799594787,1.169335515949708,292.6358333333334,291.57690827638686,2705.95,57.42081356680983,10.437778273918834
2024-11-25,291.0,20.979530463025085,-0.937049185464673,-0.9354236984454012,-0.0016254870192717,293.9292235027086,290.52327649729136,1.1655171311329016,292.5633333333334,291.4720158624983,2625.23,45.74911228088165,10.31762221429794
2024-11-26,291.15,25.02506738051281,-0.9039248993516936,-0.9291239386266597,0.0251990392749661,293.7333862537876,290.4691137462124,1.117514049520583,292.495,291.4134675238622,2633.225,46.90038494668148,9.740978368957688
2024-11-27,291.025,23.925792432295736,-0.8776431948546133,-0.9188277898722504,0.0411845950176371,293.6525436264111,290.3574563735889,1.1284352161169204,292.43416666666667,291.34283706497814,2635.945,47.31005499123486,8.782664318241542
2024-11-28,290.7,21.3053330404298,-0.8729764099083468,-0.9096575138794698,0.036681103971123,293.5735041644588,290.21149583554126,1.1517967501451964,292.3625,291.2259575986185,2637.585,47.57269446638126,8.2221333519271
2024-11-29,290.65,20.92561548971084,-0.8633602517891745,-0.9003980614614109,0.0370378096722363,293.4680546429879,290.08694535701216,1.158797126569305,292.28416666666664,291.1212380352333,2650.455,49.69197714380759,7.663197956048832
2024-12-02,290.65,20.92561548971084,-0.8459873615044557,-0.8895159214700199,0.0435285599655641,293.28154713577857,290.02095286422144,1.1179771290392633,292.20250000000004,291.0355583924636,2639.06,47.84775438838541,6.986460572609561
2024-12-03,290.5,19.70378058499861,-0.834701053030642,-0.8785529477821443,0.0438518947515023,293.09429727752075,289.95320272247926,1.0774746671725686,292.1125,290.9381841392884,2643.665,48.676729348679366,6.001979374656527
2024-12-04,290.4,18.911018921516103,-0.8243234489211773,-0.8677070480099509,0.0433835990887736,292.93208855900053,289.87541144099947,1.0489491360358478,292.0125,290.8403324775996,2650.095,49.87482185051057,5.969196707671453
2024-12-05,290.3,18.125654091940262,-0.8147760559701851,-0.8571208496019977,0.0423447936318126,292.78553614067874,289.79196385932136,1.0276992439142902,291.90083333333337,290.7420902089451,2631.985,46.57691130289368,5.428605006720656
2024-12-06,290.325,19.03096999231451,-0.7960164055843961,-0.8448999607984774,0.0488835552140812,292.606151657782,289.746348342218,0.9821554180892236,291.795,290.6662556255005,2631.985,46.57691130289368,5.096284304189906
2024-12-09,290.35,19.983798882806585,-0.7702529597769967,-0.8299705605941814,0.0597176008171846,292.377187760584,289.7503122394161,0.9025086501386392,291.68583333333333,290.6087546026822,2660.395,52.31375231943,5.189517282173335
2024-12-10,290.25,19.01965195786886,-0.7492673203577738,-0.8138299125469,0.0645625921891261,292.15485415819086,289.7551458418092,0.8247695748076622,291.5725,290.5435264931036,2693.945,58.04365729102705,5.4558784453510185
2024-12-11,290.2,18.538054687377382,-0.7282755251391677,-0.7967190350653536,0.0684435099261858,291.93703907302955,289.7679609269705,0.7457656874391879,291.4808333333333,290.4810671307212,2718.13,61.62345430005686,5.642244378809645
2024-12-12,290.175,18.28869918515436,-0.7055238277441163,-0.7784799936011061,0.0729561658569898,291.69837624933234,289.8091237506676,0.6497775174575551,291.3883333333333,290.4254185614991,2680.865,53.98086790683815,5.077325671822922
2024-12-13,290.2,19.45544345022654,-0.6776639642267241,-0.7583167877262297,0.0806528234995055,291.3813146529295,289.9311853470705,0.4989155766851861,291.29666666666674,290.38443336849923,2647.72,48.24914106073529,4.109634244992514
2024-12-16,290.75,39.81573090722338,-0.6042391256961537,-0.7275012553202146,0.1232621296240609,291.2801756463298,289.97232435367016,0.4500114124789556,291.2158333333333,290.4509000287721,2652.725,49.12755451547753,3.8591321841502784
2024-12-17,291.15,49.76203503386306,-0.5079177949307336,-0.6835845632423185,0.1756667683115849,291.3153072515832,289.9571927484168,0.4672901274932022,291.15250000000003,290.57800911444986,2646.63,48.05776268548912,3.792170459917737
2024-12-18,291.45,55.67822169224611,-0.4027325039329525,-0.6274141513804454,0.2246816474474928,291.4171393774408,289.9053606225592,0.5201170623471693,291.1075,290.73655291182257,2585.34,38.88744920059421,4.439686819237841
2024-12-19,292.9,72.52168410716095,-0.2000633157844618,-0.5419439842612487,0.3418806684767869,291.99125507135983,289.5262449286402,0.8477853693894406,291.1175,291.1299069278548,2594.285,40.666928227258325,4.784528776156506
2024-12-20,293.6,77.05500867274434,0.0168434648535935,-0.4301864944382802,0.4470299592918738,292.6331383052237,289.1393616947762,1.2010800133892636,291.15166666666664,291.5790147591539,2623.09,46.1088481464308,4.414462403888873
2024-12-23,296.125,86.01662984858308,0.388017227862349,-0.2665457499781544,0.6545629778405034,294.01917777148003,288.26582222851994,1.9761304319912392,291.26916666666665,292.4055575302168,2612.945,44.558756998823085,4.4935444965567415
2024-12-24,294.75,69.98644241006359,0.5647144242041122,-0.100293715141701,0.6650081393458133,294.6009866937243,288.0440133062757,2.2507610594611056,291.34666666666664,292.83181979745007,2616.18,45.19150064277711,4.574115616744569
2024-12-26,294.05,63.49859917542293,0.640876450691735,0.0479403180249861,0.5929361326667489,294.95615129090936,287.99134870909063,2.389512805807978,291.4066666666667,293.05330710700457,2633.795,48.62946943210884,4.578460808686009
2024-12-27,292.25,50.52758058982665,0.549654375139994,0.1482831294479877,0.4013712456920063,295.0303114755889,288.07218852441105,2.386586561085871,291.41,292.9072512693673,2615.555,45.45027284922048,4.664647888037964
2024-12-30,292.5,51.99432586138417,0.4918632404467757,0.2169991516477453,0.2748640887990304,295.12041776539365,288.1670822346064,2.3841880824764066,291.4216666666667,292.8332055840278,2605.965,43.82791332619317,4.799400477787593
2024-12-31,293.125,55.54292637552196,0.490837556679196,0.2717668326540355,0.2190707240251605,295.26996698784257,288.2650330121574,2.400861636640532,291.4808333333333,292.8862591142045,2624.585,47.72926389131566,4.825025345593725
2025-01-02,293.2,55.963597114231135,0.4904232738792302,0.3154981208990745,0.1749251529801557,295.4072788804612,288.39772111953874,2.4013352954916325,291.5558333333333,292.94330291162186,2658.01,53.91674629439332,4.864476774104348
2025-01-03,293.75,59.025564238489615,0.5283844679946128,0.3580753903181821,0.1703090776764306,295.5917041330763,288.5482958669237,2.411548007721641,291.64916666666664,293.0899751095088,2638.26,50.13998183675955,4.850838130722769
2025-01-06,295.6,67.26950682476837,0.6996830164554808,0.4263969155456418,0.2732861009098389,296.0749331546067,288.59506684539326,2.558662599145992,291.8041666666667,293.5463432714163,2636.085,49.72687325076369,4.8459075435906485
2025-01-07,295.5,66.49076010667122,0.8179404773127885,0.5047056278990711,0.3132348494137174,296.4557078908795,288.7317921091205,2.6398088755344387,291.9525,293.9015535857042,2648.735,52.19392946060258,4.848801326103947
2025-01-08,296.0,68.45699644572369,0.9411571149951214,0.5919959253182812,0.3491611896768403,296.86487366624453,288.8876263337554,2.723760404774757,292.1191666666666,294.2830892973943,2662.1,54.72202379509372,4.857334019376012
2025-01-09,294.625,58.32205315031739,0.9172823198460378,0.6570532042238325,0.2602291156222053,296.96151005441936,289.2284899455806,2.638400555737487,292.235,294.34525487968625,2670.36,56.26148938279644,4.61349740884819
2025-01-10,294.55,57.81922567241912,0.8821407302579587,0.7020707094306577,0.1800700208273009,296.98780610982624,289.63719389017376,2.506068517247808,292.3525,294.38248126519784,2690.62,59.86594815872543,4.134996204878988
2025-01-13,294.55,57.81922567241912,0.8445552600080077,0.7305676195461277,0.11398764046188,296.94504096473787,290.11745903526213,2.3260153491240683,292.4808333333333,294.41293921698,2663.045,53.413985832076726,3.9579516957740433
2025-01-14,294.55,57.81922567241911,0.8054833928889593,0.7455507742146941,0.0599326186742652,296.8233017967544,290.6741982032456,2.0933207693679763,292.6108333333333,294.43785935934727,2677.36,56.06138159334272,4.169610850823328
2025-01-15,295.625,63.45906919895449,0.851447219016336,0.7667300631750225,0.0847171558413135,296.84219735251395,291.14280264748595,1.9386190821289653,292.77666666666664,294.6537031121932,2696.525,59.38882745535377,4.577252357244738
2025-01-16,296.3,66.48891795541988,0.9316018153381832,0.7997044136076547,0.1318974017305286,296.95268385145675,291.54731614854325,1.836998369724217,292.97,294.9530298190671,2714.685,62.30205234792844,5.193471859993219
2025-01-17,296.45,67.140949377267,0.995750267552296,0.838913584396583,0.1568366831557129,297.0405708021869,291.95942919781305,1.7253451967313742,293.1716666666667,295.22520621560034,2700.865,58.8426762345144,5.101164972218141
2025-01-20,296.85,68.87985154866548,1.066570276921766,0.8844449229016197,0.1821253540201463,297.32256666599625,292.07243333400373,1.7815330404881329,293.39,295.52062326730936,2706.425,59.80954989830296,5.0501972941714985
2025-01-21,297.6,71.88423898319428,1.169730452046906,0.941502028730677,0.228228423316229,297.75669131939867,292.0383086806014,1.9391085508684425,293.6325,295.8986917641622,2744.81,65.78546808570496,5.70791895450935
2025-01-22,298.625,75.38217063574595,1.318990071281121,1.0169996372407657,0.3019904340403552,298.2767241780376,291.76827582196245,2.2060854192731663,293.90833333333336,296.39438417067817,2756.305,67.35107514735012,6.238044222259455
2025-01-23,298.6,75.13663527507457,1.4189058405240758,1.097380877897428,0.3215249626266478,298.81869255083234,291.6113074491677,2.4414020634671725,294.18666666666667,296.7954052305549,2754.885,66.94355881666493,6.562759139320025
2025-01-24,298.25,71.61949738860349,1.453097331064555,1.1685241685308534,0.2845731625337016,299.21722889616706,291.63277110383297,2.567303983188319,294.45500000000004,297.0598770068176,2771.105,69.23350706256397,7.085316570106444
2025-01-27,298.5,72.60589369290317,1.4832690421027337,1.2314731432452295,0.2517958988575042,299.4611239070191,292.0138760929809,2.518195296179273,294.7325,297.3217175510326,2740.93,60.79580311699001,6.935856517633693
2025-01-28,296.95,58.93029515424423,1.3663577724932452,1.2584500690948328,0.1079077033984123,299.40457544567164,292.5154245543283,2.32773039983218,294.95750000000004,297.2541325417539,2763.89,64.35547577034694,6.734624904188244
2025-01-29,296.5,55.65290741751276,1.223292159295113,1.2514184871348888,-0.0281263278397758,299.32281774363406,292.9346822563659,2.157215564942001,295.14916666666664,297.1170175341623,2759.62,63.20606066830292,6.556196220049661
2025-01-30,297.55,61.09049628977189,1.1810237482789034,1.2373395393636917,-0.0563157910847882,299.2960497814977,293.3964502185023,1.9907792195768887,295.3625,297.19574161886004,2794.195,68.16427340967047,6.97811058212104
2025-01-31,298.0,63.17449672135844,1.170345947644762,1.2239408210199056,-0.0535948733751436,299.33716119183674,293.7803388081633,1.8737678061002816,295.5808333333334,297.3419704154309,2801.28,69.08366231895529,7.11166337824316
2025-02-03,299.55,69.27819091922058,1.27228959731724,1.2336105762793723,0.0386790210378673,299.7843217876106,293.7281782123894,2.040780463838992,295.8025,297.74343033989805,2815.0,70.83985862601175,7.179503000377389
2025-02-04,299.55,69.27819091922058,1.3376609513646829,1.2544206512964349,0.083240300068248,300.1604009414555,293.7570990585445,2.156293385162425,296.0008333333334,298.07189755082567,2842.58,74.03308827340368,7.553287937843319
2025-02-05,298.55,61.63446078915408,1.293861744976084,1.2623088700323648,0.0315528749437192,300.3278728576013,293.84462714239874,2.1822772730823266,296.0816666666667,298.15882526885736,2866.67,76.45807679782095,8.15979227916964
2025-02-06,298.25,59.51303971754424,1.2208696403128556,1.254021024088463,-0.0331513837756074,300.3393113550352,294.1956886449649,2.0666984147511256,296.1983333333334,298.17540249270144,2856.035,73.20771564189036,8.415911708919237
2025-02-07,297.25,52.96842927988087,1.0699969698181917,1.2172162132344089,-0.1472192434162171,300.2107423330124,294.5942576669877,1.888512929792012,296.305,298.00714749402846,2860.655,73.7301774550845,8.713607399009408
2025-02-10,296.8,50.28841673240988,0.9037007525381568,1.1545131210951585,-0.2508123685570016,300.0211624051371,295.0088375948629,1.6847301179013523,296.45666666666665,297.7876661314778,2908.045,78.3861142615993,9.106287853335605
2025-02-11,296.95,51.1752123224855,0.7750789213068856,1.078626281137504,-0.3035473598306184,299.7631094898813,295.5068905101188,1.430012928507225,296.605,297.6353631984818,2897.58,75.21584265763279,9.20359608210646
2025-02-12,296.95,51.1752123224855,0.6654740230908942,0.995995829528182,-0.3305218064372879,299.6498697040271,295.7526302959729,1.3091108646853626,296.7325,297.5107517078487,2903.91,75.85203299552595,9.339599146131658
2025-02-13,295.85,44.43380959989551,0.484268202288149,0.8936503040801755,-0.4093821017920265,299.7005854905686,295.6569145094315,1.3584009544306055,296.8208333333333,297.20879685187623,2928.14,78.16274270918198,9.716165737439528
2025-02-14,295.55,42.77868276680688,0.3128474799807463,0.7774897392602897,-0.4646422592795434,299.79802095136506,295.469479048635,1.4543182359964486,296.8808333333334,296.90719742426234,2885.16,66.08312785415306,9.288203809869866
2025-02-17,295.65,43.53372337507486,0.1829554897971093,0.6585828893676536,-0.4756273995705443,299.8832669951578,295.26423300484225,1.5522316704062535,296.8825,296.6786160743965,2899.265,67.83969524232499,8.833324273328612
2025-02-18,296.125,47.104090235980685,0.1169950360658163,0.5502653187072861,-0.4332702826414698,299.8941073494985,295.1058926505015,1.6094839324359551,296.90333333333336,296.5779586063244,2935.29,71.8497221712215,8.969528119209253
2025-02-19,296.9,52.393231546854345,0.1258067029592666,0.4653735955576822,-0.3395668925984156,299.76340290009455,295.06409709990544,1.5800566719558558,296.93333333333334,296.63651158699264,2932.94,71.22582477003468,9.003522088046214
2025-02-20,296.15,47.44863308753036,0.0714476761326636,0.3865884116726786,-0.3151407355400149,299.63620602323857,294.9462939767614,1.577547958938301,296.9841666666667,296.54805493481217,2939.675,71.9768583015034,8.909515941924854
2025-02-21,295.65,44.4377017141426,-0.0118415634167377,0.3069024166547954,-0.3187439800715331,299.5666852518667,294.7558147481333,1.6189427469878528,297.0208333333333,296.3847722193917,2934.92,70.57626286825332,8.772107388700132
2025-02-24,295.625,44.286379732985225,-0.0789560210304785,0.2297307291177406,-0.3086867501482191,299.4293509491516,294.6056490508485,1.6240463603333324,297.0566666666667,296.24663181586595,2952.76,72.72101468231676,8.213555798873555
2025-02-25,295.6,44.12456593233601,-0.1326330915707672,0.157257964980039,-0.2898910565508062,299.439929718069,294.460070281931,1.677002672550256,297.09166666666664,296.1290623947994,2914.995,62.35872434246279,7.482049237358866
2025-02-26,295.6,44.12456593233601,-0.1731762882439511,0.091171114335241,-0.2643474025791922,299.45757712928,294.35242287072003,1.7194571524763784,297.09083333333336,296.0328692321086,2916.38,62.56937743771256,6.438153709560907
2025-02-27,295.3,41.98938114883823,-0.226899005999428,0.0275570902683072,-0.2544560962677352,299.4187187648639,294.1662812351361,1.769733915017322,297.0575,295.8996202808161,2877.07,53.42981981976294,5.70148350556879
2025-02-28,295.25,41.6278279539087,-0.2703923147138312,-0.0320327907281204,-0.2383595239857107,299.3018188455056,294.0081811544945,1.784442430099307,297.01750000000004,295.7815075024859,2854.945,49.08403225345737,5.062007249325863
2025-03-03,295.25,41.6278279539087,-0.3013868749349058,-0.0859036075694775,-0.2154832673654282,298.793582376065,294.086417623935,1.587897973326806,296.9641666666667,295.6848697747612,2892.82,55.72321878301321,4.361271780092256
2025-03-04,295.2,41.2162326704985,-0.3262243580148833,-0.1339677576585587,-0.1922566003563246,298.15206601362166,294.2929339863783,1.302781533220262,296.88416666666666,295.5967116338955,2917.99,59.50246123954032,3.985172937940921
2025-03-05,295.275,42.14037360147025,-0.3359833620460222,-0.1743708785360514,-0.1616124835099707,297.7055859817917,294.4119140182082,1.1125062047933076,296.7725,295.5382186095508,2919.17,59.67623064312081,3.826777856861099
2025-03-06,295.55,45.52223779661449,-0.3178631132151395,-0.203069325471869,-0.1147937877432704,297.23927983657694,294.608220163423,0.889100544702449,296.6708333333333,295.54036068054154,2911.14,57.85687389319909,3.4781781604114577
2025-03-07,295.45,44.50358191931917,-0.3080211733823148,-0.2240596950539582,-0.0839614783283566,297.0132917546336,294.6542082453663,0.7974355560402738,296.5775,295.5239314658976,2909.36,57.43884020183906,3.122008635887175
2025-03-10,295.45,44.50358191931917,-0.2968000390587804,-0.2386077638549226,-0.0581922752038577,296.86889171466726,294.6636082853328,0.7456169963051855,296.4758333333333,295.5104893811889,2884.98,51.90687330780797,3.2227153627940366
2025-03-11,295.425,44.21670235168943,-0.2866205174199763,-0.2482103145679334,-0.0384102028520428,296.6572641836253,294.7227358163746,0.6542420667762401,296.425,295.49494585733635,2917.51,57.753432894582,3.2018300083488813
2025-03-12,295.35,43.31462221581676,-0.2813616840286954,-0.2548405884600858,-0.0265210955686096,296.3946018104265,294.82539818957355,0.5308357703910327,296.38666666666666,295.46859206509333,2938.16,60.99502280392112,3.2871251234012195
2025-03-13,295.35,43.31462221581677,-0.2740351144596502,-0.2586794936599987,-0.0153556207996514,296.3692831127371,294.800716887263,0.5306650288323542,296.31333333333333,295.44702987144,2987.325,67.4072428659989,3.947789670993197
2025-03-14,296.4,57.41944148091591,-0.18141133357841,-0.243225861643681,0.061814528065271,296.48800857109296,294.76699142890703,0.5821573237218893,296.26,295.6202971675418,2985.045,66.85832499643375,4.31561872343501
2025-03-17,296.375,57.05541852767935,-0.1087697806534606,-0.2163346454456369,0.1075648647921763,296.5840047206749,294.7434952793251,0.6225008785655357,296.15416666666664,295.7575158643524,3000.285,68.69347062448146,4.847584095729647
2025-03-18,296.075,52.73491848892803,-0.0745489653344293,-0.1879775094233954,0.1134285440889661,296.57673825821223,294.74576174178776,0.6192818695126503,296.0383333333333,295.815240252652,3034.55,72.39464741575354,5.816100516608907
2025-03-19,296.4,56.5716161334878,-0.0209622984567658,-0.1545744672300695,0.1336121687733036,296.43491685853644,294.8375831414636,0.5403037405165445,295.96666666666664,295.92156020671524,3050.21,73.9126105761264,6.797718720673399
2025-03-20,296.45,57.14793160734037,0.0252490479397806,-0.1186097641960995,0.1438588121358801,296.4977833725994,294.80471662740064,0.5726567180753454,295.9066666666667,296.01764016913063,3045.81,72.70294440607509,7.514215530708341
2025-03-21,296.35,55.55988718522479,0.0531895723480033,-0.0842498968872789,0.1374394692352823,296.5858992377168,294.7866007622832,0.6085161130873019,295.87666666666667,296.0780692292887,3023.84,66.8222308274356,7.874589390376557
2025-03-24,296.725,60.04384734500095,0.104388677541408,-0.0465221820015415,0.1509108595429495,296.74739052245417,294.7351094775458,0.680419469691285,295.87416666666667,296.19569300578166,3011.56,63.71977739884761,8.096860410183547
2025-03-25,296.5,56.368812890970446,0.1253636040884203,-0.0121450247835491,0.1375086288719694,296.84236019828626,294.73013980171373,0.7141036463231556,295.8591666666667,296.251021550185,3021.42,65.12008346206272,8.271751258539837
2025-03-26,296.31,53.39671435602906,0.1252116108806831,0.0153263023492972,0.1098853085313858,296.8979715157319,294.7455284842681,0.727614866541694,295.83783333333326,296.2617449046968,3019.32,64.54864793306328,8.373758372500053
2025-03-27,296.25,52.45611905677338,0.1188792901523356,0.0360368999099049,0.0828423902424307,296.9329523789219,294.8055476210781,0.7190354380672562,295.85116666666664,296.25960946747915,3055.22,69.47932209393099,8.378902740619855
2025-03-28,296.2,51.63976979506948,0.108574716474493,0.0505444632228225,0.0580302532516704,296.95000831761666,294.8834916823833,0.6983439211309836,295.8728333333333,296.2487713824829,3085.25,72.87751858811285,8.229089144726213
2025-03-31,296.2,51.63976979506948,0.0992640138326805,0.0602883733447941,0.0389756404878864,296.9570907480175,294.9714092519825,0.6709193749025429,295.89116666666666,296.2399038583951,3123.275,76.45267083272775,8.726428796403027
2025-04-01,296.075,49.410274844736975,0.0808665799813184,0.064404014672099,0.0164625653092193,296.9373621473483,295.07863785265164,0.6279304257644001,295.8895,296.2099213386869,3114.36,73.99017237267657,9.074454731362293
2025-04-02,296.05,48.95504125904618,0.0635367776192765,0.0642305672615345,-0.0006937896422579,296.9131233323019,295.18037666769817,0.5852949456812897,295.8611666666667,296.1808447316529,3135.565,75.97257619785047,9.45571658880906
2025-04-03,296.85,61.2563693827138,0.113052895112105,0.0739950328316486,0.0390578622804564,297.013632892023,295.20986710797706,0.6091503576085501,295.8845,296.3025093258978,3114.735,70.30404377365804,9.331468143090364
2025-04-04,296.7,58.41386561834606,0.1385934100126178,0.0869147082678424,0.0516787017447753,297.0570822326035,295.2914177673966,0.5961573179325671,295.9195,296.3747803575527,3036.385,53.98711793720293,8.656232191077871
2025-04-07,298.0,70.9816614212277,0.2607280765584505,0.1216773819259641,0.1390506946324864,297.4314104582454,295.17208954175453,0.7625067744253547,295.9986666666666,296.6702748379976,2983.235,46.16044829046901,7.617287345423565
2025-04-08,299.75,79.8219881408362,0.4930475095894167,0.1959514074586546,0.297096102130762,298.3382812971964,294.6977187028037,1.227771195810268,296.137,297.2302248674526,2982.835,46.10627461545138,6.942565398855657
2025-04-09,301.0,83.65283553637629,0.7691604840770196,0.3105932227823276,0.458567261294692,299.3964620569111,294.2045379430889,1.7492976305033887,296.317,297.91563852791575,3082.94,59.05664453989002,6.352275996977003
2025-04-10,297.5,53.19807847580625,0.6975206722473786,0.3879787126753378,0.3095419595720407,299.4318589502826,294.3841410497174,1.7000949454259242,296.39033333333333,297.8400678864765,3175.605,66.96906680168513,7.10425005278301
2025-04-11,298.1,56.145590782479616,0.681306908879435,0.4466443519161572,0.2346625569632777,299.5568884532915,294.4291115467085,1.7265649044196312,296.4853333333333,297.88732827075347,3230.98,70.62266745515412,8.370609582858918
2025-04-14,298.1,56.145590782479616,0.6608396366239049,0.4894834088577068,0.171356227766198,299.67009402288545,294.4884059771145,1.744210693197488,296.58033333333333,297.9259958578892,3210.705,67.67121355348124,9.035038299141323
2025-04-15,298.1,56.145590782479616,0.6372730884280031,0.5190413447717661,0.118231743656237,299.7647114853319,294.59628851466823,1.7391527945688363,296.677,297.95763297463657,3230.065,69.00331209082589,9.884657276669929
2025-04-16,298.5,58.33068943403145,0.6434557291470924,0.5439242216468314,0.0995315075002609,299.90474206611776,294.66625793388226,1.762105495301822,296.7845,298.0562451610663,3343.055,75.37952389556855,12.115710752398376
2025-04-17,299.025,61.07226909263934,0.6828471914865872,0.5717088156147826,0.1111383758718046,300.1086298453299,294.71987015467005,1.8118700400736911,296.9003333333333,298.2323824045088,3327.365,73.1298993677909,13.48266679320609
2025-04-21,299.225,62.09540147614151,0.7218821298837952,0.6017434784685851,0.12013865141521,300.3159456123934,294.8000543876067,1.8537196865104424,297.02616666666665,298.41285833096174,3424.405,77.58543131824754,15.614990604314428
2025-04-22,299.85,65.1756806740527,0.7940960317062604,0.6402139891161203,0.1538820425901401,300.61605680799386,294.8124431920061,1.9493906039055,297.1728333333333,298.6741568162414,3381.16,71.86635752871415,16.483887750791233
2025-04-23,299.7,63.83491648568067,0.8296585356218316,0.6781028984172626,0.151555637204569,300.8427248189801,294.9057751810199,1.9931060297961964,297.31533333333334,298.86067375874296,3288.33,61.4029757398564,16.340454815872064
2025-04-24,299.95,65.12270072873858,0.8680091180556815,0.7160841423449463,0.1519249757107351,301.0648574438049,295.04764255619506,2.0188185577755338,297.46866666666665,299.0587330753352,3349.595,65.02244322446796,16.39876495747472
2025-04-25,299.6,61.80461749132783,0.8602438009533557,0.7449160740666283,0.1153277268867274,301.18409098558226,295.26340901441773,1.9853153785251936,297.6103333333333,299.15714524345606,3304.985,60.56852419728834,16.215780317049937
2025-04-28,299.6,61.80461749132783,0.8443565148937182,0.7648041622320463,0.0795523526616719,301.2586616480125,295.5288383519876,1.9202222888465192,297.717,299.2376642901004,3343.885,62.95166544916243,16.29730439309924
2025-04-29,299.5,60.77847889606031,0.8143097065575944,0.7747052710971559,0.0396044354604384,301.2755622406447,295.84193775935535,1.819951510812988,297.82116666666667,299.2853616919003,3317.245,60.2654285862496,16.30559304934603
2025-04-30,299.475,60.50800669326292,0.7794945751653586,0.7756631319107965,0.003831443254562,301.218643321192,296.2388566788081,1.6669927626262762,297.9345,299.31984138428203,3288.4,57.40890791080705,16.08110170050664
2025-05-01,299.475,60.50800669326292,0.7433346337592752,0.7691974322804922,-0.0258627985212169,301.0813986341143,296.71860136588566,1.4596176875974014,298.03700000000003,299.34805204168526,3238.95,52.789394433829166,15.842505371527697
2025-05-02,299.5,60.71078223031246,0.7085274473726599,0.7570634352989258,-0.0485359879262659,301.0123421656575,297.0526578343424,1.3241652099069796,298.13866666666667,299.375678943197,3233.67,52.30542713695694,15.456523851058783
2025-05-05,299.5,60.71078223031246,0.6731824728832407,0.7402872428157888,-0.0671047699325481,300.8449159174425,297.5000840825575,1.1180278384159592,298.2436666666667,299.3982827717066,3333.915,59.83441962304459,14.467275589279186
2025-05-06,299.5,60.71078223031246,0.6378189461706256,0.7197935834867563,-0.0819746373161306,300.83525785336263,297.65974214663737,1.0611669961236982,298.3361666666667,299.4167768132145,3431.765,65.55089837851203,12.967032448783383
2025-05-07,299.35,58.46131143307365,0.5908780754280087,0.6940104818750068,-0.103132406446998,300.79943352305844,297.6555664769416,1.050661134460181,298.4311666666667,299.4046355744482,3364.485,59.301345714927216,10.162813279597668
2025-05-08,299.1,54.81583733812484,0.5274243667216183,0.6606932588443292,-0.1332688921227108,300.4777787818572,297.7872212181428,0.8994534407710223,298.5241666666667,299.34924728818487,3305.51,54.40496199353821,8.241401788737116
2025-05-09,298.85,51.36639244013885,0.451756368541794,0.6189058807838221,-0.1671495122420281,300.32893755403694,298.07106244596304,0.7546374024311177,298.61083333333335,299.2584750539694,3328.945,55.96103404110247,7.396084661749939
2025-05-12,298.85,51.36639244013885,0.3873241036596937,0.5725895253589964,-0.1852654216993027,300.2628657888358,298.2121342111643,0.6853190451302102,298.69916666666666,299.18420686233856,3235.915,48.83588535845159,7.356280958381673
2025-05-13,298.85,51.36639244013885,0.3324290345507847,0.5245574271973541,-0.1921283926465693,300.1788805235841,298.37111947641586,0.6040467954784869,298.7875,299.123441978277,3250.225,49.89272782811975,7.01308731759739
2025-05-14,298.65,48.32772252799237,0.2696772962511886,0.473581401008121,-0.2039041047569323,300.0873407487603,298.5176592512397,0.5244465039619132,298.87333333333333,299.03736161859024,3177.53,44.82708166709696,7.599885866670171
2025-05-15,298.5,46.123900917216645,0.2054737714153134,0.4199598750895595,-0.2144861036742461,300.0873407487603,298.5176592512397,0.5244465039619132,298.955,298.93965950611926,3239.83,49.554143576632,7.80209553088506
2025-05-16,299.15,55.577369065848735,0.2046821349038055,0.3769043270524087,-0.1722221921486032,300.0866116528115,298.5308883471886,0.5197720767010336,299.0316666666667,298.97790323227935,3192.46,46.30552888310653,8.36878879409897
2025-05-19,300.0,64.37945874587892,0.2695356147320353,0.3554305845883341,-0.0858949698562987,300.1801013457318,298.5148986542681,0.5562774673126447,299.14166666666665,299.16373900822856,3229.755,49.13292652709841,7.856091097433445
2025-05-20,300.35,67.25646544533896,0.3451953426347245,0.3533835361976122,-0.0081881935628876,300.28968318830783,298.4553168116923,0.6127371006406895,299.22,299.3794228249143,3289.985,53.4005405794338,7.461657389399967
2025-05-21,299.55,56.102502043479326,0.3367213933547077,0.3500511076290313,-0.0133297142743236,300.2737628958724,298.4562371041275,0.6071270160990284,299.2133333333333,299.41043685674805,3315.43,55.11384701076944,7.495937972592976
2025-05-22,299.325,53.41919877566379,0.3082962605187163,0.3417001382069683,-0.033403877688252,300.2019773613026,298.4655226386974,0.5801065608556439,299.1575,299.3949028827938,3294.745,53.39517143552087,7.310594084872999
2025-05-23,299.4,54.2054560853807,0.288495415584407,0.3310591936824561,-0.042563778098049,300.1840515465025,298.4634484534976,0.5748301272468057,299.22083333333336,299.3958296313767,3360.91,57.91590249932069,7.558585844466437
2025-05-26,299.7,57.309538650442384,0.2936258599738721,0.3235725269407393,-0.0299466669668672,300.1965453393022,298.46095466069784,0.5798275904350495,299.2741666666667,299.45113333476274,3342.25,56.25847804590114,7.5500595092528195
2025-05-27,299.6,55.9481911292588,0.2863220672878697,0.3161224350101654,-0.0298003677222957,300.2065722905692,298.4609277094308,0.5831766652234956,299.32416666666666,299.4782000011695,3300.705,52.64609430857508,7.518179983355388
2025-05-28,299.45,53.88066511312442,0.265370981083322,0.3059721442247967,-0.0406011631414747,300.2045808454005,298.46041915459944,0.5826837015028749,299.3691666666667,299.4730727282296,3287.525,51.51596262886523,7.518261476598894
2025-05-29,299.3,51.818449682671584,0.2339663297141214,0.2915709813226617,-0.0576046516085402,300.19344463084155,298.4540553691585,0.581106331082339,299.39583333333337,299.44160495946056,3317.72,53.954633191133546,7.420764772508949
2025-05-30,299.45,53.72577562342982,0.2186610748839825,0.2769890000349259,-0.0583279251509433,300.1891893705292,298.4533106294709,0.5799383575533933,299.41,299.44313133046774,3294.895,51.83229197821126,7.235771599639065
2025-06-02,299.5,54.37413925298453,0.2081665182519714,0.263224503678335,-0.0550579854263635,300.1891893705292,298.4533106294709,0.5799383575533933,299.4191666666667,299.45347108856447,3381.62,58.510273868725,7.524847135242456
2025-06-03,299.35,52.01935876151801,0.1856062072923805,0.2477008444011441,-0.0620946371087635,300.1779656854134,298.44953431458663,0.5774647408703399,299.40250000000003,299.4346581633709,3353.45,55.8039401920815,6.745231743269556
2025-06-04,299.3,51.22304024500571,0.1618269755457504,0.2305260706300654,-0.0686990950843149,300.17532103348896,298.4471789665111,0.5773729076263764,299.38916666666665,299.41017486093983,3372.695,57.2584453883384,6.811557395888201
2025-06-05,299.15,48.80908918250952,0.1293865292993246,0.2102981623639172,-0.0809116330645926,300.1756483414038,298.45185165859624,0.5759163028118736,299.36250000000007,299.3628703407689,3352.82,55.23666904284652,6.980410909991859
2025-06-06,299.05,47.21171624487313,0.0945185269205239,0.1871422352752386,-0.0926237083547146,300.1683615976676,298.47913840233247,0.5643465295804635,299.3441666666667,299.30598482426547,3312.435,51.27484191025425,6.938236057446728
2025-06-09,299.05,47.21171624487313,0.0661231572286169,0.1629384196659143,-0.0968152624372973,300.160229734122,298.5072702658779,0.5522128621460656,299.3258333333333,299.25944212894444,3325.665,52.47736383883444,6.768973592064709
2025-06-10,299.05,47.21171624487313,0.043122532458824,0.1389752422244962,-0.0958527097656722,300.151195819182,298.536304180818,0.5394773194242548,299.31083333333333,299.22136174186363,3323.225,52.22138574225298,6.643855573680233
2025-06-11,298.925,44.91674142904196,0.0146391651040289,0.1141080268004028,-0.0994688616963738,300.1256308488236,298.5893691511764,0.5131863065556085,299.2925,299.1674777887975,3355.075,55.28733950271915,5.760157677837753
2025-06-12,299.05,47.65687939564849,0.002127818428903,0.0917119851261028,-0.0895841666971997,300.0623846772067,298.7076153227933,0.452517445567883,299.27833333333336,299.1461181908343,3385.88,58.08864342368703,5.69268874603154
2025-06-13,299.85,61.02117806410241,0.0561188964648522,0.0845933673938527,-0.0284744709290004,300.1172445775439,298.72275542245615,0.4657301299471445,299.29,299.27409670159165,3432.53,61.97395614554807,5.26167054541563
2025-06-16,300.85,70.99145470750818,0.1775521468181864,0.1031851232787194,0.0743670235394669,300.36838354710426,298.5566164528957,0.6050063344186877,299.335,299.56062457402953,3385.24,56.278373612069785,4.619706392010121
2025-06-17,300.75,69.08832731149604,0.2626915635131013,0.1350864113255958,0.1276051521875054,300.47900639782904,298.4859936021709,0.6654855611456965,299.37666666666667,299.7768746514787,3388.63,56.58638723479045,4.57605332373649
2025-06-18,300.5,64.43755047846315,0.3064595787183748,0.1693610448041516,0.1370985339142231,300.6209399621034,298.43906003789664,0.7284345221536348,299.415,299.90835198757344,3369.41,54.25274796124875,4.54613549557102
2025-06-19,300.65,65.91992289342537,0.3492241538368716,0.2053336666106957,0.1438904872261759,300.78581662315065,298.40668337684934,0.7941131593941206,299.46666666666664,300.0431970807419,3370.625,54.38082661306256,4.3452655357128265
2025-06-20,300.5,63.087902169471896,0.3667835884301098,0.2376236509745785,0.1291599374555312,300.89969653506427,298.40280346493574,0.8332663621888852,299.52166666666665,300.1262521569706,3365.465,53.69329933475854,4.354228323494164
2025-06-23,301.175,69.44863982475492,0.4302072640979872,0.2761403735992603,0.1540668904987269,301.1394787028845,298.31052129711554,0.9438509986717694,299.5991666666667,300.31693358297593,3368.755,54.09183295294734,4.369584116473296
2025-06-24,300.45,57.90652975071647,0.4171607733637188,0.304344453552152,0.1128163198115668,301.21509282980884,298.31990717019124,0.9658103895911316,299.6525,300.3411274769803,3324.035,48.039656308727615,4.211635684525308
2025-06-25,300.15,53.91363371345913,0.3782535709551666,0.319126277032755,0.0591272939224116,301.2515427878133,298.3534572121867,0.9666649129432288,299.70250000000004,300.3063770266202,3332.295,49.17089766245657,3.85711844292166
2025-06-26,299.95,51.37050845041805,0.327505722105684,0.3208021660473408,0.0067035560583432,301.26655509880464,298.4034449011953,0.9548952582618208,299.75083333333333,300.24158120359834,3327.905,48.56572088605841,3.794003761211039
2025-06-27,299.85,50.09804700625813,0.2760365445500952,0.3118490417478917,-0.0358124971977965,301.27561606386587,298.43438393613417,0.9475353513303764,299.7741666666667,300.1703846211259,3271.135,41.45952051050568,4.105379883466485
2025-06-30,300.0,52.01797645331449,0.2445317866982463,0.2983855907379626,-0.0538538040397162,301.2923207854144,298.4676792145856,0.9419239598602164,299.7741666666667,300.139405599103,3303.05,46.2234082784606,4.252695516805566
2025-07-01,299.95,51.30933340995836,0.2130732808405468,0.2813231287584795,-0.0682498479179326,301.3013482672981,298.5186517327018,0.9278438646915116,299.7608333333334,300.1049682174479,3338.525,50.99694873735921,4.265269177404594
2025-07-02,299.925,50.93569544143793,0.1840038157857861,0.2618592661639409,-0.0778554503781547,301.30417653907443,298.5783234609255,0.9087956652007452,299.77333333333337,300.07224672336645,3357.675,53.40158575965673,4.2276645920915605
2025-07-03,299.925,50.93569544143793,0.1591316842951755,0.2413137497901878,-0.0821820654950122,301.29392541680016,298.6660745831999,0.8760086784453268,299.7933333333333,300.0454745918453,3326.105,49.12207976319379,4.271461357962492
2025-07-04,300.025,52.53901730161835,0.1458087130783383,0.2222127424478179,-0.0764040293694796,301.2714562206786,298.7860437793214,0.828391426274048,299.8141666666667,300.04175193878245,3337.345,50.63878687428343,4.169193300333417
2025-07-07,301.25,66.8359621215859,0.2314296477309199,0.2240561235044383,0.0073735242264815,301.40469579303897,298.8728042069609,0.8435737091855078,299.86583333333334,300.2614334044584,3336.965,50.583885081820696,4.132788435370243
2025-07-08,300.6,57.02071719027526,0.2440223498350064,0.2280493687705519,0.0159729810644544,301.39271451324004,299.0397854867601,0.7837447261698709,299.89916666666664,300.3229909672841,3301.605,45.62669486333594,4.2700540648916565
2025-07-09,300.4,54.37472049610494,0.2351531295481663,0.2294701209260748,0.0056830086220914,301.3076443391052,299.27235566089485,0.6777743775051948,299.9308333333334,300.33699260959605,3313.685,47.51888938310153,4.365080019557529
2025-07-10,300.4,54.37472049610494,0.2255245024909413,0.2286809972390482,-0.0031564947481068,301.2014638623262,299.5135361376737,0.5619728905229495,299.9675,300.3484484987604,3324.045,49.153151058013925,4.270117327734912
2025-07-11,300.65,57.250571084320576,0.2353536465060415,0.2300155270924468,0.0053381194135946,301.21693578205526,299.5780642179447,0.5455676442415663,300.0075,300.4032760444403,3356.445,53.979712556499926,3.539928495013118
2025-07-14,300.9,59.967968125410295,0.2603154699194761,0.2360755156578527,0.0242399542616233,301.225227241984,299.574772758016,0.5494189360745737,300.0541666666667,300.49358949090566,3343.505,51.86232792567928,3.3196802975162454
2025-07-15,300.925,60.24014564315944,0.2789001980078751,0.2446404521278572,0.0342597458800179,301.2521471489829,299.5653528510171,0.5614997226165268,300.1066666666667,300.5720277652864,3323.985,48.7554608348271,3.02909656028642
2025-07-16,301.45,65.5389416931835,0.332162874453104,0.2621449365929066,0.0700179378601973,301.4140958910036,299.49840410899645,0.6375942527429919,300.17833333333334,300.73165908068887,3347.575,52.46180834068216,2.90069123052376
2025-07-17,301.45,65.5389416931835,0.3701075597084582,0.2837374612160169,0.0863700984924412,301.54556823147806,299.4469317685219,0.698390233806966,300.255,300.8622665205636,3339.205,51.05094632347416,2.723656560470236
2025-07-18,301.65,67.4552001437991,0.4115729677038757,0.3093045625135887,0.102268405190287,301.71739459819656,299.3901054018034,0.7743337743725264,300.34166666666664,301.005490789552,3348.295,52.543600428941495,2.606658006790896
2025-07-21,301.75,68.40132622694841,0.4473470284671634,0.3369130557043037,0.1104339727628597,301.8314095247103,299.3335904752898,0.8309928387116727,300.4316666666667,301.1408561005425,3397.135,59.66121056538412,2.979829273244158
2025-07-22,301.75,68.40132622694841,0.4702771669174126,0.3635858779469255,0.1066912889704871,301.9935962078959,299.30140379210405,0.8954647604892279,300.52166666666665,301.2516095368075,3431.745,63.80415199260995,3.930784047059397
2025-07-23,301.7,67.26733163897072,0.4788944871628473,0.3866475997901099,0.0922468873727374,302.12500000032554,299.3249999996745,0.9310832157788806,300.6141666666667,301.33313507556977,3387.265,55.863407567059866,4.128052858293971
2025-07-24,301.775,68.12107256947725,0.4861713678433261,0.4065523534007531,0.079619014442573,302.2400016464999,299.39249835350006,0.9465922446010872,300.705,301.4134741527389,3368.625,52.89260981459683,4.171829641870103
2025-07-25,301.85,68.99204128005374,0.4923151191702573,0.423704906554654,0.0686102126156033,302.33542890024864,299.49707109975134,0.9432384593711062,300.7716666666667,301.49284248860454,3337.535,48.28072023283269,3.6840156269169233
2025-07-28,301.95,70.1625741791506,0.499495378823326,0.4388630010083884,0.0606323778149376,302.4356743126519,299.59182568734803,0.944757050235695,300.80833333333334,301.57596203613093,3314.625,45.15615288706437,3.5982921678555373
2025-07-29,302.1,71.87748130109104,0.511394495317063,0.4533692998701234,0.0580251954469396,302.53026339628497,299.7122366037151,0.9358445452022622,300.8533333333333,301.67124166592527,3326.615,47.08618271204825,3.631247167665373
2025-07-30,302.175,72.72169297343916,0.5208722134210575,0.4668698825803102,0.0540023308407472,302.6014373732363,299.86606262676366,0.9080571969351522,300.90916666666664,301.7628340903025,3275.52,40.539018390549685,4.0542760450924415
2025-07-31,302.25,73.5759359848789,0.5283448163410185,0.4791648693324519,0.0491799470085665,302.6463410048709,300.053658995129,0.8603557357696723,300.9625,301.8514097102475,3289.985,42.95718075166263,4.261629328260773
2025-08-01,301.225,50.36326250717171,0.4464120144539265,0.4726142983567468,-0.0262022839028203,302.5580853630761,300.26191463692385,0.7618097362901831,300.9866666666667,301.737517035657,3357.095,52.59043158300398,4.28237625667451
2025-08-04,300.9,45.46531883016844,0.3512064059731301,0.4483327198800235,-0.0971263139068934,302.5603077756676,300.2246922243324,0.7749414969965063,300.9775,301.5852412109921,3373.705,54.63256084931972,4.361251776468404
2025-08-05,300.75,43.36893284220098,0.2606469531067432,0.4107955665253675,-0.1501486134186242,302.54913010617145,300.2508698938285,0.7625282721774848,300.9875,301.4333791726299,3380.895,55.52560154796142,4.308480691448749
2025-08-06,300.75,43.36893284220098,0.1867254791731056,0.3659815490549151,-0.1792560698818094,302.5146668063287,300.3203331936712,0.7280047152728318,301.00749999999994,301.30912841396986,3369.365,53.700079774560734,4.242276481139004
2025-08-07,300.7,42.60940346987194,0.1226932647901435,0.3173238922019608,-0.1946306274118173,302.4807246900877,300.38427530991225,0.6954954691931028,301.0325,301.198377793248,3397.78,57.41581784632452,4.352550983663997
2025-08-08,300.7,42.60940346987194,0.0711273616149696,0.2680845860845626,-0.1969572244695929,302.4759610948107,300.3940389051893,0.690670356667747,301.06083333333333,301.1077636490211,3398.505,57.50951611280607,4.505594118394672
2025-08-11,300.8,44.84973754060968,0.0378933649778332,0.2220463418632167,-0.1841529768853834,302.4820931522016,300.3779068477984,0.6980679774419409,301.0875,301.05180662192635,3342.625,48.62824866856575,4.507368327775149
2025-08-12,301.025,49.61553817009572,0.0293722181541511,0.1835115171214036,-0.1541392989672524,302.4783599574977,300.3916400425024,0.6922619851693871,301.1233333333333,301.046932690667,3348.205,49.46745526493216,4.42908115575436
2025-08-13,300.85,46.26667940746275,0.0084012658774099,0.1484894668726049,-0.1400882009951949,302.47896461809023,300.3310353819098,0.712638886607854,301.15416666666664,301.0111267469093,3355.995,50.67879547498009,4.4217174154219245
2025-08-14,301.075,50.85919408245157,0.0098240096392601,0.1207563754259359,-0.1109323657866758,302.46947146900334,300.3030285309967,0.7188260705346178,301.19250000000005,301.02274006565307,3335.535,47.46081772959269,4.433477645331925
2025-08-15,301.03,49.93986932962791,0.007236996807137,0.0980524997021761,-0.0908155028950391,302.44198582388253,300.2685141761174,0.7212323819695045,301.22599999999994,301.02406005371614,3339.135,48.08545423992429,4.452979365694597
2025-08-18,301.1,51.41118544790951,0.0107117075875748,0.0805843412792559,-0.069872633691681,302.39914897385205,300.2463510261479,0.714449190346275,301.22099999999995,301.03786731667685,3332.915,47.04474891057521,4.351046016455757
2025-08-19,301.375,56.784837051673655,0.0352493105342546,0.0715173351302556,-0.036268024596001,302.36289848470466,300.2451015152953,0.7028771504558085,301.24683333333337,301.09916416819016,3315.9,44.22501396652752,3.886390160472671
2025-08-20,301.75,62.82283221913284,0.0839867565974827,0.074011219423701,0.0099755371737816,302.36935511755365,300.2436448824464,0.7054976361635904,301.29183333333333,301.21749795579194,3348.515,50.36610583853084,3.732600422140996
2025-08-21,301.9,64.93337999726279,0.133180063266991,0.085844988192359,0.0473350750746319,302.38794986556445,300.23755013443554,0.7136769788629636,301.3418333333333,301.341589236557,3339.075,48.69490389434748,3.6821703075830894
2025-08-22,301.9,64.93337999726279,0.1702041062329158,0.1027168118004704,0.0674872944324453,302.3956549013725,300.23484509862743,0.7171259346299667,301.3835,301.4431184662739,3373.235,54.56938756546054,3.752402630167427
2025-08-25,302.15,68.40084777574636,0.2172149193118002,0.1256164333027364,0.0915984860090638,302.43234292785644,300.2181570721435,0.7348159026543287,301.4251666666667,301.5716423814968,3365.775,53.13844024136636,3.682352006249052
2025-08-26,302.25,69.69183756619927,0.2595485772019401,0.1524028620825771,0.1071457151193629,302.4625352676105,300.20296473238943,0.7498589301100154,301.46933333333334,301.6949801303156,3393.685,57.61638055932421,3.808230885681606
2025-08-27,302.375,71.27181285429455,0.29972966441278,0.1818682225486177,0.1178614418641623,302.5052450541442,300.18025494585584,0.7715434030811675,301.5001666666667,301.81862010662184,3397.475,58.200493426523046,3.360961671981673
2025-08-28,302.35,70.48045292923193,0.3258005485305375,0.2106546877450016,0.1151458607855358,302.5265564942601,300.16894350573995,0.7823562606723113,301.5301666666666,301.9152346326906,3416.615,61.11501999466169,3.144292960196396
2025-08-29,302.05,61.63625558177445,0.3185820041950933,0.23224015103502,0.0863418531600732,302.6048930877794,300.17310691222065,0.8068596317578702,301.5435,301.93973742674683,3452.355,65.89679712082648,3.872259601198168
2025-09-01,301.95,58.97948447652456,0.3013186773887355,0.2460558563057631,0.0552628210829723,302.65907587069944,300.2239241293006,0.8078355970889344,301.55016666666666,301.9416033491565,3476.665,68.71491933529586,4.767207582963782
2025-09-02,302.15,62.46428015844397,0.3003138637667462,0.2569074577979597,0.0434064059687864,302.7229664671006,300.3000335328994,0.8035955292588126,301.56350000000003,301.9794936493098,3533.125,74.07349358512195,6.284228741849553
2025-09-03,302.05,59.73192346378704,0.2881270284359516,0.2631513719255581,0.0249756565103934,302.7566571933048,300.39634280669526,0.7826585913058551,301.57516666666663,301.9923129857989,3559.605,76.13784411259954,7.74232639415123
2025-09-04,301.95,57.0446890385662,0.2673182312003064,0.2639847437805078,0.0033334874197985,302.75765812512526,300.5203418748748,0.7417198207958855,301.581,301.9846197156536,3545.955,72.9148836067182,8.688688443680961
2025-09-05,301.95,57.04468903856621,0.2479686808738392,0.2607815311991741,-0.0128128503253348,302.740139013762,300.662860986238,0.6885209478653624,301.5843333333333,301.9783252218984,3594.685,76.70584838607505,10.01136291580446
2025-09-08,301.95,57.04468903856621,0.2299829228587668,0.2546218095310927,-0.0246388866723258,302.7157423900446,300.8022576099553,0.6341102602041147,301.58433333333335,301.9731751815532,3636.02,79.3465420966566,11.352124867468072
2025-09-09,301.875,54.73792741646885,0.2072877230139056,0.2451549922276553,-0.0378672692137496,302.697642288316,300.905357711684,0.5938620505968419,301.5768333333333,301.9553251485435,3626.01,77.06805613472265,12.220146340051418
2025-09-10,301.95,56.626762430051286,0.1931272362634217,0.2347494410348086,-0.0416222047713868,302.6402799441859,301.07272005581405,0.5193063221669485,301.5693333333333,301.9543569397174,3640.705,78.06391472548361,12.995293942550184
2025-09-11,301.85,53.425428190762574,0.1718547496496398,0.2221705027577748,-0.0503157531081349,302.59250515480915,301.1979948451908,0.4619185991228217,301.556,301.9353829506779,3634.035,76.4412620151867,13.33534825344768
2025-09-12,301.8,51.847131278283946,0.1492412088593369,0.2075846439780872,-0.0583434351187503,302.5102209454152,301.35727905458486,0.3818526053580741,301.5751666666667,301.91076786873646,3644.185,77.21733863466588,13.54656062831186
2025-09-15,302.05,58.45569236229409,0.1497663126976363,0.1960209777219971,-0.0462546650243607,302.413648833148,301.548851166852,0.286374623025767,301.61350000000004,301.93608280169343,3679.245,79.70439247245454,13.747125394120191
2025-09-16,302.05,58.455692362294094,0.1484709802325028,0.1865109782240982,-0.0380399979915954,302.3464362697528,301.6835637302472,0.2194833168900692,301.65683333333334,301.9567950195673,3689.805,80.39846908897408,13.58289770889921
2025-09-17,301.95,54.95676246341148,0.1377869336546382,0.1767661693102062,-0.0389792356555679,302.33524184261245,301.7147581573875,0.2054411671964043,301.69683333333336,301.95555956146416,3659.65,72.74770593199374,13.209252795198914
2025-09-18,302.025,57.033968709648455,0.133828926408114,0.1681787207297878,-0.0343497943216737,302.3361577744295,301.7263422255705,0.2019047859647127,301.741,301.96818509574337,3644.475,69.17998018747531,12.412179618827288
2025-09-19,302.4,65.58080551349526,0.1591173375236962,0.1663664440885695,-0.0072491065648732,302.39421264720744,301.7182873527925,0.2237746427742925,301.7976666666666,302.0466968965173,3684.445,72.94380203965645,11.920254699364914
2025-09-22,302.45,66.53661954583092,0.1811054962321918,0.169314254517294,0.0117912417148978,302.44883277358406,301.693667226416,0.2499958361373603,301.85266666666666,302.12002473351413,3746.5,77.53152388831144,11.509493668804108
2025-09-23,302.4,64.6045597883493,0.1922802018159473,0.1739074439770246,0.0183727578389226,302.47569930521087,301.6818006947892,0.2628118033531675,301.8985,302.17092932742065,3764.68,78.67248875871087,11.19035567692551
2025-09-24,302.45,65.67785436658241,0.2028326896458452,0.1796924931107887,0.0231401965350564,302.4917981809236,301.6732018190764,0.2709843707752679,301.9518333333333,302.2216694497078,3736.135,72.45140143849298,10.308656943737924
2025-09-25,302.5,66.76321800869232,0.212777428661866,0.1863094802210042,0.0264679484408617,302.5234166597021,301.6565833402979,0.2869453869390698,301.9993333333333,302.2722750043064,3749.375,73.49819602176954,9.36701584188372
2025-09-26,302.55,67.8578312558775,0.2221326808406729,0.193474120344938,0.0286585604957349,302.59181233300666,301.63818766699336,0.3156495592781879,302.05,302.3227704580688,3766.715,74.84625944341258,8.628693375907504
2025-09-29,302.55,67.85783125587749,0.2269308678087895,0.2001654698377083,0.0267653979710812,302.6511126365812,301.6388873634189,0.3350130808592708,302.09833333333336,302.3640849202381,3833.46,79.22650772387317,8.475895422160686
2025-09-30,302.55,67.85783125587749,0.2281040243472603,0.2057531807396187,0.0223508436076415,302.7010503716136,301.62894962838647,0.3548063949256567,302.1375,302.397887662013,3858.72,80.60316642011374,8.867294654631214
2025-10-01,302.45,62.69971261203636,0.2184464800472483,0.2082918406011446,0.0101546394461036,302.73212887047475,301.63787112952525,0.3621151747934217,302.16083333333336,302.40736263255604,3865.745,80.98066026224544,9.232729990842731
2025-10-02,302.45,62.69971261203636,0.2083906093843097,0.2083115943577776,7.901502653206993e-05,302.7575856105732,301.6624143894268,0.3623874859026556,302.1791666666667,302.4151148811822,3856.605,78.83104437736368,9.065705374303006
2025-10-03,302.4,60.05265767280704,0.1941486524901279,0.2054790059842477,-0.0113303534941198,302.77243055192935,301.69256944807057,0.3572948322429835,302.1958333333333,302.41236672096727,3885.925,80.60922986326428,9.34855483994457
2025-10-06,302.4,60.05265767280704,0.1807779038979902,0.2005387855669962,-0.019760881669006,302.78334647808674,301.72665352191325,0.3496031351585556,302.2041666666666,302.4101182262459,3960.055,84.21864364837543,10.427705132539796
2025-10-07,302.475,62.78582620667992,0.1742250050990037,0.1952760294733977,-0.021051024374394,302.7913101825033,301.7786898174966,0.3349886249753321,302.21166666666664,302.42191491238304,3984.845,85.21010099004747,11.31442382660472
2025-10-08,302.6,66.8560327244281,0.1770770074064103,0.1916362250600003,-0.01455921765359,302.8170247750677,301.8179752249323,0.3304636847471272,302.21916666666664,302.45429401922246,4041.01,87.17586628714892,12.507804053274064
2025-10-09,302.7,69.71019830383764,0.1852707185314557,0.1903631237542914,-0.0050924052228356,302.83733636034384,301.8826636396562,0.3157404156262911,302.2308333333333,302.49896783390926,3977.06,74.95924458962534,12.643448764722844
2025-10-10,302.6,63.79404403521709,0.1816017375778074,0.1886108465189946,-0.0070091089411872,302.8126136218136,301.9873863781864,0.2728926070196085,302.2491666666666,302.517337318653,4010.675,76.7997015890322,12.848851750042895
2025-10-13,302.575,62.36897318075867,0.1746633423853154,0.1858213456922588,-0.0111580033069433,302.81240897102884,302.0400910289711,0.2553739769804127,302.27000000000004,302.5278214425343,4110.23,81.20549217437036,13.901497050470176
2025-10-14,302.85,70.24337202029307,0.1891741342728323,0.1864919034083735,0.0026822308644588,302.8539596218899,302.07854037811023,0.2563655428596254,302.2933333333333,302.5863993620735,4141.98,82.35625640379499,14.88833877396477
2025-10-15,303.0,73.50061650957977,0.2103529696915984,0.1912641166650185,0.0190888530265799,302.89686208775413,302.1406379122459,0.2499759685997105,302.325,302.6615994780601,4208.05,84.48512535505238,15.847085496399888
2025-10-16,302.975,72.08436254750126,0.2225545875303396,0.1975222108380827,0.0250323766922569,302.92236620421653,302.2101337957834,0.2353971761335324,302.3591666666667,302.7185813911401,4328.08,87.44815468982044,17.37916918864027
2025-10-17,302.8,62.94172467570901,0.2156179110504013,0.2011413508805464,0.0144765601698548,302.9476621620886,302.2248378379114,0.2388820788046938,302.3875,302.7333847745692,4225.385,74.36274640963684,17.51319398745843
2025-10-20,302.8,62.94172467570901,0.2077260088390176,0.2024582824722406,0.0052677263667769,302.97092672979846,302.2365732702015,0.2426782416268621,302.4158333333333,302.7454966337384,4356.07,78.72547025545413,18.797865772723725
2025-10-21,303.15,71.36568955478174,0.2270958745269808,0.2073858008831887,0.0197100736437921,303.0661838194418,302.21631618055824,0.2808168545707341,302.4583333333333,302.8190427003314,4124.82,59.44752692601102,18.25275060719767
2025-10-22,303.35,74.87969824125678,0.2556381240030418,0.2170362655071593,0.0386018584958825,303.20163214065417,302.1708678593459,0.3405388521309703,302.50500000000005,302.91558039118024,4098.34,57.70499880753248,17.229366578753694
2025-10-23,303.55,77.81206131534418,0.29104144625353,0.2318373016564335,0.0592041445970965,303.3687251986429,302.1087748013572,0.416184052185492,302.56166666666667,303.03092941096565,4126.67,59.08672972241077,16.141680578881058
2025-10-24,303.675,79.42837686216417,0.3254338902245877,0.2505566193700643,0.0748772708545233,303.5382361676512,302.05176383234874,0.4909170677529145,302.6241666666666,303.14803315442646,4103.945,57.4649950300355,14.897149596388209
2025-10-27,304.075,83.55638963533009,0.380579720797698,0.2765612396555911,0.1040184811421068,303.7903902237443,301.9521097762558,0.606951121140914,302.69166666666666,303.3165725808944,3989.755,50.0337471585618,14.098675378555685
2025-10-28,304.3,85.33858595150166,0.4373967707248312,0.3087283458694391,0.1286684248553921,304.05502494311617,301.86247505688374,0.723712349035117,302.76666666666665,303.4953775661863,3934.685,46.88482204235881,13.640420574316844
2025-10-29,304.375,85.8876477166039,0.4829098808303911,0.3435646528616295,0.1393452279687616,304.28550802553417,301.82449197446573,0.8120691132198581,302.8475,303.6553089177887,3941.685,47.3385129428066,13.17712097367562
2025-10-30,304.225,79.47700579232598,0.5010992419577747,0.3750715706808585,0.1260276712769161,304.4411392056372,301.84636079436285,0.8559564270331548,302.9208333333333,303.7588891145544,4037.845,53.24646520201009,12.273173584695089
2025-10-31,304.45,81.68525294149056,0.5275883511948791,0.4055749267836627,0.1220134244112164,304.6143942726934,301.87810572730666,0.9023321954968088,302.9891666666667,303.8845456391808,4002.775,50.99930462224832,11.608132183294249
2025-11-03,304.425,80.64691933141371,0.5403352219510111,0.4325269858171324,0.1078082361338786,304.74945399386115,301.9455460061388,0.9243221017883348,303.055,303.9828100684207,4001.32,50.90332006948075,11.421099199954192
2025-11-04,304.7,83.17973435084296,0.5661017420938492,0.4592419370724758,0.1068598050213733,304.91805420094755,301.99944579905247,0.9617809346064614,303.1316666666667,304.11320823779874,3932.075,46.42515062560917,11.707324737999148
2025-11-05,304.7,83.17973435084296,0.5798378847459844,0.4833611266071776,0.0964767581388068,305.0624556918898,302.06504430811015,0.9874075490830672,303.20666666666665,304.219897649108,3979.68,49.70127387978617,11.897579106065452
2025-11-06,304.95,85.21924784184472,0.603935000672891,0.5074759014203203,0.0964590992525706,305.23529417862443,302.11720582137565,1.0267804470217146,303.2883333333333,304.35264353108835,3977.185,49.53032231058284,11.897033957921604
2025-11-07,304.8,79.02757076337734,0.6039662453372898,0.5267739702037142,0.0771922751335756,305.33644958421564,302.23605041578435,1.020585746863558,303.36333333333334,304.43398107089047,4004.175,51.47474386152112,11.91737580138059
2025-11-10,304.1,57.88962419205181,0.5412674627201,0.5296726687069914,0.0115947940131085,305.31374946198173,302.4112505380183,0.9552014230000196,303.415,304.37325723981945,4116.025,58.59408870103636,11.923941008982506
2025-11-11,304.275,60.718396933514704,0.4999363086728294,0.5237253967001589,-0.0237890880273294,305.3175197607991,302.54998023920086,0.9105732817096568,303.4725,304.35539228712497,4126.885,59.21969509911828,11.893703829153525
2025-11-12,304.5,64.06113573432722,0.4798057884514719,0.5149414750504215,-0.0351356865989496,305.3436914784558,302.6738085215441,0.8782256947905915,303.5408333333333,304.3816845985568,4195.55,63.02379133882302,11.834094164792832
2025-11-13,305.7,75.85988524677802,0.5542926368426606,0.5228117074088694,0.0314809294337912,305.58241086711547,302.7075891328846,0.9452142018546624,303.6491666666667,304.62137830791005,4171.125,60.84938332642638,10.692571325741213
2025-11-14,306.725,81.459125964942,0.6881009353048171,0.555869552988059,0.1322313823167581,306.0387684095912,302.6437315904088,1.11553620128144,303.7933333333333,305.0038549791991,4087.065,53.950603032726576,10.149838419381162
2025-11-17,307.0,82.62363346324523,0.8070322126149563,0.6061020849134384,0.2009301277015178,306.4601420218023,302.64235797819765,1.2535768753550218,303.9466666666667,305.3667904375265,4045.24,50.86080152854705,7.774145729317899
2025-11-18,307.875,85.70099164839321,0.9608156097939968,0.6770447898895502,0.2837708199044466,307.07603118853564,302.4989688114644,1.5017224712533253,304.1266666666667,305.8228285397944,4067.335,52.41133289939663,7.605656739434795
2025-11-19,308.25,86.78145635849371,1.1002662416602789,0.761689080243696,0.3385771614165829,307.6748048652454,302.3901951347545,1.732474320110429,304.315,306.26413244165,4077.865,53.16973263878848,7.5526047463843105
2025-11-20,308.15,84.93830220914964,1.18900658011205,0.8471525802173667,0.3418539998946832,308.13902133677107,302.3859786632289,1.8846214892239157,304.49666666666667,306.607017452259,4077.19,53.11130186116464,7.371623423519631
2025-11-21,307.8,78.64258472996671,1.2170623258493831,0.9211345293437702,0.2959277965056132,308.450019654174,302.48748034582604,1.9519310267737415,304.67,306.8239233700301,4068.485,52.31287441173194,7.2713900443956465
2025-11-24,307.7,76.88901677169845,1.2171964591096869,0.9803469152969536,0.2368495438127331,308.71002450985253,302.5899754901474,2.0023062390659603,304.84083333333336,306.9832100300246,4135.52,57.599050393390336,7.425865246736476
2025-11-25,307.9,77.94808935513174,1.2193847805060614,1.028154488338775,0.1912302921672863,308.97358871369937,302.6864112863007,2.055775243566249,305.00916666666666,307.1498991154747,4130.665,57.10532058338893,7.130240684702077
2025-11-26,307.95,78.21684205483801,1.2111917584604155,1.0647619423631032,0.1464298160973125,309.2071587842078,302.8103412157922,2.090403483042756,305.1741666666667,307.2953720035701,4163.42,59.62016770772879,6.931204070314917
2025-11-27,308.0,78.49903698498329,1.1949585730006334,1.0908012684906092,0.1041573045100241,309.39812103362726,302.9968789663727,2.090559873040944,305.34166666666664,307.4234861847392,4157.3,58.92503691309656,7.123507271103831
2025-11-28,308.175,79.50003719231309,1.182582617748665,1.1091575383422203,0.0734250794064443,309.58945877512247,303.1780412248776,2.092610182571658,305.5208333333333,307.56012506024115,4252.05,65.61024457318442,7.826478666167675
2025-12-01,308.5,81.24623971542431,1.1853355574486957,1.1243931421635154,0.06094241528518,309.78732421406187,303.3876757859381,2.087380740611989,305.7108333333333,307.73101141292454,4231.515,63.20910431892317,8.11226109579191
2025-12-02,308.8,82.71027704296242,1.1979159454479031,1.139097702820393,0.0588182426275101,310.00766329303764,303.5773367069624,2.095985588329323,305.8991666666667,307.925372974211,4206.26,60.28692826697056,7.459720368966499
2025-12-03,308.675,79.9110129908574,1.184149401054697,1.1481080424672538,0.0360413585874428,310.15547482622463,303.82702517377544,2.061443006095188,306.07666666666665,308.06166879708167,4202.84,59.883194459795526,7.035816622298728
2025-12-04,308.675,79.9110129908574,1.1598690668315044,1.150460247340104,0.0094088194914003,310.2770523871836,304.0779476128164,2.018085561073726,306.2475,308.1731835612486,4207.915,60.30798005943446,6.406883078896267
2025-12-05,308.45,74.63768908804171,1.1096794139007216,1.1423040806522275,-0.0326246667515059,310.3040363450364,304.4159636549636,1.915692572251697,306.4066666666667,308.2235138228397,4202.205,59.54402749363496,5.818210993130064
2025-12-08,308.575,75.60099047711815,1.0676826269731805,1.1273797899164182,-0.0596971629432376,310.1599523893504,305.0075476106496,1.6751225572549815,306.5566666666667,308.2874204005052,4190.42,57.91342163671143,5.844065149440306
2025-12-09,308.65,76.18544637256997,1.0285947440302152,1.1076227807391776,-0.0790280367089624,309.9198627466484,305.6851372533516,1.3757930794248794,306.7016666666667,308.35334396404966,4207.715,59.6593612733788,5.936639499199885
2025-12-10,308.8,77.35383902279074,0.9982142688580212,1.0857410783629464,-0.0875268095049253,309.53934920438724,306.49565079561285,0.9881576237630618,306.8491666666667,308.43455415240425,4228.5,61.714917400581726,6.079936345078832
2025-12-11,309.25,80.45231196673885,0.998933676984052,1.0683795980871675,-0.0694459211031155,309.3864906633682,307.0035093366318,0.7732057063665533,307.01666666666665,308.58281703378526,4280.64,66.34737259959219,6.611437157445044
2025-12-12,309.0,74.3648922141625,0.968170436319383,1.0483377657336106,-0.0801673294142275,309.34089279578626,307.2766072042138,0.669551412852362,307.1683333333333,308.6586684821879,4299.9,67.89281834746198,6.98583964521008
2025-12-15,309.2,75.9337304559027,0.9489893168662888,1.0284680759601463,-0.0794787590938574,309.33155816763065,307.50594183236933,0.5919278044092053,307.32750000000004,308.7570923945174,4305.465,68.34516194961174,6.916118990551026
2025-12-16,309.5,78.098868152145,0.9470783051367562,1.0121901217954683,-0.0651118166587121,309.4907068188385,307.5092931811615,0.6422734644009567,307.4875,308.8921665046051,4302.265,67.75404827102382,6.80745592916595
2025-12-17,309.65,79.1108043918722,0.9467539705321996,0.9991028915428146,-0.0523489210106149,309.6717713015381,307.468228698462,0.7141143348595552,307.65250000000003,309.0299544128587,4338.77,70.85125472203481,6.879247450848182
2025-12-18,309.35,71.95044601988049,0.9117790192548229,0.9816381170852162,-0.0698590978303934,309.7639753087668,307.4960246912332,0.7348445120479677,307.7991666666667,309.08814451961166,4332.46,69.60671775568386,6.672044461960772
2025-12-19,309.55,73.66194292231017,0.8899407637611034,0.9632986464203936,-0.0733578826592902,309.8518610540268,307.5831389459733,0.7348861363717485,307.95750000000004,309.1721182433186,4339.645,70.24757994454184,6.180887603786401
2025-12-22,309.6,74.08762182166609,0.8666778483314488,0.9439744868026048,-0.0772966384711559,309.90765980609785,307.71734019390215,0.709271681747244,308.1408333333333,309.24991492635155,4443.265,77.58734108007185,7.1021085574362814
2025-12-23,309.55,72.82016053279311,0.8345866428144291,0.9220969180049696,-0.0875102751905405,309.95065145805427,307.8393485419457,0.68350181003531,308.31666666666666,309.3044758488331,4484.305,79.72113165636335,8.047762822476667
2025-12-24,309.6,73.31185144262929,0.8039216055253746,0.8984618555090507,-0.094540249983676,309.98147958190987,307.9735204180902,0.6498722929079598,308.4866666666667,309.3582075126816,4479.325,78.7414867261664,8.750900396731364
2025-12-26,309.6,73.31185144262929,0.7707347916319236,0.8729164427336252,-0.1021816511017016,309.98958100554177,308.12541899445824,0.6031764351564101,308.6166666666667,309.4021697831031,4531.58,81.3335215201745,9.603446834406366
2025-12-29,309.875,76.07286220154843,0.7578877460842364,0.8499107034037475,-0.0920229573195111,310.0468091290547,308.2381908709454,0.5850435505015573,308.72166666666664,309.488138913448,4332.01,54.16863401137198,9.546543965924128
2025-12-30,310.05,77.65695987533411,0.7531456135773169,0.8305576854384614,-0.0774120718611445,310.1558952937649,308.28410470623504,0.6053264949000254,308.8233333333333,309.5902954746392,4338.71,54.71546420124154,9.413416023966082
2025-12-31,309.6,65.6253910849669,0.704949975703471,0.8054361434914634,-0.1004861677879924,310.1890317545118,308.3309682454882,0.6008095159489177,308.8808333333333,309.5920599337957,4318.59,52.6826614229387,9.124964123468889
2026-01-02,309.75,67.43646765245012,0.6711220545691958,0.77857332570701,-0.1074512711378141,310.22540714547256,308.4020928545274,0.589470817558281,308.9308333333333,309.6207763094692,4331.505,53.86745765424156,8.7768479241595
2026-01-05,309.95,69.72671316784655,0.652924998927574,0.7534436603511229,-0.1005186614235488,310.2798441698659,308.4751558301341,0.5833288909929768,308.99083333333334,309.68063516229296,4449.125,62.9630336990618,8.72579262000695
2026-01-06,310.0,70.28929815094966,0.6352159097618824,0.7297981102332749,-0.0945822004713925,310.2890563535462,308.6209436464538,0.5390485553933221,309.0641666666667,309.73870149642147,4495.035,65.79762159793138,8.759924368428402
2026-01-07,310.05,70.87223354732106,0.6180909434952468,0.7074566768856694,-0.0893657333904225,310.2967465826035,308.76075341739653,0.4962360249918452,309.1425,309.7953012243448,4456.41,61.53090581891695,8.27759309580475
2026-01-08,309.1,50.57016897247353,0.5218466999131692,0.6703346814911694,-0.1484879815780001,310.23690206255844,308.86559793744163,0.4429974439181905,309.1825,309.66888281991845,4478.355,62.99898321956962,7.852357889239212
2026-01-09,309.15,51.359918654961945,0.444483298817147,0.6251644049563649,-0.1806811061392179,310.19182202704866,308.9456779729514,0.4025419407150339,309.2225,309.5745404890242,4508.015,64.94610671828912,7.571092002217304
2026-01-12,309.1,50.49115759753355,0.3748170068037666,0.5750949253258453,-0.2002779185220786,310.2028252106266,308.91967478937346,0.4145061506416387,309.25916666666666,309.4882604001107,4598.515,70.11396155704303,8.198243502397817
2026-01-13,309.125,50.93802199928979,0.3179580372000714,0.5236675477006905,-0.205709510500619,310.1892113485296,308.9457886514704,0.4016644825633372,309.2908333333333,309.422213054636,4586.07,68.6158994738939,8.55887348026516
2026-01-14,309.45,56.44213799243127,0.295712883952774,0.4780766149511072,-0.1823637309983331,310.1813734288198,308.97862657118026,0.3885092246396949,309.32250000000005,309.4272652265203,4627.52,70.84988280440389,9.062666706023736
2026-01-15,309.45,56.44213799243128,0.2749143976883488,0.4374441714985556,-0.1625297738102067,310.18059617880607,308.9744038211939,0.3896253305269818,309.34416666666664,309.43139882169845,4616.175,69.39390019458492,9.208367331522007
2026-01-16,309.8,61.795332228974594,0.2834065876783711,0.4066366547345187,-0.1232300670561475,310.1952048843548,308.9747951156452,0.3942083010189773,309.3816666666667,309.4984172177533,4582.265,65.08835343922453,9.18497736004178
2026-01-19,309.75,60.64862111505428,0.2828417041927196,0.3818776646261589,-0.0990359604334393,310.2092764275482,309.0007235724518,0.3903531451676814,309.4175000000001,309.54415954179814,4671.02,70.28509460493514,9.537240410376176
2026-01-20,309.7,59.46036353412509,0.2751872603883498,0.3605395837785971,-0.0853523233902472,310.2175826397199,309.0074173602801,0.3908644771899779,309.45916666666665,309.5724941705621,4763.63,74.54318233805905,10.458668276659452
2026-01-21,309.65,58.23169765660938,0.2620655478876301,0.3408447766004037,-0.0787792287127736,310.2202685361807,309.0097314638192,0.3909814034725352,309.49499999999995,309.5865861395508,4832.66,77.1693540837431,12.08661955430317
2026-01-22,309.775,60.43292488679413,0.2587700119069041,0.3244298236617038,-0.0656598117547997,310.23462385782955,309.0178761421705,0.3929730491710697,309.5325,309.620843205087,4936.16,80.42931375126751,14.345908501086427
2026-01-23,309.8,60.87700853954777,0.2552333952621097,0.310590537981785,-0.0553571427196752,310.24912743545536,309.0233725645447,0.3958693050024638,309.56583333333333,309.6534171677984,4981.83,81.672865709469,16.415699679228553
2026-01-26,309.55,54.3123233567194,0.2296108791414326,0.2943946062137146,-0.0647837270722819,310.2476056433644,309.0198943566355,0.3965043496482185,309.5758333333333,309.63461404638053,5010.965,82.43945807473442,18.2968367380072
2026-01-27,309.7,57.28838887518013,0.2188854220195821,0.2792927693748881,-0.0604073473553059,310.22977268530445,309.02022731469555,0.3906484846536641,309.5991666666667,309.64650240158403,5178.535,86.05289136801454,20.391698053759512
2026-01-28,309.65,55.97940257129594,0.2039992613455297,0.2642340677690164,-0.0602348064234867,310.17784378402007,309.03215621598,0.3700481478141834,309.6141666666666,309.6471383285688,5415.17,89.37712531218605,23.920340231678267
2026-01-29,309.4,49.84660329172406,0.170068517098457,0.2454009576349045,-0.0753324405364475,310.1747844434705,309.0152155565294,0.3745438030139659,309.6108333333333,309.6022040870108,5378.77,85.9822540564936,25.644512259573016
2026-01-30,309.25,46.55127982649185,0.129580685940823,0.2222369032960882,-0.0926562173552651,310.1638434144541,308.9761565855459,0.3836569528404647,309.5975,309.5381669802816,4847.87,53.85289754919224,24.279996351213185
2026-02-02,309.6,54.16536495026807,0.1243029756498685,0.2026501177668443,-0.0783471421169757,310.1205889022773,308.9844110977227,0.3670388074897031,309.6058333333333,309.5494093475031,4661.28,47.18004033451199,23.53973672083569
2026-02-03,309.475,51.35176440463718,0.1087799493461147,0.1838760840826984,-0.0750961347365836,310.056456328603,308.996043671397,0.3425921572745541,309.6033333333333,309.5358803752298,4947.22,56.14748137112841,22.945659797530023
2026-02-04,309.475,51.35176440463718,0.0953783766084939,0.1661765425878575,-0.0707981659793636,309.9702314257491,309.0247685742509,0.3054831950171416,309.5991666666667,309.5248112160971,4965.0,56.640424719998585,22.00029291634844
2026-02-05,309.465,51.10546268491743,0.0829939150435734,0.1495400170790007,-0.0665461020354273,309.9525025053056,309.0789974946944,0.2822166596081819,309.59633333333335,309.513936449534,4779.63,50.29293732415614,20.93577688145698
2026-02-06,309.375,48.8352193489775,0.0651657025348981,0.1326651541701802,-0.067499451635282,309.9362114378786,309.11778856212135,0.2644108190100632,309.5888333333333,309.4886752768914,4952.97,55.33373232394624,19.91785389127113
2026-02-09,309.45,50.79678133137344,0.0564380066659282,0.1174197246693298,-0.0609817180034016,309.9063687619713,309.18263123802865,0.2338072632344123,309.5838333333333,309.4816434083657,5058.52,58.11885067977605,19.434881778821147
2026-02-10,309.43,50.24360306275517,0.0473614585444011,0.1034080714443441,-0.056046612899943,309.8719114180046,309.24758858199544,0.2016808826112335,309.569,309.47225369775373,5025.48,56.92234906267177,18.61971762879808
2026-02-11,309.325,47.329500556589146,0.0313344027963466,0.0889933377147446,-0.0576589349183979,309.8789243397329,309.22807566026705,0.2102540205379253,309.5448333333334,309.4454802981621,5084.65,58.56741939575706,17.982516250273157
2026-02-12,309.33,47.4856955305074,0.0188193659247417,0.074958543356744,-0.0561391774320022,309.88455340955204,309.210446590448,0.2177716890312646,309.53583333333336,309.4244838803144,4921.96,52.61755467007192,16.935638344400523
2026-02-13,309.225,44.50117175475989,0.0004236035219378,0.0600515553897828,-0.0596279518678449,309.8627685327722,309.17473146722784,0.2222925317268617,309.5183333333334,309.3882140838936,5032.915,55.907484122629626,15.47478479510686
2026-02-16,309.2,43.79538103828049,-0.015988160224083,0.0448436122670096,-0.0608317724910926,309.8447309059776,309.1377690940224,0.2284270757106182,309.4933333333333,309.3539933413675,4992.47,54.42406877749932,14.394928942972344
2026-02-17,309.4,50.5519790368067,-0.0127097624726388,0.0333329373190799,-0.0460426997917188,309.8183008016228,309.1341991983772,0.2210514064473794,309.4733333333333,309.3623581883916,4877.525,50.3363199052952,13.93817439045351
2026-02-18,309.325,48.21140793852369,-0.0159792826107718,0.0234704933331095,-0.0394497759438814,309.7983489336334,309.12165106636667,0.2186705445830605,309.44916666666666,309.35556579050217,4977.445,53.598951369601565,13.606263920214897
2026-02-19,309.35,49.05809377800848,-0.016364470381518,0.015503500590184,-0.031867970971702,309.747373963572,309.130126036428,0.1994733778959233,309.45750000000004,309.35455382859266,4996.325,54.2110536819149,13.5462841522669
2026-02-20,309.4,50.7908934269345,-0.0124911619923864,0.0099045680736699,-0.0223957300660563,309.67922792783827,309.1582720721617,0.1683659622038294,309.46583333333336,309.3628167688485,5097.435,57.44839835395402,13.618639183698496
2026-02-23,309.35,48.99608052662881,-0.0133027732317714,0.0052630998125816,-0.0185658730443531,309.6636004480886,309.1538995519114,0.1647338338612436,309.4741666666667,309.3604864472397,5227.605,61.24709036813355,14.104425086070895
2026-02-24,309.4,50.86590555953296,-0.0097984484394828,0.0022507901621687,-0.0120492386016516,309.6107724663277,309.1767275336723,0.1402888496149036,309.4833333333333,309.3676707295597,5143.935,57.68252964350356,13.998927527692905
2026-02-25,309.35,48.93397035585407,-0.0109298355857845,-0.0003853349874218,-0.0105445005983626,309.5616399966947,309.19586000330526,0.118230483958392,309.48,309.3644578696397,5165.025,58.34067866603972,12.357204273478004
2026-02-26,309.15,42.05357530401724,-0.0276461094401838,-0.0058374898779742,-0.0218086195622095,309.5740930919974,309.1584069080027,0.1343670112672905,309.47,309.32546552970524,5185.255,58.99939553877162,10.888286241685536
2026-02-27,309.23,45.36287021737456,-0.0340460834351006,-0.0114792085893995,-0.022566874845701,309.5754992589547,309.1550007410453,0.1359229964934447,309.451,309.3081081606679,5263.825,61.54276914575029,11.418114812714157
2026-03-02,309.23,45.36287021737456,-0.0386723185201844,-0.0169178305755565,-0.0217544879446279,309.53509211130563,309.15840788869446,0.1217676353836511,309.4336666666666,309.2939066769101,5322.165,63.36023769143819,10.535947663009212
2026-03-03,309.875,64.38276536255182,0.0095968399575667,-0.0116148964689318,0.0212117364264986,309.6606764378906,309.0728235621095,0.1900181179073366,309.4395,309.399560008381,5088.505,52.631733003212375,10.366666917605196
2026-03-04,310.55,74.41892854359308,0.1011513448622736,0.0109383517973092,0.0902129930649643,310.0142246844211,308.8267753155789,0.3837655775367762,309.46950000000004,309.60873091594806,5141.395,54.50939737455992,10.29993473563066
2026-03-05,310.9,77.89678684454893,0.1996495883646503,0.0486805991107774,0.1509689892538728,310.3693501943284,308.61514980567165,0.5667994557720677,309.50699999999995,309.8435071130484,5081.155,51.98196667915797,8.864448799858177
2026-03-06,311.0,78.78428501032612,0.2825225758567171,0.0954489944599653,0.1870735813967517,310.66657410585503,308.480425894145,0.7061806684713062,309.547,310.05377854703954,5153.265,54.69025389234907,8.608247187387008
2026-03-09,311.45,82.2400952135547,0.3801293600643589,0.1523850675808441,0.2277442924835148,311.035854946734,308.311145053266,0.8798653722284931,309.61033333333336,310.3076369930324,5133.97,53.815607382291525,8.608670897784034
2026-03-10,310.85,66.65095955779685,0.4044067054114748,0.2027893951469702,0.2016173102645045,311.1939202292263,308.2950797707737,0.9358811725317422,309.64866666666666,310.4062484488446,5191.93,56.087456567234746,8.647572929070833
2026-03-11,310.9,67.20878633805532,0.4228073981431635,0.2467929957462089,0.1760144023969545,311.3424118580291,308.30408814197096,0.9806635609361564,309.69033333333334,310.49602145814555,5181.99,55.58248732060977,8.731906832412337
2026-03-12,310.9,67.2087863380553,0.4324055773699911,0.2839155120709654,0.1484900652990257,311.4722348776382,308.3312651223618,1.0135372760161525,309.7403333333333,310.56947210211905,5078.39,50.481124011556496,8.077996743678401
2026-03-13,311.225,70.88060397826658,0.4609237453982473,0.3193171587364217,0.1416065866618255,311.6403539029888,308.3631460970112,1.057157840553346,309.8061666666667,310.68865899264284,5019.83,47.81000602898439,8.123425891056694
2026-03-16,311.4,72.65611434861117,0.4919744611423198,0.3538486192176014,0.1381258419247183,311.81441930168194,308.409080698318,1.0981004761554278,309.8661666666667,310.81799372125323,5010.69,47.38853555678885,8.042874026136955
2026-03-17,311.35,71.31811063524515,0.5067067944331143,0.384420254260704,0.1222865401724102,311.96036186132983,308.45813813867017,1.1289875213778005,309.9286666666667,310.9147221355708,5003.05,47.01543946358284,7.1257436466389805
2026-03-18,311.375,71.5997298669192,0.5144690863909887,0.410430020686761,0.1040390657042276,312.0836932132238,308.5398067867761,1.1420406821358429,309.992,310.99840902001245,4836.86,39.69439829234502,8.31724699043076
2026-03-19,311.6,74.06761118502851,0.5326364765415406,0.4348713118577169,0.0977651646838236,312.2231615461551,308.62533845384496,1.1590019440524173,310.06316666666663,311.107789198192,4655.29,33.547974005541334,11.348069476164476
2026-03-20,311.95,77.36289545744977,0.5687204833371311,0.4616411461535998,0.1070793371835313,312.40291794237845,308.7005820576215,1.1921800101776798,310.149,311.2609184348844,4493.95,29.218510976659218,15.448606627401617
2026-03-23,313.5,85.90498648203194,0.7141570073696926,0.5121443183968184,0.2020126889728741,312.928165109194,308.59033489080605,1.3958812870052688,310.284,311.6680241739963,4416.89,27.399709369733102,18.938443564514166
2026-03-24,314.325,88.41153523814432,0.885776426399616,0.5868707399973779,0.298905686402238,313.5813569449582,308.42964305504177,1.6564703485682526,310.4471666666667,312.1511106878151,4471.2,30.67501992175511,21.24904219850584
2026-03-25,314.5,88.86392382176834,1.02410188089425,0.6743169681767524,0.3497849127174975,314.1377145946841,308.388285405316,1.847129016095112,310.61966666666666,312.5781814718487,4515.91,33.341150932878335,22.70831382686248
2026-03-26,314.5,88.86392382176834,1.1208058480236789,0.7636147441461376,0.357191103877541,314.5604239265845,308.5005760734154,1.9451860582412053,310.79200000000003,312.92760302242164,4387.03,29.785185116063715,24.624901214260653
2026-03-27,314.75,89.54042871606654,1.2037413681618432,0.8516400689492788,0.3521012992125644,314.9513864845793,308.66161351542075,2.017203929090172,310.97616666666664,313.2589479274359,4494.04,35.89839637530045,25.069318831968545
2026-03-30,315.55,91.3510816360536,1.3188191532483415,0.9450758858090912,0.3737432674392502,315.433991356004,308.811008643996,2.1219177444778974,311.18783333333334,313.67550284972026,4511.21,36.84846542836669,24.691579603063563
2026-03-31,315.25,85.38205033916584,1.3700189090483263,1.0300644904569385,0.3399544185913881,315.80051220037257,308.98198779962746,2.182687383447873,311.38283333333334,313.96177505886203,4667.33,44.85211506784832,24.53437517412077
2026-04-01,315.25,85.38205033916584,1.394519926737246,1.1029555777129998,0.2915643490242461,316.1417327194696,309.11076728053047,2.2490003443214124,311.58033333333333,314.19599777543255,4758.19,48.91033940994131,23.881151950759342
2026-04-02,315.5,86.25035055403922,1.4177669357329137,1.1659178493169826,0.251849086415931,316.48980456143005,309.22269543857,2.322826896653054,311.7853333333333,314.43308908899024,4676.3,45.64980393752407,23.470582836078208
2026-04-03,315.5,86.25035055403922,1.4198235161628077,1.2166989826861476,0.20312453347666,316.78381245739206,309.378687542608,2.3652406251680977,311.9886666666667,314.627072890992,4676.3,45.64980393752407,22.537417366587608
2026-04-06,315.35,82.82681361759455,1.3932886601900805,1.2520169181869345,0.1412717420031461,317.02513233356143,309.5273676664386,2.39333963781897,312.1886666666667,314.75851418353886,4650.685,44.57189467404689,21.517090326098163
2026-04-07,315.45,83.30264731423776,1.3645985176451632,1.27453323807858,0.090065279566583,317.19545299670386,309.8170470032962,2.353511610504633,312.39033333333333,314.8842388774409,4705.655,47.440122796409625,19.710372206187685
2026-04-08,315.25,78.61123494742289,1.3106150895242763,1.2817496083677191,0.0288654811565569,317.2833312606104,310.1641687393896,2.2692456408610444,312.58699999999993,314.95074089972434,4719.285,48.1564853802886,17.536979822980452
2026-04-09,315.6,80.66355107285457,1.2813048243067442,1.2816606515555242,-0.00035582724878,317.3586130488431,310.5588869511569,2.165802385723021,312.802,315.06878800886534,4765.645,50.62165786523123,15.938176603922823
2026-04-10,315.55,79.4901179785048,1.239750572933417,1.2732786358311028,-0.0335280628976857,317.397382658979,310.95261734102104,2.05132977415706,313.0126666666667,315.15628109816254,4759.595,50.285616081096464,14.573503535121334
2026-04-13,315.55,79.4901179785048,1.193065611624604,1.2572360309898032,-0.064170419365199,317.39074284273875,311.3742571572613,1.913747007380306,313.22333333333336,315.22786635304203,4740.385,49.16949995567529,12.99311712819148
2026-04-14,315.55,79.4901179785048,1.1428928856803395,1.2343674019279105,-0.0914745162475709,317.29555845310244,311.8894415468976,1.7184506643371438,313.4125,315.2864361070344,4841.815,54.86582612779194,11.647759412767218
2026-04-15,315.55,79.4901179785048,1.0905593495623975,1.205605791454808,-0.1150464418924104,317.09147242389,312.51102757611,1.4550275285692076,313.57916666666665,315.3343568148463,4790.865,51.72984057549987,11.389154477948406
